order_id,order_date,order_time,pizza_id,size,quantity,unit_price,sales_amount,unit_cost,payment_method,order_type,branch_id
100001,01/01/2025,17:35,P026,XL,2,2800,5600,1750,Card,Takeaway,B001
100002,01/01/2025,21:35,P002,L,2,1275,2550,850,Card,Delivery,B001
100003,01/01/2025,21:42,P003,M,1,945,945,630,Cash,Takeaway,B002
100004,01/01/2025,18:33,P010,M,1,990,990,660,Online,Delivery,B003
100005,01/01/2025,16:52,P018,L,2,1330,2660,950,Online,Takeaway,B001
100006,01/01/2025,11:54,P008,M,3,930,2790,620,Online,Delivery,B001
100007,01/01/2025,14:22,P009,XL,3,1560,4680,1040,Cash,Dine-in,B001
100008,01/01/2025,19:14,P006,XL,2,1620,3240,1080,Online,Delivery,B002
100009,01/01/2025,13:17,P010,M,3,990,2970,660,Online,Dine-in,B001
100010,01/01/2025,12:11,P012,L,3,1750,5250,1250,Cash,Dine-in,B001
100011,01/01/2025,13:47,P013,L,1,1722,1722,1230,Online,Dine-in,B001
100012,01/01/2025,20:29,P001,M,2,900,1800,600,Online,Delivery,B002
100013,01/01/2025,18:57,P019,M,1,952,952,680,Online,Delivery,B001
100014,01/01/2025,20:35,P016,L,2,1170,2340,900,Card,Takeaway,B001
100015,01/01/2025,17:45,P017,XL,3,1708,5124,1220,Online,Dine-in,B002
100016,01/01/2025,17:55,P002,XL,1,1575,1575,1050,Card,Takeaway,B002
100017,01/01/2025,14:29,P005,XL,3,1590,4770,1060,Cash,Delivery,B001
100018,01/01/2025,12:02,P017,XL,3,1708,5124,1220,Card,Delivery,B001
100019,02/01/2025,17:27,P022,M,2,1200,2400,750,Card,Takeaway,B001
100020,02/01/2025,16:45,P007,XL,3,1665,4995,1110,Cash,Dine-in,B002
100021,02/01/2025,18:39,P018,S,1,490,490,350,Card,Dine-in,B003
100022,02/01/2025,11:41,P025,M,1,1680,1680,1050,Online,Dine-in,B002
100023,02/01/2025,18:51,P014,L,2,1792,3584,1280,Card,Dine-in,B003
100024,02/01/2025,21:39,P009,XL,2,1560,3120,1040,Online,Takeaway,B002
100025,02/01/2025,14:33,P019,S,1,532,532,380,Cash,Delivery,B002
100026,02/01/2025,13:43,P020,L,3,1400,4200,1000,Cash,Delivery,B001
100027,02/01/2025,14:24,P022,S,2,720,1440,450,Card,Delivery,B003
100028,02/01/2025,22:16,P005,L,3,1290,3870,860,Online,Dine-in,B003
100029,02/01/2025,19:00,P004,M,2,1050,2100,700,Online,Takeaway,B002
100030,02/01/2025,15:08,P021,L,3,1520,4560,950,Cash,Delivery,B001
100031,02/01/2025,14:21,P005,M,1,990,990,660,Online,Delivery,B001
100032,02/01/2025,16:33,P007,S,3,765,2295,510,Online,Delivery,B001
100033,02/01/2025,15:15,P011,S,3,840,2520,600,Card,Dine-in,B002
100034,02/01/2025,20:03,P025,L,3,2160,6480,1350,Cash,Dine-in,B002
100035,02/01/2025,20:02,P002,S,2,675,1350,450,Card,Takeaway,B003
100036,03/01/2025,13:17,P012,S,1,910,910,650,Card,Dine-in,B002
100037,03/01/2025,21:20,P006,XL,2,1620,3240,1080,Card,Takeaway,B003
100038,03/01/2025,17:37,P015,M,1,1400,1400,1000,Online,Takeaway,B003
100039,03/01/2025,12:28,P023,L,3,1840,5520,1150,Card,Delivery,B003
100040,03/01/2025,22:34,P021,M,1,1040,1040,650,Online,Dine-in,B003
100041,03/01/2025,17:46,P008,S,3,630,1890,420,Online,Takeaway,B002
100042,03/01/2025,19:26,P017,XL,2,1708,3416,1220,Online,Delivery,B002
100043,03/01/2025,13:53,P015,XL,3,2240,6720,1600,Cash,Delivery,B002
100044,03/01/2025,12:14,P024,S,1,1040,1040,650,Online,Delivery,B002
100045,03/01/2025,22:24,P007,S,2,765,1530,510,Cash,Dine-in,B001
100046,03/01/2025,18:31,P022,S,2,720,1440,450,Cash,Delivery,B002
100047,03/01/2025,11:39,P013,L,2,1722,3444,1230,Cash,Dine-in,B002
100048,03/01/2025,18:17,P022,M,1,1200,1200,750,Cash,Dine-in,B003
100049,03/01/2025,16:05,P024,XL,3,2480,7440,1550,Card,Dine-in,B002
100050,03/01/2025,17:20,P011,S,1,840,840,600,Cash,Takeaway,B001
100051,03/01/2025,16:24,P022,M,3,1200,3600,750,Cash,Takeaway,B002
100052,03/01/2025,16:15,P007,S,2,765,1530,510,Online,Takeaway,B002
100053,03/01/2025,11:08,P023,L,2,1840,3680,1150,Card,Delivery,B001
100054,04/01/2025,17:32,P025,XL,1,2640,2640,1650,Cash,Takeaway,B002
100055,04/01/2025,22:16,P001,M,2,900,1800,600,Card,Delivery,B001
100056,04/01/2025,19:02,P006,S,2,720,1440,480,Online,Takeaway,B003
100057,04/01/2025,21:17,P023,XL,1,2320,2320,1450,Card,Dine-in,B003
100058,04/01/2025,22:52,P022,S,3,720,2160,450,Online,Delivery,B001
100059,04/01/2025,18:40,P016,S,3,420,1260,300,Online,Dine-in,B002
100060,04/01/2025,21:15,P009,S,3,660,1980,440,Cash,Dine-in,B001
100061,04/01/2025,19:33,P022,XL,2,2160,4320,1350,Cash,Dine-in,B002
100062,04/01/2025,16:50,P022,S,3,720,2160,450,Cash,Dine-in,B003
100063,04/01/2025,22:54,P025,XL,1,2640,2640,1650,Online,Dine-in,B002
100064,04/01/2025,14:25,P021,L,1,1520,1520,950,Card,Delivery,B001
100065,04/01/2025,11:29,P019,XL,3,1792,5376,1280,Online,Takeaway,B003
100066,04/01/2025,16:17,P021,XL,2,2000,4000,1250,Cash,Takeaway,B002
100067,04/01/2025,17:12,P020,XL,2,1820,3640,1300,Online,Takeaway,B003
100068,04/01/2025,18:12,P025,L,2,2160,4320,1350,Card,Takeaway,B001
100069,04/01/2025,11:05,P010,XL,3,1590,4770,1060,Card,Takeaway,B001
100070,04/01/2025,18:55,P024,S,1,1040,1040,650,Online,Takeaway,B002
100071,05/01/2025,19:09,P010,S,3,690,2070,460,Online,Dine-in,B002
100072,05/01/2025,13:35,P020,L,1,1400,1400,1000,Card,Delivery,B001
100073,05/01/2025,19:36,P002,XL,2,1575,3150,1050,Online,Delivery,B002
100074,05/01/2025,15:36,P016,XL,2,1560,3120,1200,Cash,Takeaway,B003
100075,05/01/2025,22:19,P019,M,3,952,2856,680,Cash,Takeaway,B003
100076,05/01/2025,13:02,P015,L,2,1820,3640,1300,Online,Dine-in,B002
100077,05/01/2025,20:41,P006,L,3,1320,3960,880,Cash,Dine-in,B003
100078,05/01/2025,14:47,P024,M,1,1520,1520,950,Card,Takeaway,B003
100079,05/01/2025,13:29,P016,L,1,1170,1170,900,Card,Delivery,B001
100080,05/01/2025,15:53,P014,L,1,1792,1792,1280,Card,Delivery,B002
100081,05/01/2025,11:59,P002,L,1,1275,1275,850,Card,Dine-in,B001
100082,05/01/2025,18:15,P002,L,2,1275,2550,850,Card,Dine-in,B002
100083,05/01/2025,20:25,P020,L,2,1400,2800,1000,Cash,Dine-in,B002
100084,05/01/2025,21:48,P002,M,3,975,2925,650,Cash,Dine-in,B001
100085,05/01/2025,22:53,P013,S,1,882,882,630,Cash,Takeaway,B003
100086,05/01/2025,12:27,P024,S,2,1040,2080,650,Online,Dine-in,B002
100087,05/01/2025,16:21,P008,M,1,930,930,620,Card,Takeaway,B001
100088,06/01/2025,11:40,P023,XL,2,2320,4640,1450,Cash,Delivery,B001
100089,06/01/2025,22:32,P002,S,2,675,1350,450,Cash,Delivery,B001
100090,06/01/2025,21:55,P018,M,2,910,1820,650,Cash,Delivery,B001
100091,06/01/2025,17:20,P001,L,3,1200,3600,800,Cash,Dine-in,B002
100092,06/01/2025,15:50,P017,XL,1,1708,1708,1220,Card,Dine-in,B001
100093,06/01/2025,19:24,P012,S,3,910,2730,650,Card,Dine-in,B002
100094,06/01/2025,22:37,P007,L,2,1365,2730,910,Cash,Dine-in,B003
100095,06/01/2025,12:21,P020,XL,2,1820,3640,1300,Online,Dine-in,B001
100096,06/01/2025,14:30,P019,M,3,952,2856,680,Cash,Delivery,B002
100097,06/01/2025,13:18,P024,S,1,1040,1040,650,Online,Takeaway,B001
100098,06/01/2025,22:29,P023,L,1,1840,1840,1150,Card,Takeaway,B003
100099,06/01/2025,14:23,P002,L,3,1275,3825,850,Cash,Takeaway,B003
100100,06/01/2025,14:28,P020,XL,1,1820,1820,1300,Online,Takeaway,B003
100101,06/01/2025,13:40,P007,M,3,1065,3195,710,Card,Delivery,B001
100102,06/01/2025,17:44,P015,XL,1,2240,2240,1600,Cash,Dine-in,B002
100103,06/01/2025,20:44,P015,M,2,1400,2800,1000,Cash,Dine-in,B003
100104,06/01/2025,21:23,P005,L,1,1290,1290,860,Online,Dine-in,B003
100105,06/01/2025,21:48,P023,S,1,880,880,550,Card,Takeaway,B001
100106,07/01/2025,13:18,P001,XL,2,1500,3000,1000,Online,Takeaway,B001
100107,07/01/2025,15:50,P012,XL,3,2170,6510,1550,Cash,Delivery,B002
100108,07/01/2025,14:25,P006,M,2,1020,2040,680,Cash,Dine-in,B003
100109,07/01/2025,21:53,P020,S,3,560,1680,400,Online,Delivery,B002
100110,07/01/2025,11:52,P007,S,3,765,2295,510,Cash,Takeaway,B003
100111,07/01/2025,17:44,P001,XL,2,1500,3000,1000,Card,Takeaway,B002
100112,07/01/2025,11:01,P001,M,2,900,1800,600,Cash,Takeaway,B001
100113,07/01/2025,17:57,P024,M,1,1520,1520,950,Online,Delivery,B001
100114,07/01/2025,18:06,P023,S,2,880,1760,550,Online,Delivery,B002
100115,07/01/2025,17:55,P002,XL,1,1575,1575,1050,Online,Dine-in,B001
100116,07/01/2025,16:10,P021,S,3,560,1680,350,Cash,Delivery,B003
100117,07/01/2025,20:08,P022,L,1,1680,1680,1050,Cash,Dine-in,B001
100118,07/01/2025,19:56,P007,XL,2,1665,3330,1110,Card,Delivery,B002
100119,07/01/2025,13:47,P004,M,1,1050,1050,700,Online,Takeaway,B003
100120,07/01/2025,19:22,P026,S,3,1360,4080,850,Cash,Delivery,B001
100121,07/01/2025,16:56,P005,S,2,690,1380,460,Cash,Delivery,B002
100122,07/01/2025,12:16,P018,L,2,1330,2660,950,Card,Takeaway,B002
100123,08/01/2025,18:56,P017,L,1,1288,1288,920,Online,Dine-in,B002
100124,08/01/2025,13:20,P001,M,3,900,2700,600,Cash,Delivery,B003
100125,08/01/2025,11:32,P016,S,1,420,420,300,Online,Takeaway,B002
100126,08/01/2025,11:01,P023,M,2,1360,2720,850,Online,Takeaway,B001
100127,08/01/2025,19:50,P022,L,2,1680,3360,1050,Card,Delivery,B001
100128,08/01/2025,12:47,P005,M,1,990,990,660,Cash,Delivery,B003
100129,08/01/2025,13:45,P023,XL,3,2320,6960,1450,Online,Takeaway,B002
100130,08/01/2025,22:52,P018,M,1,910,910,650,Online,Delivery,B002
100131,08/01/2025,11:17,P008,XL,1,1530,1530,1020,Online,Takeaway,B003
100132,08/01/2025,12:18,P014,L,3,1792,5376,1280,Card,Dine-in,B003
100133,08/01/2025,14:07,P020,XL,1,1820,1820,1300,Cash,Delivery,B001
100134,08/01/2025,21:13,P017,L,1,1288,1288,920,Online,Takeaway,B001
100135,08/01/2025,18:18,P001,M,1,900,900,600,Online,Dine-in,B001
100136,08/01/2025,17:36,P022,XL,3,2160,6480,1350,Card,Takeaway,B001
100137,08/01/2025,20:41,P010,L,1,1290,1290,860,Card,Dine-in,B001
100138,08/01/2025,17:37,P022,S,3,720,2160,450,Online,Dine-in,B002
100139,08/01/2025,14:01,P004,S,1,750,750,500,Online,Delivery,B001
100140,08/01/2025,16:12,P017,S,3,448,1344,320,Cash,Dine-in,B001
100141,09/01/2025,16:57,P016,XL,3,1560,4680,1200,Card,Delivery,B003
100142,09/01/2025,20:43,P026,L,1,2320,2320,1450,Card,Takeaway,B001
100143,09/01/2025,18:15,P014,S,1,952,952,680,Cash,Dine-in,B003
100144,09/01/2025,17:35,P015,M,1,1400,1400,1000,Card,Delivery,B002
100145,09/01/2025,15:47,P019,S,3,532,1596,380,Cash,Delivery,B003
100146,09/01/2025,13:59,P014,S,1,952,952,680,Card,Delivery,B001
100147,09/01/2025,16:53,P009,S,1,660,660,440,Card,Delivery,B001
100148,09/01/2025,17:41,P009,M,1,960,960,640,Card,Delivery,B001
100149,09/01/2025,12:00,P003,M,2,945,1890,630,Cash,Takeaway,B002
100150,09/01/2025,17:03,P004,M,3,1050,3150,700,Card,Dine-in,B003
100151,09/01/2025,18:16,P026,M,2,1840,3680,1150,Online,Delivery,B002
100152,09/01/2025,17:16,P024,XL,3,2480,7440,1550,Card,Dine-in,B003
100153,09/01/2025,20:29,P015,M,1,1400,1400,1000,Online,Delivery,B003
100154,09/01/2025,12:07,P014,S,3,952,2856,680,Card,Dine-in,B002
100155,09/01/2025,14:16,P013,L,3,1722,5166,1230,Cash,Delivery,B003
100156,09/01/2025,22:23,P025,XL,2,2640,5280,1650,Online,Dine-in,B003
100157,09/01/2025,15:46,P005,S,2,690,1380,460,Card,Dine-in,B003
100158,10/01/2025,12:02,P007,L,1,1365,1365,910,Online,Takeaway,B001
100159,10/01/2025,13:00,P007,XL,2,1665,3330,1110,Cash,Takeaway,B002
100160,10/01/2025,19:20,P017,XL,3,1708,5124,1220,Online,Delivery,B002
100161,10/01/2025,19:55,P007,M,3,1065,3195,710,Cash,Takeaway,B002
100162,10/01/2025,22:31,P024,L,3,2000,6000,1250,Online,Dine-in,B001
100163,10/01/2025,13:53,P023,S,3,880,2640,550,Cash,Dine-in,B003
100164,10/01/2025,16:45,P007,M,1,1065,1065,710,Card,Dine-in,B002
100165,10/01/2025,15:30,P026,S,1,1360,1360,850,Card,Delivery,B001
100166,10/01/2025,15:05,P003,L,2,1245,2490,830,Online,Dine-in,B003
100167,10/01/2025,13:26,P017,L,1,1288,1288,920,Online,Dine-in,B001
100168,10/01/2025,16:50,P004,L,3,1350,4050,900,Card,Delivery,B003
100169,10/01/2025,16:45,P015,L,1,1820,1820,1300,Online,Delivery,B002
100170,10/01/2025,15:04,P016,S,2,420,840,300,Online,Takeaway,B001
100171,10/01/2025,15:26,P013,S,1,882,882,630,Online,Delivery,B002
100172,10/01/2025,13:01,P007,S,3,765,2295,510,Cash,Takeaway,B002
100173,10/01/2025,12:50,P022,S,2,720,1440,450,Cash,Dine-in,B002
100174,10/01/2025,17:07,P017,S,3,448,1344,320,Online,Takeaway,B001
100175,11/01/2025,14:45,P018,XL,3,1750,5250,1250,Cash,Dine-in,B001
100176,11/01/2025,15:31,P021,L,2,1520,3040,950,Cash,Delivery,B002
100177,11/01/2025,17:00,P021,M,3,1040,3120,650,Cash,Takeaway,B002
100178,11/01/2025,18:57,P021,XL,2,2000,4000,1250,Online,Takeaway,B003
100179,11/01/2025,18:33,P025,XL,2,2640,5280,1650,Online,Delivery,B003
100180,11/01/2025,17:50,P001,M,3,900,2700,600,Online,Takeaway,B001
100181,11/01/2025,18:07,P014,S,3,952,2856,680,Online,Dine-in,B002
100182,11/01/2025,19:07,P007,XL,2,1665,3330,1110,Online,Takeaway,B002
100183,11/01/2025,21:24,P012,M,2,1330,2660,950,Online,Delivery,B002
100184,11/01/2025,11:34,P020,M,1,980,980,700,Card,Dine-in,B003
100185,11/01/2025,18:59,P007,S,2,765,1530,510,Cash,Dine-in,B002
100186,11/01/2025,19:50,P024,S,3,1040,3120,650,Cash,Dine-in,B001
100187,11/01/2025,12:37,P021,M,2,1040,2080,650,Card,Dine-in,B002
100188,11/01/2025,13:22,P002,XL,2,1575,3150,1050,Online,Delivery,B003
100189,11/01/2025,20:32,P004,XL,2,1650,3300,1100,Card,Dine-in,B002
100190,11/01/2025,22:34,P026,XL,1,2800,2800,1750,Card,Takeaway,B003
100191,11/01/2025,11:51,P012,S,2,910,1820,650,Cash,Dine-in,B001
100192,11/01/2025,21:56,P003,L,3,1245,3735,830,Cash,Dine-in,B001
100193,12/01/2025,16:51,P023,XL,1,2320,2320,1450,Online,Takeaway,B001
100194,12/01/2025,12:23,P014,XL,1,2212,2212,1580,Cash,Dine-in,B003
100195,12/01/2025,15:52,P023,XL,1,2320,2320,1450,Card,Takeaway,B003
100196,12/01/2025,11:41,P002,XL,2,1575,3150,1050,Online,Dine-in,B002
100197,12/01/2025,21:09,P022,L,2,1680,3360,1050,Cash,Dine-in,B003
100198,12/01/2025,14:35,P019,S,1,532,532,380,Online,Takeaway,B001
100199,12/01/2025,18:55,P019,S,2,532,1064,380,Cash,Dine-in,B001
100200,12/01/2025,12:21,P024,M,1,1520,1520,950,Cash,Takeaway,B001
100201,12/01/2025,14:55,P020,M,3,980,2940,700,Online,Dine-in,B002
100202,12/01/2025,16:41,P007,M,3,1065,3195,710,Cash,Takeaway,B003
100203,12/01/2025,17:57,P007,M,3,1065,3195,710,Online,Takeaway,B001
100204,12/01/2025,11:01,P013,S,1,882,882,630,Online,Takeaway,B001
100205,12/01/2025,20:26,P005,L,1,1290,1290,860,Cash,Delivery,B001
100206,12/01/2025,16:10,P003,M,2,945,1890,630,Card,Dine-in,B003
100207,12/01/2025,21:12,P016,M,1,780,780,600,Online,Takeaway,B002
100208,12/01/2025,12:20,P008,S,2,630,1260,420,Cash,Dine-in,B003
100209,12/01/2025,16:29,P010,S,2,690,1380,460,Card,Dine-in,B002
100210,13/01/2025,16:10,P022,L,1,1680,1680,1050,Card,Dine-in,B001
100211,13/01/2025,17:00,P020,L,1,1400,1400,1000,Card,Takeaway,B001
100212,13/01/2025,18:40,P024,XL,2,2480,4960,1550,Cash,Delivery,B002
100213,13/01/2025,19:52,P019,XL,1,1792,1792,1280,Card,Delivery,B002
100214,13/01/2025,12:42,P021,XL,2,2000,4000,1250,Online,Takeaway,B003
100215,13/01/2025,19:31,P003,M,2,945,1890,630,Cash,Takeaway,B002
100216,13/01/2025,13:31,P010,S,3,690,2070,460,Online,Delivery,B002
100217,13/01/2025,16:14,P011,L,3,1680,5040,1200,Online,Takeaway,B003
100218,13/01/2025,18:04,P016,S,1,420,420,300,Online,Takeaway,B003
100219,13/01/2025,14:09,P010,L,2,1290,2580,860,Card,Delivery,B002
100220,13/01/2025,19:54,P019,XL,3,1792,5376,1280,Online,Delivery,B001
100221,13/01/2025,13:50,P002,L,1,1275,1275,850,Card,Dine-in,B003
100222,13/01/2025,22:09,P019,L,3,1372,4116,980,Card,Takeaway,B002
100223,13/01/2025,15:26,P017,L,1,1288,1288,920,Online,Takeaway,B001
100224,13/01/2025,17:23,P024,L,1,2000,2000,1250,Card,Delivery,B003
100225,13/01/2025,16:45,P012,XL,2,2170,4340,1550,Card,Takeaway,B003
100226,13/01/2025,12:06,P018,XL,3,1750,5250,1250,Card,Takeaway,B002
100227,13/01/2025,16:32,P008,M,1,930,930,620,Cash,Delivery,B002
100228,14/01/2025,22:53,P001,M,1,900,900,600,Card,Dine-in,B002
100229,14/01/2025,13:31,P018,XL,2,1750,3500,1250,Cash,Takeaway,B001
100230,14/01/2025,21:09,P026,L,2,2320,4640,1450,Online,Takeaway,B002
100231,14/01/2025,19:22,P020,XL,3,1820,5460,1300,Card,Takeaway,B001
100232,14/01/2025,16:45,P001,L,2,1200,2400,800,Card,Delivery,B003
100233,14/01/2025,20:29,P010,M,1,990,990,660,Online,Takeaway,B002
100234,14/01/2025,15:19,P009,M,2,960,1920,640,Card,Dine-in,B001
100235,14/01/2025,13:48,P023,L,2,1840,3680,1150,Cash,Delivery,B002
100236,14/01/2025,19:17,P014,M,2,1372,2744,980,Card,Takeaway,B002
100237,14/01/2025,14:23,P021,M,3,1040,3120,650,Card,Delivery,B003
100238,14/01/2025,12:22,P005,XL,3,1590,4770,1060,Cash,Takeaway,B003
100239,14/01/2025,12:54,P013,S,1,882,882,630,Card,Dine-in,B002
100240,14/01/2025,12:24,P010,M,3,990,2970,660,Online,Dine-in,B001
100241,14/01/2025,19:27,P016,S,2,420,840,300,Cash,Takeaway,B002
100242,14/01/2025,15:09,P023,S,2,880,1760,550,Online,Delivery,B002
100243,14/01/2025,22:43,P009,S,1,660,660,440,Online,Delivery,B003
100244,14/01/2025,19:09,P022,L,1,1680,1680,1050,Card,Dine-in,B002
100245,15/01/2025,13:43,P019,S,1,532,532,380,Online,Delivery,B002
100246,15/01/2025,15:09,P008,M,2,930,1860,620,Card,Takeaway,B002
100247,15/01/2025,17:57,P004,S,3,750,2250,500,Cash,Dine-in,B003
100248,15/01/2025,12:56,P001,S,2,600,1200,400,Card,Takeaway,B003
100249,15/01/2025,22:42,P020,XL,1,1820,1820,1300,Online,Delivery,B001
100250,15/01/2025,15:36,P015,L,1,1820,1820,1300,Online,Takeaway,B002
100251,15/01/2025,13:15,P020,L,3,1400,4200,1000,Cash,Takeaway,B002
100252,15/01/2025,12:56,P009,L,2,1260,2520,840,Cash,Dine-in,B001
100253,15/01/2025,22:02,P015,S,1,980,980,700,Card,Dine-in,B001
100254,15/01/2025,18:07,P020,L,2,1400,2800,1000,Cash,Dine-in,B001
100255,15/01/2025,15:19,P018,S,2,490,980,350,Cash,Takeaway,B001
100256,15/01/2025,20:18,P011,M,1,1260,1260,900,Cash,Delivery,B002
100257,15/01/2025,13:12,P022,M,3,1200,3600,750,Cash,Delivery,B002
100258,15/01/2025,22:39,P014,S,1,952,952,680,Online,Takeaway,B001
100259,15/01/2025,17:59,P012,M,3,1330,3990,950,Cash,Dine-in,B003
100260,15/01/2025,17:26,P022,XL,1,2160,2160,1350,Cash,Dine-in,B002
100261,15/01/2025,16:29,P014,S,2,952,1904,680,Online,Dine-in,B001
100262,16/01/2025,19:13,P009,S,3,660,1980,440,Online,Takeaway,B003
100263,16/01/2025,17:44,P014,S,3,952,2856,680,Card,Takeaway,B003
100264,16/01/2025,18:26,P025,L,1,2160,2160,1350,Card,Delivery,B003
100265,16/01/2025,14:28,P021,S,2,560,1120,350,Online,Takeaway,B003
100266,16/01/2025,11:08,P026,L,2,2320,4640,1450,Card,Takeaway,B001
100267,16/01/2025,20:20,P024,L,1,2000,2000,1250,Cash,Dine-in,B002
100268,16/01/2025,20:54,P003,XL,3,1545,4635,1030,Card,Dine-in,B002
100269,16/01/2025,20:12,P026,S,3,1360,4080,850,Cash,Dine-in,B001
100270,16/01/2025,13:00,P020,XL,2,1820,3640,1300,Card,Takeaway,B001
100271,16/01/2025,19:59,P009,XL,3,1560,4680,1040,Cash,Takeaway,B002
100272,16/01/2025,13:52,P018,S,3,490,1470,350,Online,Dine-in,B003
100273,16/01/2025,22:55,P014,L,2,1792,3584,1280,Card,Delivery,B001
100274,16/01/2025,16:42,P001,S,2,600,1200,400,Card,Dine-in,B003
100275,16/01/2025,18:25,P015,M,3,1400,4200,1000,Card,Delivery,B002
100276,16/01/2025,17:34,P019,S,2,532,1064,380,Cash,Takeaway,B003
100277,16/01/2025,22:09,P012,L,1,1750,1750,1250,Card,Dine-in,B001
100278,16/01/2025,18:13,P003,XL,1,1545,1545,1030,Online,Delivery,B003
100279,16/01/2025,11:17,P014,L,2,1792,3584,1280,Online,Takeaway,B003
100280,17/01/2025,20:34,P012,L,1,1750,1750,1250,Cash,Takeaway,B003
100281,17/01/2025,15:20,P004,M,3,1050,3150,700,Online,Takeaway,B003
100282,17/01/2025,22:38,P025,XL,2,2640,5280,1650,Online,Takeaway,B003
100283,17/01/2025,19:34,P009,XL,3,1560,4680,1040,Card,Dine-in,B001
100284,17/01/2025,13:33,P024,XL,1,2480,2480,1550,Cash,Delivery,B002
100285,17/01/2025,12:53,P015,M,3,1400,4200,1000,Card,Takeaway,B002
100286,17/01/2025,13:42,P017,S,1,448,448,320,Online,Delivery,B001
100287,17/01/2025,22:05,P012,L,2,1750,3500,1250,Online,Delivery,B001
100288,17/01/2025,19:52,P011,M,2,1260,2520,900,Card,Delivery,B001
100289,17/01/2025,22:27,P014,L,2,1792,3584,1280,Cash,Takeaway,B001
100290,17/01/2025,15:24,P017,S,2,448,896,320,Card,Dine-in,B001
100291,17/01/2025,17:06,P005,L,3,1290,3870,860,Card,Takeaway,B001
100292,17/01/2025,22:35,P003,L,3,1245,3735,830,Cash,Delivery,B002
100293,17/01/2025,20:19,P017,M,1,868,868,620,Online,Dine-in,B002
100294,17/01/2025,20:26,P017,XL,3,1708,5124,1220,Cash,Dine-in,B001
100295,17/01/2025,12:06,P019,XL,1,1792,1792,1280,Online,Dine-in,B003
100296,17/01/2025,14:37,P003,L,2,1245,2490,830,Online,Takeaway,B001
100297,18/01/2025,19:17,P019,M,3,952,2856,680,Cash,Takeaway,B002
100298,18/01/2025,13:15,P025,L,2,2160,4320,1350,Cash,Dine-in,B003
100299,18/01/2025,18:23,P013,L,1,1722,1722,1230,Online,Takeaway,B001
100300,18/01/2025,22:02,P003,M,3,945,2835,630,Online,Delivery,B003
100301,18/01/2025,13:13,P022,S,3,720,2160,450,Card,Delivery,B003
100302,18/01/2025,13:36,P010,XL,1,1590,1590,1060,Card,Delivery,B001
100303,18/01/2025,17:49,P014,S,2,952,1904,680,Cash,Delivery,B002
100304,18/01/2025,15:18,P022,S,2,720,1440,450,Card,Dine-in,B003
100305,18/01/2025,20:00,P016,L,3,1170,3510,900,Cash,Delivery,B002
100306,18/01/2025,13:54,P005,S,3,690,2070,460,Online,Takeaway,B003
100307,18/01/2025,16:37,P003,L,2,1245,2490,830,Card,Dine-in,B002
100308,18/01/2025,11:24,P003,XL,1,1545,1545,1030,Cash,Dine-in,B001
100309,18/01/2025,16:28,P020,S,3,560,1680,400,Online,Takeaway,B003
100310,18/01/2025,18:08,P019,L,2,1372,2744,980,Card,Dine-in,B001
100311,18/01/2025,22:09,P019,L,3,1372,4116,980,Cash,Takeaway,B003
100312,18/01/2025,20:15,P013,L,1,1722,1722,1230,Card,Takeaway,B003
100313,18/01/2025,19:29,P017,S,2,448,896,320,Cash,Dine-in,B001
100314,18/01/2025,17:34,P019,S,3,532,1596,380,Card,Delivery,B002
100315,19/01/2025,16:51,P007,M,2,1065,2130,710,Online,Delivery,B001
100316,19/01/2025,18:22,P018,M,1,910,910,650,Cash,Takeaway,B003
100317,19/01/2025,16:00,P001,S,1,600,600,400,Online,Delivery,B002
100318,19/01/2025,20:53,P022,XL,2,2160,4320,1350,Card,Delivery,B001
100319,19/01/2025,22:54,P009,M,1,960,960,640,Card,Delivery,B001
100320,19/01/2025,12:25,P016,XL,2,1560,3120,1200,Online,Takeaway,B002
100321,19/01/2025,22:57,P024,L,2,2000,4000,1250,Cash,Dine-in,B003
100322,19/01/2025,17:42,P007,M,3,1065,3195,710,Card,Delivery,B003
100323,19/01/2025,11:28,P009,L,3,1260,3780,840,Online,Takeaway,B003
100324,19/01/2025,14:57,P014,L,3,1792,5376,1280,Card,Takeaway,B003
100325,19/01/2025,13:18,P014,L,3,1792,5376,1280,Cash,Dine-in,B002
100326,19/01/2025,13:32,P016,XL,1,1560,1560,1200,Card,Takeaway,B002
100327,19/01/2025,16:26,P014,S,1,952,952,680,Card,Dine-in,B001
100328,19/01/2025,12:19,P002,XL,1,1575,1575,1050,Cash,Dine-in,B003
100329,19/01/2025,19:21,P008,L,2,1230,2460,820,Cash,Takeaway,B003
100330,19/01/2025,15:37,P017,L,3,1288,3864,920,Cash,Dine-in,B001
100331,19/01/2025,19:33,P014,S,2,952,1904,680,Cash,Takeaway,B002
100332,20/01/2025,14:46,P025,S,2,1200,2400,750,Online,Takeaway,B003
100333,20/01/2025,16:38,P018,L,2,1330,2660,950,Online,Takeaway,B002
100334,20/01/2025,22:28,P015,XL,1,2240,2240,1600,Online,Takeaway,B001
100335,20/01/2025,22:33,P006,M,3,1020,3060,680,Cash,Takeaway,B003
100336,20/01/2025,17:46,P005,L,1,1290,1290,860,Online,Delivery,B001
100337,20/01/2025,14:17,P005,L,3,1290,3870,860,Online,Takeaway,B002
100338,20/01/2025,18:57,P026,S,1,1360,1360,850,Cash,Dine-in,B003
100339,20/01/2025,11:01,P023,M,2,1360,2720,850,Online,Delivery,B002
100340,20/01/2025,15:35,P013,S,2,882,1764,630,Cash,Takeaway,B001
100341,20/01/2025,17:57,P023,L,2,1840,3680,1150,Cash,Dine-in,B001
100342,20/01/2025,12:51,P002,XL,1,1575,1575,1050,Online,Takeaway,B001
100343,20/01/2025,19:22,P001,L,2,1200,2400,800,Card,Delivery,B002
100344,20/01/2025,18:52,P013,XL,2,2142,4284,1530,Card,Dine-in,B003
100345,20/01/2025,13:01,P019,S,2,532,1064,380,Card,Takeaway,B002
100346,20/01/2025,17:38,P001,M,3,900,2700,600,Card,Dine-in,B001
100347,20/01/2025,22:05,P016,S,3,420,1260,300,Cash,Dine-in,B003
100348,20/01/2025,22:34,P025,M,1,1680,1680,1050,Online,Delivery,B001
100349,21/01/2025,13:05,P011,S,2,840,1680,600,Online,Dine-in,B002
100350,21/01/2025,15:06,P010,S,2,690,1380,460,Online,Dine-in,B001
100351,21/01/2025,11:37,P023,S,3,880,2640,550,Card,Takeaway,B001
100352,21/01/2025,18:01,P010,M,1,990,990,660,Cash,Dine-in,B001
100353,21/01/2025,13:59,P001,M,3,900,2700,600,Online,Delivery,B002
100354,21/01/2025,20:34,P016,S,2,420,840,300,Cash,Delivery,B003
100355,21/01/2025,14:58,P010,M,3,990,2970,660,Card,Delivery,B001
100356,21/01/2025,14:43,P020,M,3,980,2940,700,Cash,Takeaway,B002
100357,21/01/2025,12:50,P021,S,3,560,1680,350,Online,Dine-in,B003
100358,21/01/2025,19:28,P025,M,3,1680,5040,1050,Card,Takeaway,B003
100359,21/01/2025,20:21,P002,M,2,975,1950,650,Card,Dine-in,B003
100360,21/01/2025,20:32,P016,M,3,780,2340,600,Online,Dine-in,B001
100361,21/01/2025,11:21,P019,L,2,1372,2744,980,Online,Takeaway,B003
100362,21/01/2025,11:22,P015,L,2,1820,3640,1300,Cash,Delivery,B002
100363,21/01/2025,20:27,P023,M,3,1360,4080,850,Card,Takeaway,B003
100364,21/01/2025,12:36,P001,S,3,600,1800,400,Online,Takeaway,B002
100365,21/01/2025,14:23,P020,S,3,560,1680,400,Online,Dine-in,B001
100366,21/01/2025,12:15,P008,S,3,630,1890,420,Cash,Dine-in,B002
100367,22/01/2025,13:15,P025,M,3,1680,5040,1050,Card,Takeaway,B001
100368,22/01/2025,14:56,P017,XL,3,1708,5124,1220,Online,Dine-in,B002
100369,22/01/2025,11:44,P010,L,1,1290,1290,860,Online,Dine-in,B001
100370,22/01/2025,12:47,P001,L,3,1200,3600,800,Card,Dine-in,B001
100371,22/01/2025,18:48,P026,XL,2,2800,5600,1750,Card,Takeaway,B001
100372,22/01/2025,20:00,P014,M,1,1372,1372,980,Online,Dine-in,B003
100373,22/01/2025,13:09,P019,M,2,952,1904,680,Cash,Dine-in,B003
100374,22/01/2025,16:01,P002,L,1,1275,1275,850,Cash,Takeaway,B001
100375,22/01/2025,11:20,P010,XL,1,1590,1590,1060,Card,Dine-in,B003
100376,22/01/2025,19:23,P011,S,3,840,2520,600,Online,Dine-in,B002
100377,22/01/2025,17:49,P026,L,1,2320,2320,1450,Card,Dine-in,B001
100378,22/01/2025,19:13,P022,S,3,720,2160,450,Cash,Dine-in,B003
100379,22/01/2025,13:20,P016,M,3,780,2340,600,Cash,Takeaway,B002
100380,22/01/2025,13:44,P011,XL,2,2100,4200,1500,Card,Dine-in,B001
100381,22/01/2025,20:41,P002,M,2,975,1950,650,Cash,Dine-in,B001
100382,22/01/2025,14:51,P001,L,3,1200,3600,800,Online,Dine-in,B001
100383,22/01/2025,19:44,P004,S,1,750,750,500,Online,Delivery,B001
100384,23/01/2025,15:20,P021,S,1,560,560,350,Online,Takeaway,B001
100385,23/01/2025,17:19,P004,XL,3,1650,4950,1100,Card,Delivery,B001
100386,23/01/2025,18:57,P004,XL,2,1650,3300,1100,Online,Dine-in,B001
100387,23/01/2025,21:03,P024,XL,1,2480,2480,1550,Online,Takeaway,B002
100388,23/01/2025,16:57,P010,L,3,1290,3870,860,Cash,Takeaway,B002
100389,23/01/2025,15:31,P008,M,1,930,930,620,Online,Delivery,B002
100390,23/01/2025,11:48,P017,M,2,868,1736,620,Online,Delivery,B001
100391,23/01/2025,17:37,P025,L,1,2160,2160,1350,Card,Dine-in,B003
100392,23/01/2025,22:47,P008,L,3,1230,3690,820,Cash,Takeaway,B002
100393,23/01/2025,13:46,P012,XL,2,2170,4340,1550,Card,Dine-in,B003
100394,23/01/2025,22:23,P022,M,2,1200,2400,750,Cash,Dine-in,B002
100395,23/01/2025,11:34,P011,L,2,1680,3360,1200,Online,Dine-in,B002
100396,23/01/2025,21:30,P005,XL,1,1590,1590,1060,Online,Dine-in,B003
100397,23/01/2025,18:36,P004,L,1,1350,1350,900,Online,Delivery,B003
100398,23/01/2025,19:40,P015,XL,1,2240,2240,1600,Online,Delivery,B001
100399,23/01/2025,15:16,P008,L,1,1230,1230,820,Online,Takeaway,B003
100400,23/01/2025,15:46,P025,S,1,1200,1200,750,Cash,Delivery,B003
100401,23/01/2025,21:55,P012,S,3,910,2730,650,Online,Dine-in,B001
100402,24/01/2025,21:14,P005,L,1,1290,1290,860,Online,Takeaway,B001
100403,24/01/2025,21:15,P016,XL,3,1560,4680,1200,Cash,Takeaway,B002
100404,24/01/2025,21:27,P014,L,2,1792,3584,1280,Cash,Dine-in,B001
100405,24/01/2025,17:10,P020,L,1,1400,1400,1000,Online,Delivery,B003
100406,24/01/2025,11:59,P012,L,1,1750,1750,1250,Card,Delivery,B001
100407,24/01/2025,17:18,P002,XL,3,1575,4725,1050,Card,Delivery,B003
100408,24/01/2025,16:54,P011,XL,1,2100,2100,1500,Online,Dine-in,B002
100409,24/01/2025,22:48,P001,L,3,1200,3600,800,Cash,Takeaway,B001
100410,24/01/2025,16:49,P011,M,3,1260,3780,900,Card,Dine-in,B002
100411,24/01/2025,18:57,P005,S,1,690,690,460,Cash,Takeaway,B002
100412,24/01/2025,21:56,P022,XL,2,2160,4320,1350,Cash,Dine-in,B002
100413,24/01/2025,19:06,P003,XL,2,1545,3090,1030,Online,Takeaway,B003
100414,24/01/2025,12:34,P002,XL,3,1575,4725,1050,Card,Delivery,B002
100415,24/01/2025,16:29,P016,XL,2,1560,3120,1200,Card,Delivery,B003
100416,24/01/2025,11:07,P004,XL,3,1650,4950,1100,Cash,Delivery,B002
100417,24/01/2025,14:29,P009,XL,3,1560,4680,1040,Cash,Takeaway,B002
100418,24/01/2025,18:53,P018,L,2,1330,2660,950,Card,Delivery,B002
100419,25/01/2025,11:06,P002,M,3,975,2925,650,Card,Dine-in,B001
100420,25/01/2025,16:30,P015,S,2,980,1960,700,Cash,Delivery,B002
100421,25/01/2025,20:45,P018,XL,3,1750,5250,1250,Card,Dine-in,B001
100422,25/01/2025,22:47,P020,M,2,980,1960,700,Cash,Takeaway,B003
100423,25/01/2025,12:11,P012,XL,2,2170,4340,1550,Cash,Dine-in,B003
100424,25/01/2025,14:23,P025,S,3,1200,3600,750,Card,Dine-in,B002
100425,25/01/2025,12:01,P008,S,2,630,1260,420,Online,Delivery,B002
100426,25/01/2025,18:43,P003,S,1,645,645,430,Cash,Dine-in,B002
100427,25/01/2025,18:03,P022,XL,3,2160,6480,1350,Online,Takeaway,B001
100428,25/01/2025,11:52,P026,XL,3,2800,8400,1750,Cash,Takeaway,B003
100429,25/01/2025,16:25,P026,M,2,1840,3680,1150,Online,Dine-in,B003
100430,25/01/2025,22:30,P012,XL,2,2170,4340,1550,Online,Takeaway,B002
100431,25/01/2025,16:19,P012,S,2,910,1820,650,Card,Dine-in,B003
100432,25/01/2025,16:12,P022,M,3,1200,3600,750,Cash,Takeaway,B001
100433,25/01/2025,22:43,P022,L,2,1680,3360,1050,Card,Dine-in,B002
100434,25/01/2025,22:22,P019,S,3,532,1596,380,Online,Dine-in,B001
100435,25/01/2025,18:18,P012,L,3,1750,5250,1250,Online,Delivery,B001
100436,26/01/2025,17:57,P010,XL,2,1590,3180,1060,Online,Takeaway,B001
100437,26/01/2025,17:25,P003,M,1,945,945,630,Online,Dine-in,B001
100438,26/01/2025,11:06,P001,XL,3,1500,4500,1000,Online,Delivery,B001
100439,26/01/2025,15:35,P022,XL,3,2160,6480,1350,Online,Dine-in,B003
100440,26/01/2025,14:26,P005,L,2,1290,2580,860,Online,Delivery,B001
100441,26/01/2025,16:45,P007,S,1,765,765,510,Cash,Delivery,B003
100442,26/01/2025,16:13,P026,L,3,2320,6960,1450,Card,Delivery,B002
100443,26/01/2025,21:00,P001,M,2,900,1800,600,Online,Takeaway,B003
100444,26/01/2025,12:31,P017,M,2,868,1736,620,Cash,Takeaway,B003
100445,26/01/2025,12:41,P003,S,2,645,1290,430,Card,Dine-in,B003
100446,26/01/2025,12:14,P007,M,2,1065,2130,710,Online,Takeaway,B001
100447,26/01/2025,14:39,P015,XL,2,2240,4480,1600,Card,Takeaway,B003
100448,26/01/2025,14:05,P009,L,1,1260,1260,840,Online,Takeaway,B001
100449,26/01/2025,22:44,P019,XL,3,1792,5376,1280,Online,Takeaway,B002
100450,26/01/2025,18:10,P024,M,1,1520,1520,950,Online,Dine-in,B003
100451,26/01/2025,20:28,P015,S,2,980,1960,700,Card,Dine-in,B002
100452,26/01/2025,14:20,P023,XL,1,2320,2320,1450,Card,Delivery,B003
100453,26/01/2025,19:00,P014,XL,1,2212,2212,1580,Online,Dine-in,B003
100454,27/01/2025,18:05,P005,XL,2,1590,3180,1060,Online,Takeaway,B002
100455,27/01/2025,12:20,P020,XL,3,1820,5460,1300,Online,Delivery,B003
100456,27/01/2025,14:01,P020,XL,3,1820,5460,1300,Card,Takeaway,B002
100457,27/01/2025,12:16,P013,XL,1,2142,2142,1530,Card,Takeaway,B003
100458,27/01/2025,14:40,P009,S,1,660,660,440,Online,Delivery,B003
100459,27/01/2025,15:47,P006,M,1,1020,1020,680,Cash,Delivery,B003
100460,27/01/2025,13:36,P024,L,1,2000,2000,1250,Card,Takeaway,B003
100461,27/01/2025,14:19,P010,L,3,1290,3870,860,Online,Takeaway,B002
100462,27/01/2025,22:05,P020,XL,3,1820,5460,1300,Cash,Delivery,B003
100463,27/01/2025,19:34,P009,S,1,660,660,440,Online,Dine-in,B001
100464,27/01/2025,14:54,P013,S,3,882,2646,630,Card,Dine-in,B002
100465,27/01/2025,21:33,P016,L,1,1170,1170,900,Cash,Delivery,B001
100466,27/01/2025,20:09,P023,M,2,1360,2720,850,Online,Takeaway,B002
100467,27/01/2025,15:46,P018,M,1,910,910,650,Online,Dine-in,B003
100468,27/01/2025,13:58,P009,S,2,660,1320,440,Cash,Delivery,B001
100469,27/01/2025,20:55,P002,L,2,1275,2550,850,Cash,Delivery,B001
100470,27/01/2025,15:27,P005,M,2,990,1980,660,Online,Delivery,B002
100471,28/01/2025,13:58,P003,XL,1,1545,1545,1030,Online,Delivery,B002
100472,28/01/2025,15:23,P025,M,2,1680,3360,1050,Online,Takeaway,B001
100473,28/01/2025,13:54,P008,L,3,1230,3690,820,Cash,Dine-in,B003
100474,28/01/2025,15:20,P020,S,1,560,560,400,Cash,Takeaway,B001
100475,28/01/2025,20:53,P017,L,3,1288,3864,920,Online,Dine-in,B003
100476,28/01/2025,19:57,P004,S,1,750,750,500,Cash,Delivery,B002
100477,28/01/2025,18:04,P012,L,3,1750,5250,1250,Card,Delivery,B002
100478,28/01/2025,17:28,P009,XL,3,1560,4680,1040,Card,Takeaway,B001
100479,28/01/2025,17:05,P022,XL,3,2160,6480,1350,Cash,Takeaway,B001
100480,28/01/2025,16:43,P002,L,3,1275,3825,850,Card,Takeaway,B003
100481,28/01/2025,19:29,P004,L,3,1350,4050,900,Cash,Dine-in,B001
100482,28/01/2025,17:04,P006,XL,1,1620,1620,1080,Cash,Delivery,B001
100483,28/01/2025,20:54,P024,XL,3,2480,7440,1550,Online,Dine-in,B002
100484,28/01/2025,12:51,P008,M,1,930,930,620,Cash,Takeaway,B002
100485,28/01/2025,12:23,P003,S,1,645,645,430,Online,Delivery,B002
100486,28/01/2025,13:38,P005,L,3,1290,3870,860,Cash,Dine-in,B001
100487,28/01/2025,17:27,P025,XL,3,2640,7920,1650,Online,Dine-in,B001
100488,28/01/2025,20:00,P013,S,3,882,2646,630,Online,Takeaway,B002
100489,29/01/2025,18:42,P023,S,3,880,2640,550,Online,Dine-in,B001
100490,29/01/2025,14:30,P007,XL,2,1665,3330,1110,Cash,Delivery,B003
100491,29/01/2025,11:30,P014,S,2,952,1904,680,Online,Delivery,B001
100492,29/01/2025,20:59,P024,S,1,1040,1040,650,Cash,Dine-in,B001
100493,29/01/2025,15:53,P026,S,1,1360,1360,850,Cash,Delivery,B001
100494,29/01/2025,13:04,P014,S,3,952,2856,680,Online,Dine-in,B002
100495,29/01/2025,20:58,P002,L,3,1275,3825,850,Online,Dine-in,B001
100496,29/01/2025,12:44,P009,XL,1,1560,1560,1040,Card,Takeaway,B001
100497,29/01/2025,16:38,P021,M,3,1040,3120,650,Card,Dine-in,B003
100498,29/01/2025,21:03,P001,S,3,600,1800,400,Card,Delivery,B001
100499,29/01/2025,16:48,P002,S,1,675,675,450,Online,Dine-in,B002
100500,29/01/2025,17:35,P011,S,2,840,1680,600,Card,Delivery,B002
100501,29/01/2025,21:08,P012,L,2,1750,3500,1250,Card,Dine-in,B001
100502,29/01/2025,17:51,P020,XL,3,1820,5460,1300,Card,Dine-in,B002
100503,29/01/2025,12:14,P019,M,1,952,952,680,Online,Dine-in,B002
100504,29/01/2025,19:26,P019,XL,3,1792,5376,1280,Card,Dine-in,B003
100505,29/01/2025,13:53,P010,S,1,690,690,460,Online,Takeaway,B003
100506,30/01/2025,22:22,P024,XL,2,2480,4960,1550,Cash,Delivery,B001
100507,30/01/2025,22:28,P011,XL,3,2100,6300,1500,Online,Dine-in,B003
100508,30/01/2025,13:51,P023,S,3,880,2640,550,Online,Dine-in,B001
100509,30/01/2025,21:37,P012,M,1,1330,1330,950,Online,Delivery,B002
100510,30/01/2025,11:42,P014,XL,2,2212,4424,1580,Online,Delivery,B002
100511,30/01/2025,14:46,P009,L,3,1260,3780,840,Card,Dine-in,B003
100512,30/01/2025,17:42,P009,XL,3,1560,4680,1040,Cash,Takeaway,B003
100513,30/01/2025,17:53,P018,M,2,910,1820,650,Online,Takeaway,B001
100514,30/01/2025,19:15,P013,M,1,1302,1302,930,Online,Dine-in,B003
100515,30/01/2025,21:47,P010,XL,3,1590,4770,1060,Card,Dine-in,B002
100516,30/01/2025,22:41,P015,S,3,980,2940,700,Card,Delivery,B002
100517,30/01/2025,19:07,P003,XL,2,1545,3090,1030,Cash,Delivery,B003
100518,30/01/2025,20:58,P013,M,2,1302,2604,930,Online,Delivery,B001
100519,30/01/2025,12:14,P005,S,1,690,690,460,Card,Delivery,B002
100520,30/01/2025,21:11,P023,S,3,880,2640,550,Cash,Delivery,B002
100521,30/01/2025,11:05,P001,S,1,600,600,400,Online,Delivery,B003
100522,30/01/2025,16:52,P023,XL,2,2320,4640,1450,Cash,Delivery,B001
100523,31/01/2025,18:41,P007,L,3,1365,4095,910,Cash,Dine-in,B002
100524,31/01/2025,14:59,P017,XL,2,1708,3416,1220,Card,Takeaway,B001
100525,31/01/2025,20:22,P022,S,2,720,1440,450,Cash,Delivery,B001
100526,31/01/2025,20:04,P014,M,1,1372,1372,980,Card,Delivery,B002
100527,31/01/2025,20:41,P010,XL,3,1590,4770,1060,Card,Takeaway,B001
100528,31/01/2025,22:17,P003,L,3,1245,3735,830,Cash,Takeaway,B003
100529,31/01/2025,14:16,P026,M,1,1840,1840,1150,Card,Delivery,B002
100530,31/01/2025,18:53,P026,S,1,1360,1360,850,Cash,Dine-in,B003
100531,31/01/2025,20:50,P009,L,2,1260,2520,840,Card,Dine-in,B001
100532,31/01/2025,18:29,P021,XL,3,2000,6000,1250,Cash,Dine-in,B003
100533,31/01/2025,21:33,P004,M,3,1050,3150,700,Online,Takeaway,B001
100534,31/01/2025,20:57,P021,XL,3,2000,6000,1250,Online,Delivery,B003
100535,31/01/2025,14:31,P002,S,3,675,2025,450,Online,Delivery,B003
100536,31/01/2025,13:24,P009,M,1,960,960,640,Online,Delivery,B003
100537,31/01/2025,14:38,P011,M,2,1260,2520,900,Online,Delivery,B002
100538,31/01/2025,21:32,P024,L,2,2000,4000,1250,Cash,Takeaway,B001
100539,31/01/2025,14:29,P007,S,1,765,765,510,Online,Takeaway,B003
100540,31/01/2025,16:22,P019,L,1,1372,1372,980,Online,Delivery,B001
100541,01/02/2025,11:51,P020,S,3,560,1680,400,Cash,Dine-in,B002
100542,01/02/2025,21:43,P004,M,1,1050,1050,700,Cash,Delivery,B001
100543,01/02/2025,22:22,P017,S,1,448,448,320,Online,Delivery,B003
100544,01/02/2025,13:51,P012,L,1,1750,1750,1250,Card,Dine-in,B002
100545,01/02/2025,13:16,P015,M,3,1400,4200,1000,Cash,Dine-in,B003
100546,01/02/2025,13:32,P020,S,3,560,1680,400,Online,Delivery,B003
100547,01/02/2025,14:53,P020,XL,1,1820,1820,1300,Cash,Dine-in,B003
100548,01/02/2025,20:01,P011,M,3,1260,3780,900,Cash,Dine-in,B003
100549,01/02/2025,20:30,P026,XL,2,2800,5600,1750,Online,Dine-in,B001
100550,01/02/2025,15:58,P019,XL,1,1792,1792,1280,Card,Delivery,B001
100551,01/02/2025,20:40,P022,S,3,720,2160,450,Card,Takeaway,B001
100552,01/02/2025,16:00,P006,XL,2,1620,3240,1080,Online,Takeaway,B001
100553,01/02/2025,21:53,P014,L,2,1792,3584,1280,Online,Delivery,B002
100554,01/02/2025,22:31,P002,M,1,975,975,650,Cash,Delivery,B003
100555,01/02/2025,22:59,P021,XL,2,2000,4000,1250,Online,Dine-in,B002
100556,01/02/2025,19:03,P009,XL,3,1560,4680,1040,Online,Dine-in,B003
100557,01/02/2025,16:14,P012,L,2,1750,3500,1250,Online,Takeaway,B002
100558,02/02/2025,22:50,P013,XL,3,2142,6426,1530,Online,Dine-in,B002
100559,02/02/2025,11:30,P022,XL,2,2160,4320,1350,Online,Takeaway,B001
100560,02/02/2025,11:21,P005,M,1,990,990,660,Card,Takeaway,B002
100561,02/02/2025,19:30,P009,XL,3,1560,4680,1040,Card,Delivery,B001
100562,02/02/2025,13:15,P005,L,1,1290,1290,860,Online,Dine-in,B002
100563,02/02/2025,11:39,P019,M,1,952,952,680,Online,Dine-in,B003
100564,02/02/2025,14:38,P023,M,1,1360,1360,850,Online,Delivery,B003
100565,02/02/2025,16:23,P007,M,3,1065,3195,710,Cash,Dine-in,B003
100566,02/02/2025,14:37,P008,XL,3,1530,4590,1020,Card,Delivery,B003
100567,02/02/2025,19:19,P021,S,2,560,1120,350,Cash,Delivery,B002
100568,02/02/2025,18:19,P002,XL,2,1575,3150,1050,Card,Takeaway,B003
100569,02/02/2025,21:16,P009,M,2,960,1920,640,Online,Dine-in,B001
100570,02/02/2025,16:31,P001,S,2,600,1200,400,Card,Delivery,B002
100571,02/02/2025,13:47,P024,XL,2,2480,4960,1550,Online,Dine-in,B002
100572,02/02/2025,16:34,P010,S,1,690,690,460,Cash,Delivery,B002
100573,02/02/2025,14:30,P001,XL,1,1500,1500,1000,Card,Dine-in,B002
100574,02/02/2025,11:48,P026,M,2,1840,3680,1150,Card,Takeaway,B002
100575,02/02/2025,19:18,P016,XL,3,1560,4680,1200,Cash,Delivery,B002
100576,03/02/2025,15:59,P026,M,2,1840,3680,1150,Card,Dine-in,B002
100577,03/02/2025,12:50,P019,M,1,952,952,680,Cash,Dine-in,B001
100578,03/02/2025,18:41,P012,M,2,1330,2660,950,Cash,Takeaway,B003
100579,03/02/2025,20:12,P024,M,1,1520,1520,950,Card,Takeaway,B002
100580,03/02/2025,22:19,P021,S,2,560,1120,350,Card,Dine-in,B003
100581,03/02/2025,22:37,P001,M,1,900,900,600,Cash,Dine-in,B001
100582,03/02/2025,15:19,P001,L,3,1200,3600,800,Cash,Delivery,B002
100583,03/02/2025,14:40,P022,L,3,1680,5040,1050,Cash,Delivery,B001
100584,03/02/2025,22:01,P003,L,3,1245,3735,830,Cash,Dine-in,B002
100585,03/02/2025,17:41,P020,S,2,560,1120,400,Card,Delivery,B001
100586,03/02/2025,15:12,P008,S,2,630,1260,420,Online,Dine-in,B002
100587,03/02/2025,12:25,P005,M,3,990,2970,660,Card,Delivery,B001
100588,03/02/2025,16:36,P005,XL,2,1590,3180,1060,Card,Dine-in,B002
100589,03/02/2025,17:42,P013,M,3,1302,3906,930,Cash,Delivery,B003
100590,03/02/2025,12:52,P020,S,3,560,1680,400,Cash,Takeaway,B003
100591,03/02/2025,11:56,P025,XL,1,2640,2640,1650,Card,Dine-in,B002
100592,03/02/2025,11:51,P021,M,2,1040,2080,650,Card,Dine-in,B003
100593,04/02/2025,22:00,P023,XL,1,2320,2320,1450,Cash,Delivery,B001
100594,04/02/2025,19:19,P015,S,3,980,2940,700,Online,Dine-in,B003
100595,04/02/2025,20:13,P006,M,1,1020,1020,680,Cash,Takeaway,B001
100596,04/02/2025,13:56,P024,XL,3,2480,7440,1550,Card,Takeaway,B003
100597,04/02/2025,15:35,P021,XL,1,2000,2000,1250,Card,Dine-in,B003
100598,04/02/2025,19:50,P023,L,3,1840,5520,1150,Card,Dine-in,B003
100599,04/02/2025,11:10,P008,L,1,1230,1230,820,Cash,Dine-in,B001
100600,04/02/2025,11:53,P006,S,1,720,720,480,Card,Delivery,B003
100601,04/02/2025,18:45,P017,S,1,448,448,320,Card,Dine-in,B001
100602,04/02/2025,12:25,P004,XL,1,1650,1650,1100,Card,Dine-in,B002
100603,04/02/2025,13:23,P012,XL,3,2170,6510,1550,Online,Dine-in,B001
100604,04/02/2025,13:43,P010,M,1,990,990,660,Cash,Delivery,B003
100605,04/02/2025,16:36,P021,XL,3,2000,6000,1250,Card,Dine-in,B001
100606,04/02/2025,18:49,P019,S,1,532,532,380,Card,Delivery,B001
100607,04/02/2025,17:37,P007,S,3,765,2295,510,Cash,Takeaway,B002
100608,04/02/2025,22:20,P003,M,3,945,2835,630,Cash,Delivery,B003
100609,04/02/2025,20:45,P020,XL,3,1820,5460,1300,Card,Takeaway,B003
100610,05/02/2025,16:58,P019,M,3,952,2856,680,Cash,Dine-in,B003
100611,05/02/2025,12:42,P016,XL,3,1560,4680,1200,Card,Takeaway,B003
100612,05/02/2025,13:12,P016,XL,1,1560,1560,1200,Online,Delivery,B001
100613,05/02/2025,16:51,P001,M,1,900,900,600,Card,Delivery,B003
100614,05/02/2025,19:19,P020,S,2,560,1120,400,Online,Takeaway,B001
100615,05/02/2025,13:28,P012,XL,1,2170,2170,1550,Cash,Delivery,B001
100616,05/02/2025,13:11,P012,S,1,910,910,650,Online,Delivery,B001
100617,05/02/2025,16:31,P006,XL,3,1620,4860,1080,Card,Takeaway,B003
100618,05/02/2025,17:31,P005,M,3,990,2970,660,Card,Dine-in,B002
100619,05/02/2025,13:52,P021,S,1,560,560,350,Online,Dine-in,B003
100620,05/02/2025,12:49,P015,L,3,1820,5460,1300,Cash,Delivery,B003
100621,05/02/2025,22:56,P026,S,3,1360,4080,850,Cash,Delivery,B003
100622,05/02/2025,21:43,P023,L,1,1840,1840,1150,Card,Delivery,B001
100623,05/02/2025,22:18,P025,S,3,1200,3600,750,Cash,Delivery,B002
100624,05/02/2025,21:35,P015,S,2,980,1960,700,Cash,Delivery,B003
100625,05/02/2025,14:57,P018,XL,1,1750,1750,1250,Card,Delivery,B001
100626,05/02/2025,17:11,P022,XL,1,2160,2160,1350,Online,Takeaway,B002
100627,05/02/2025,15:45,P016,S,3,420,1260,300,Cash,Takeaway,B001
100628,06/02/2025,17:11,P008,XL,1,1530,1530,1020,Card,Delivery,B002
100629,06/02/2025,11:11,P004,M,2,1050,2100,700,Cash,Delivery,B001
100630,06/02/2025,11:08,P024,M,2,1520,3040,950,Cash,Dine-in,B003
100631,06/02/2025,19:41,P004,L,3,1350,4050,900,Cash,Takeaway,B003
100632,06/02/2025,17:22,P020,XL,2,1820,3640,1300,Cash,Dine-in,B001
100633,06/02/2025,12:37,P017,M,3,868,2604,620,Cash,Delivery,B001
100634,06/02/2025,17:09,P016,S,3,420,1260,300,Cash,Delivery,B003
100635,06/02/2025,11:49,P021,M,2,1040,2080,650,Online,Takeaway,B001
100636,06/02/2025,21:27,P025,L,2,2160,4320,1350,Card,Takeaway,B001
100637,06/02/2025,18:28,P001,XL,2,1500,3000,1000,Online,Delivery,B002
100638,06/02/2025,21:29,P021,XL,1,2000,2000,1250,Card,Delivery,B001
100639,06/02/2025,17:00,P011,XL,1,2100,2100,1500,Online,Takeaway,B001
100640,06/02/2025,16:39,P019,L,2,1372,2744,980,Online,Dine-in,B001
100641,06/02/2025,17:49,P023,S,3,880,2640,550,Cash,Delivery,B002
100642,06/02/2025,12:57,P016,S,1,420,420,300,Cash,Dine-in,B001
100643,06/02/2025,22:00,P021,L,2,1520,3040,950,Online,Delivery,B003
100644,06/02/2025,20:23,P018,XL,1,1750,1750,1250,Card,Delivery,B003
100645,07/02/2025,11:27,P016,L,3,1170,3510,900,Card,Takeaway,B001
100646,07/02/2025,11:20,P008,XL,3,1530,4590,1020,Card,Takeaway,B002
100647,07/02/2025,17:28,P011,L,3,1680,5040,1200,Online,Takeaway,B003
100648,07/02/2025,22:15,P011,XL,2,2100,4200,1500,Cash,Takeaway,B003
100649,07/02/2025,12:39,P003,L,3,1245,3735,830,Cash,Dine-in,B002
100650,07/02/2025,13:11,P025,S,1,1200,1200,750,Card,Dine-in,B002
100651,07/02/2025,22:04,P020,XL,3,1820,5460,1300,Cash,Takeaway,B003
100652,07/02/2025,22:40,P016,L,3,1170,3510,900,Online,Delivery,B001
100653,07/02/2025,14:02,P017,M,2,868,1736,620,Cash,Delivery,B001
100654,07/02/2025,19:40,P006,M,3,1020,3060,680,Online,Takeaway,B001
100655,07/02/2025,18:51,P013,L,2,1722,3444,1230,Card,Takeaway,B002
100656,07/02/2025,13:11,P020,L,3,1400,4200,1000,Card,Takeaway,B001
100657,07/02/2025,13:31,P024,S,2,1040,2080,650,Cash,Dine-in,B003
100658,07/02/2025,16:26,P017,S,2,448,896,320,Card,Dine-in,B001
100659,07/02/2025,15:34,P023,XL,1,2320,2320,1450,Cash,Takeaway,B002
100660,07/02/2025,21:24,P010,L,3,1290,3870,860,Cash,Dine-in,B002
100661,07/02/2025,15:58,P021,S,2,560,1120,350,Online,Takeaway,B003
100662,07/02/2025,16:30,P003,L,3,1245,3735,830,Cash,Dine-in,B002
100663,08/02/2025,21:52,P025,M,3,1680,5040,1050,Online,Dine-in,B001
100664,08/02/2025,21:58,P026,S,1,1360,1360,850,Cash,Takeaway,B003
100665,08/02/2025,11:10,P008,S,3,630,1890,420,Online,Delivery,B003
100666,08/02/2025,11:38,P005,M,2,990,1980,660,Online,Dine-in,B001
100667,08/02/2025,22:24,P010,L,3,1290,3870,860,Online,Delivery,B003
100668,08/02/2025,15:38,P018,L,3,1330,3990,950,Online,Takeaway,B003
100669,08/02/2025,16:14,P017,L,1,1288,1288,920,Cash,Dine-in,B003
100670,08/02/2025,18:48,P010,L,2,1290,2580,860,Cash,Delivery,B001
100671,08/02/2025,13:22,P009,M,3,960,2880,640,Card,Takeaway,B003
100672,08/02/2025,21:22,P017,L,1,1288,1288,920,Online,Delivery,B001
100673,08/02/2025,15:56,P010,XL,1,1590,1590,1060,Cash,Takeaway,B002
100674,08/02/2025,22:57,P011,XL,3,2100,6300,1500,Card,Dine-in,B001
100675,08/02/2025,18:17,P015,M,1,1400,1400,1000,Online,Dine-in,B003
100676,08/02/2025,17:21,P002,L,3,1275,3825,850,Card,Dine-in,B001
100677,08/02/2025,13:44,P008,M,1,930,930,620,Card,Dine-in,B002
100678,08/02/2025,15:47,P014,S,3,952,2856,680,Card,Delivery,B001
100679,08/02/2025,21:12,P020,S,2,560,1120,400,Online,Delivery,B001
100680,09/02/2025,15:39,P009,L,2,1260,2520,840,Card,Delivery,B001
100681,09/02/2025,19:09,P006,L,3,1320,3960,880,Card,Dine-in,B001
100682,09/02/2025,14:05,P016,M,1,780,780,600,Cash,Takeaway,B002
100683,09/02/2025,18:51,P005,L,1,1290,1290,860,Online,Takeaway,B002
100684,09/02/2025,16:48,P014,S,1,952,952,680,Online,Dine-in,B001
100685,09/02/2025,18:32,P005,M,1,990,990,660,Card,Dine-in,B001
100686,09/02/2025,17:13,P018,XL,2,1750,3500,1250,Online,Delivery,B003
100687,09/02/2025,18:19,P026,XL,1,2800,2800,1750,Cash,Dine-in,B001
100688,09/02/2025,12:32,P011,L,1,1680,1680,1200,Card,Dine-in,B001
100689,09/02/2025,18:38,P002,S,1,675,675,450,Cash,Takeaway,B002
100690,09/02/2025,22:27,P010,L,2,1290,2580,860,Cash,Dine-in,B003
100691,09/02/2025,14:44,P012,S,2,910,1820,650,Card,Takeaway,B002
100692,09/02/2025,15:22,P007,S,2,765,1530,510,Card,Delivery,B002
100693,09/02/2025,20:28,P025,M,1,1680,1680,1050,Cash,Delivery,B001
100694,09/02/2025,15:52,P019,M,1,952,952,680,Online,Takeaway,B003
100695,09/02/2025,16:18,P012,S,3,910,2730,650,Online,Delivery,B002
100696,09/02/2025,14:30,P013,M,2,1302,2604,930,Cash,Delivery,B003
100697,10/02/2025,19:17,P014,XL,2,2212,4424,1580,Cash,Delivery,B003
100698,10/02/2025,11:16,P009,S,3,660,1980,440,Online,Delivery,B001
100699,10/02/2025,18:14,P023,L,2,1840,3680,1150,Card,Dine-in,B003
100700,10/02/2025,16:44,P005,L,3,1290,3870,860,Card,Dine-in,B003
100701,10/02/2025,16:39,P015,XL,1,2240,2240,1600,Cash,Dine-in,B003
100702,10/02/2025,19:40,P018,S,2,490,980,350,Online,Delivery,B001
100703,10/02/2025,13:01,P018,M,3,910,2730,650,Cash,Dine-in,B002
100704,10/02/2025,15:31,P003,XL,1,1545,1545,1030,Card,Delivery,B002
100705,10/02/2025,13:05,P018,S,2,490,980,350,Cash,Delivery,B003
100706,10/02/2025,18:55,P019,M,2,952,1904,680,Online,Delivery,B001
100707,10/02/2025,11:43,P026,S,3,1360,4080,850,Card,Delivery,B001
100708,10/02/2025,22:59,P021,M,3,1040,3120,650,Online,Dine-in,B003
100709,10/02/2025,20:06,P005,S,3,690,2070,460,Cash,Dine-in,B003
100710,10/02/2025,14:54,P008,M,3,930,2790,620,Card,Takeaway,B003
100711,10/02/2025,15:30,P013,S,1,882,882,630,Card,Dine-in,B001
100712,10/02/2025,16:38,P015,XL,1,2240,2240,1600,Cash,Takeaway,B002
100713,10/02/2025,22:17,P007,XL,2,1665,3330,1110,Online,Dine-in,B002
100714,10/02/2025,21:14,P010,L,2,1290,2580,860,Card,Dine-in,B001
100715,11/02/2025,14:25,P020,S,1,560,560,400,Card,Delivery,B003
100716,11/02/2025,15:54,P013,M,1,1302,1302,930,Card,Takeaway,B003
100717,11/02/2025,16:09,P012,S,3,910,2730,650,Cash,Dine-in,B001
100718,11/02/2025,15:55,P008,L,2,1230,2460,820,Card,Dine-in,B001
100719,11/02/2025,17:25,P005,L,1,1290,1290,860,Online,Takeaway,B002
100720,11/02/2025,22:01,P013,M,2,1302,2604,930,Online,Dine-in,B002
100721,11/02/2025,14:43,P006,M,3,1020,3060,680,Card,Takeaway,B002
100722,11/02/2025,12:14,P021,S,2,560,1120,350,Card,Takeaway,B001
100723,11/02/2025,20:08,P002,L,2,1275,2550,850,Card,Dine-in,B002
100724,11/02/2025,15:14,P026,XL,2,2800,5600,1750,Cash,Takeaway,B003
100725,11/02/2025,17:59,P010,S,2,690,1380,460,Online,Dine-in,B003
100726,11/02/2025,17:43,P012,XL,1,2170,2170,1550,Online,Delivery,B002
100727,11/02/2025,19:34,P013,L,1,1722,1722,1230,Card,Delivery,B003
100728,11/02/2025,18:08,P020,L,1,1400,1400,1000,Card,Delivery,B001
100729,11/02/2025,11:07,P025,S,1,1200,1200,750,Online,Takeaway,B002
100730,11/02/2025,17:20,P026,L,1,2320,2320,1450,Cash,Dine-in,B001
100731,11/02/2025,21:43,P018,XL,1,1750,1750,1250,Card,Takeaway,B003
100732,12/02/2025,16:48,P007,S,2,765,1530,510,Online,Dine-in,B001
100733,12/02/2025,18:15,P016,XL,3,1560,4680,1200,Card,Delivery,B001
100734,12/02/2025,21:07,P004,M,2,1050,2100,700,Cash,Takeaway,B001
100735,12/02/2025,16:27,P013,S,1,882,882,630,Online,Delivery,B003
100736,12/02/2025,17:34,P008,M,2,930,1860,620,Cash,Dine-in,B002
100737,12/02/2025,22:24,P001,L,1,1200,1200,800,Card,Takeaway,B001
100738,12/02/2025,19:29,P023,L,2,1840,3680,1150,Card,Dine-in,B001
100739,12/02/2025,17:14,P002,S,1,675,675,450,Cash,Dine-in,B002
100740,12/02/2025,22:27,P001,L,2,1200,2400,800,Card,Dine-in,B001
100741,12/02/2025,11:23,P021,L,2,1520,3040,950,Card,Takeaway,B003
100742,12/02/2025,13:34,P001,XL,3,1500,4500,1000,Cash,Dine-in,B001
100743,12/02/2025,19:12,P003,XL,2,1545,3090,1030,Card,Delivery,B002
100744,12/02/2025,12:07,P025,S,3,1200,3600,750,Online,Dine-in,B001
100745,12/02/2025,20:34,P008,XL,2,1530,3060,1020,Card,Dine-in,B002
100746,12/02/2025,12:52,P016,M,1,780,780,600,Card,Delivery,B003
100747,12/02/2025,21:18,P007,XL,3,1665,4995,1110,Online,Delivery,B003
100748,12/02/2025,14:44,P002,L,1,1275,1275,850,Cash,Dine-in,B001
100749,12/02/2025,17:10,P012,M,3,1330,3990,950,Cash,Dine-in,B001
100750,13/02/2025,18:53,P024,L,2,2000,4000,1250,Cash,Delivery,B001
100751,13/02/2025,20:38,P005,L,2,1290,2580,860,Cash,Takeaway,B001
100752,13/02/2025,19:59,P012,L,1,1750,1750,1250,Cash,Delivery,B003
100753,13/02/2025,11:53,P002,S,1,675,675,450,Online,Takeaway,B001
100754,13/02/2025,16:51,P015,L,3,1820,5460,1300,Cash,Delivery,B003
100755,13/02/2025,21:41,P003,S,3,645,1935,430,Cash,Delivery,B003
100756,13/02/2025,14:40,P020,M,1,980,980,700,Online,Dine-in,B002
100757,13/02/2025,13:21,P019,M,1,952,952,680,Cash,Takeaway,B002
100758,13/02/2025,20:38,P024,XL,1,2480,2480,1550,Online,Takeaway,B003
100759,13/02/2025,22:29,P014,M,2,1372,2744,980,Online,Delivery,B002
100760,13/02/2025,14:09,P003,S,3,645,1935,430,Cash,Delivery,B001
100761,13/02/2025,20:27,P016,M,2,780,1560,600,Card,Delivery,B003
100762,13/02/2025,17:36,P025,S,2,1200,2400,750,Card,Delivery,B002
100763,13/02/2025,15:48,P026,M,1,1840,1840,1150,Cash,Dine-in,B001
100764,13/02/2025,11:32,P011,XL,1,2100,2100,1500,Card,Dine-in,B001
100765,13/02/2025,12:24,P007,L,3,1365,4095,910,Card,Delivery,B003
100766,13/02/2025,17:30,P012,L,1,1750,1750,1250,Card,Delivery,B003
100767,14/02/2025,18:11,P008,L,3,1230,3690,820,Card,Delivery,B002
100768,14/02/2025,21:11,P014,M,3,1372,4116,980,Card,Takeaway,B003
100769,14/02/2025,13:05,P003,M,1,945,945,630,Online,Delivery,B001
100770,14/02/2025,20:28,P015,M,3,1400,4200,1000,Card,Takeaway,B001
100771,14/02/2025,15:09,P013,XL,1,2142,2142,1530,Cash,Dine-in,B003
100772,14/02/2025,21:04,P003,L,1,1245,1245,830,Cash,Dine-in,B001
100773,14/02/2025,17:11,P008,M,2,930,1860,620,Card,Takeaway,B001
100774,14/02/2025,22:20,P021,XL,2,2000,4000,1250,Cash,Dine-in,B002
100775,14/02/2025,17:12,P009,XL,2,1560,3120,1040,Card,Delivery,B003
100776,14/02/2025,14:37,P025,L,3,2160,6480,1350,Card,Delivery,B001
100777,14/02/2025,14:46,P005,XL,2,1590,3180,1060,Cash,Takeaway,B002
100778,14/02/2025,12:29,P001,M,1,900,900,600,Online,Takeaway,B003
100779,14/02/2025,22:06,P015,M,2,1400,2800,1000,Online,Dine-in,B003
100780,14/02/2025,12:50,P008,L,3,1230,3690,820,Cash,Takeaway,B003
100781,14/02/2025,22:48,P011,M,3,1260,3780,900,Online,Dine-in,B003
100782,14/02/2025,18:36,P012,XL,1,2170,2170,1550,Online,Delivery,B003
100783,14/02/2025,16:42,P020,L,2,1400,2800,1000,Card,Dine-in,B001
100784,15/02/2025,16:30,P024,L,2,2000,4000,1250,Online,Delivery,B002
100785,15/02/2025,20:33,P023,L,3,1840,5520,1150,Online,Delivery,B003
100786,15/02/2025,19:19,P020,L,1,1400,1400,1000,Online,Dine-in,B001
100787,15/02/2025,15:10,P021,S,2,560,1120,350,Cash,Delivery,B002
100788,15/02/2025,21:24,P012,XL,3,2170,6510,1550,Cash,Takeaway,B003
100789,15/02/2025,18:04,P023,M,1,1360,1360,850,Card,Takeaway,B002
100790,15/02/2025,14:18,P003,M,2,945,1890,630,Cash,Delivery,B003
100791,15/02/2025,20:27,P008,L,3,1230,3690,820,Card,Dine-in,B001
100792,15/02/2025,21:45,P012,M,2,1330,2660,950,Cash,Takeaway,B003
100793,15/02/2025,17:58,P017,S,2,448,896,320,Cash,Takeaway,B002
100794,15/02/2025,18:33,P009,XL,1,1560,1560,1040,Card,Delivery,B001
100795,15/02/2025,13:20,P013,S,3,882,2646,630,Card,Dine-in,B001
100796,15/02/2025,17:43,P019,XL,1,1792,1792,1280,Card,Dine-in,B002
100797,15/02/2025,12:31,P006,S,3,720,2160,480,Card,Dine-in,B003
100798,15/02/2025,12:01,P015,S,2,980,1960,700,Online,Takeaway,B001
100799,15/02/2025,11:50,P011,M,2,1260,2520,900,Online,Delivery,B003
100800,15/02/2025,12:23,P019,S,2,532,1064,380,Online,Delivery,B001
100801,15/02/2025,16:25,P004,XL,1,1650,1650,1100,Online,Delivery,B002
100802,16/02/2025,21:09,P023,S,3,880,2640,550,Cash,Delivery,B003
100803,16/02/2025,15:02,P006,M,1,1020,1020,680,Cash,Takeaway,B003
100804,16/02/2025,13:25,P001,XL,2,1500,3000,1000,Card,Delivery,B003
100805,16/02/2025,21:08,P007,S,1,765,765,510,Online,Takeaway,B002
100806,16/02/2025,15:42,P026,M,2,1840,3680,1150,Online,Delivery,B003
100807,16/02/2025,15:13,P024,S,2,1040,2080,650,Card,Dine-in,B002
100808,16/02/2025,21:37,P001,S,3,600,1800,400,Card,Delivery,B003
100809,16/02/2025,15:50,P017,M,3,868,2604,620,Cash,Takeaway,B001
100810,16/02/2025,19:00,P022,S,2,720,1440,450,Online,Delivery,B001
100811,16/02/2025,16:59,P001,M,2,900,1800,600,Online,Delivery,B002
100812,16/02/2025,15:55,P001,S,3,600,1800,400,Online,Takeaway,B002
100813,16/02/2025,15:07,P006,S,1,720,720,480,Card,Delivery,B003
100814,16/02/2025,21:26,P005,S,2,690,1380,460,Online,Delivery,B003
100815,16/02/2025,19:28,P020,L,1,1400,1400,1000,Cash,Delivery,B003
100816,16/02/2025,13:02,P021,S,3,560,1680,350,Online,Delivery,B003
100817,16/02/2025,20:47,P023,M,1,1360,1360,850,Online,Dine-in,B001
100818,16/02/2025,12:45,P012,M,3,1330,3990,950,Online,Dine-in,B002
100819,17/02/2025,15:14,P022,S,2,720,1440,450,Cash,Takeaway,B003
100820,17/02/2025,18:30,P026,M,2,1840,3680,1150,Card,Takeaway,B003
100821,17/02/2025,13:29,P017,L,2,1288,2576,920,Online,Takeaway,B002
100822,17/02/2025,21:38,P022,S,3,720,2160,450,Cash,Dine-in,B001
100823,17/02/2025,22:40,P016,S,2,420,840,300,Card,Dine-in,B002
100824,17/02/2025,21:02,P021,L,2,1520,3040,950,Cash,Delivery,B002
100825,17/02/2025,19:16,P008,M,1,930,930,620,Online,Dine-in,B001
100826,17/02/2025,14:45,P005,S,2,690,1380,460,Online,Delivery,B002
100827,17/02/2025,14:10,P025,L,2,2160,4320,1350,Cash,Delivery,B002
100828,17/02/2025,15:57,P002,S,3,675,2025,450,Online,Dine-in,B002
100829,17/02/2025,21:18,P001,XL,1,1500,1500,1000,Cash,Takeaway,B001
100830,17/02/2025,11:15,P008,XL,3,1530,4590,1020,Online,Takeaway,B003
100831,17/02/2025,12:52,P008,L,2,1230,2460,820,Card,Takeaway,B003
100832,17/02/2025,16:42,P018,L,2,1330,2660,950,Online,Takeaway,B001
100833,17/02/2025,20:09,P003,L,1,1245,1245,830,Online,Takeaway,B003
100834,17/02/2025,11:44,P013,S,3,882,2646,630,Online,Dine-in,B002
100835,17/02/2025,16:56,P012,XL,1,2170,2170,1550,Online,Delivery,B001
100836,17/02/2025,13:04,P021,L,1,1520,1520,950,Cash,Dine-in,B001
100837,18/02/2025,12:36,P004,L,3,1350,4050,900,Card,Dine-in,B003
100838,18/02/2025,13:25,P010,L,3,1290,3870,860,Card,Takeaway,B001
100839,18/02/2025,14:22,P003,L,3,1245,3735,830,Cash,Dine-in,B003
100840,18/02/2025,19:27,P013,L,3,1722,5166,1230,Online,Dine-in,B001
100841,18/02/2025,13:13,P006,S,2,720,1440,480,Online,Delivery,B002
100842,18/02/2025,15:13,P005,S,1,690,690,460,Online,Dine-in,B003
100843,18/02/2025,18:02,P025,M,1,1680,1680,1050,Online,Delivery,B003
100844,18/02/2025,16:49,P023,M,2,1360,2720,850,Card,Delivery,B002
100845,18/02/2025,22:43,P001,XL,3,1500,4500,1000,Online,Dine-in,B003
100846,18/02/2025,22:13,P023,S,1,880,880,550,Card,Delivery,B001
100847,18/02/2025,21:55,P011,L,3,1680,5040,1200,Cash,Takeaway,B003
100848,18/02/2025,15:17,P007,XL,1,1665,1665,1110,Card,Delivery,B002
100849,18/02/2025,21:38,P004,S,1,750,750,500,Online,Dine-in,B003
100850,18/02/2025,19:26,P026,XL,1,2800,2800,1750,Cash,Delivery,B002
100851,18/02/2025,18:30,P018,L,2,1330,2660,950,Online,Takeaway,B001
100852,18/02/2025,16:39,P022,S,2,720,1440,450,Online,Dine-in,B002
100853,18/02/2025,22:19,P021,S,3,560,1680,350,Card,Delivery,B002
100854,19/02/2025,14:05,P014,S,3,952,2856,680,Card,Takeaway,B001
100855,19/02/2025,21:45,P025,L,1,2160,2160,1350,Card,Takeaway,B003
100856,19/02/2025,18:28,P026,S,3,1360,4080,850,Online,Delivery,B003
100857,19/02/2025,16:34,P011,XL,1,2100,2100,1500,Card,Takeaway,B001
100858,19/02/2025,21:27,P020,L,1,1400,1400,1000,Online,Takeaway,B001
100859,19/02/2025,22:01,P006,L,2,1320,2640,880,Cash,Dine-in,B002
100860,19/02/2025,14:24,P017,L,3,1288,3864,920,Card,Delivery,B003
100861,19/02/2025,17:30,P005,XL,1,1590,1590,1060,Card,Dine-in,B002
100862,19/02/2025,18:27,P013,S,1,882,882,630,Cash,Delivery,B003
100863,19/02/2025,18:34,P004,XL,3,1650,4950,1100,Online,Takeaway,B001
100864,19/02/2025,12:19,P015,L,1,1820,1820,1300,Online,Takeaway,B001
100865,19/02/2025,20:14,P007,S,1,765,765,510,Online,Takeaway,B002
100866,19/02/2025,21:27,P026,XL,3,2800,8400,1750,Cash,Delivery,B001
100867,19/02/2025,19:52,P026,S,2,1360,2720,850,Card,Delivery,B002
100868,19/02/2025,21:44,P008,S,3,630,1890,420,Cash,Takeaway,B001
100869,19/02/2025,11:12,P010,L,3,1290,3870,860,Cash,Dine-in,B003
100870,19/02/2025,18:37,P009,M,2,960,1920,640,Cash,Takeaway,B001
100871,20/02/2025,18:45,P006,M,1,1020,1020,680,Online,Takeaway,B001
100872,20/02/2025,15:24,P018,S,2,490,980,350,Card,Delivery,B003
100873,20/02/2025,12:05,P009,L,1,1260,1260,840,Cash,Delivery,B001
100874,20/02/2025,20:07,P008,XL,1,1530,1530,1020,Card,Takeaway,B003
100875,20/02/2025,11:21,P021,S,2,560,1120,350,Cash,Dine-in,B002
100876,20/02/2025,11:05,P021,S,1,560,560,350,Online,Takeaway,B001
100877,20/02/2025,22:32,P001,M,1,900,900,600,Card,Delivery,B002
100878,20/02/2025,17:46,P013,M,3,1302,3906,930,Cash,Delivery,B001
100879,20/02/2025,12:36,P011,XL,2,2100,4200,1500,Online,Takeaway,B001
100880,20/02/2025,19:54,P006,S,2,720,1440,480,Online,Takeaway,B002
100881,20/02/2025,16:19,P015,S,3,980,2940,700,Cash,Delivery,B001
100882,20/02/2025,13:07,P020,M,2,980,1960,700,Cash,Delivery,B003
100883,20/02/2025,12:59,P001,M,1,900,900,600,Online,Takeaway,B003
100884,20/02/2025,17:29,P021,XL,2,2000,4000,1250,Cash,Dine-in,B003
100885,20/02/2025,18:00,P013,S,2,882,1764,630,Cash,Takeaway,B003
100886,20/02/2025,14:26,P012,S,3,910,2730,650,Online,Dine-in,B001
100887,20/02/2025,21:27,P023,M,1,1360,1360,850,Cash,Delivery,B003
100888,20/02/2025,19:11,P026,M,1,1840,1840,1150,Cash,Delivery,B003
100889,21/02/2025,17:09,P011,XL,3,2100,6300,1500,Card,Takeaway,B003
100890,21/02/2025,11:24,P014,S,3,952,2856,680,Online,Takeaway,B002
100891,21/02/2025,22:28,P004,XL,2,1650,3300,1100,Online,Delivery,B001
100892,21/02/2025,13:07,P001,XL,1,1500,1500,1000,Card,Delivery,B001
100893,21/02/2025,13:07,P004,L,3,1350,4050,900,Online,Takeaway,B001
100894,21/02/2025,20:47,P003,L,2,1245,2490,830,Online,Dine-in,B003
100895,21/02/2025,15:55,P010,S,1,690,690,460,Cash,Dine-in,B003
100896,21/02/2025,15:18,P009,XL,3,1560,4680,1040,Online,Takeaway,B002
100897,21/02/2025,14:03,P026,L,2,2320,4640,1450,Cash,Dine-in,B001
100898,21/02/2025,11:51,P013,XL,2,2142,4284,1530,Online,Dine-in,B001
100899,21/02/2025,13:57,P005,M,3,990,2970,660,Card,Dine-in,B001
100900,21/02/2025,22:38,P022,XL,3,2160,6480,1350,Online,Takeaway,B003
100901,21/02/2025,20:05,P024,M,3,1520,4560,950,Online,Takeaway,B001
100902,21/02/2025,22:24,P003,L,1,1245,1245,830,Card,Dine-in,B003
100903,21/02/2025,22:40,P022,S,3,720,2160,450,Cash,Takeaway,B001
100904,21/02/2025,18:19,P013,L,1,1722,1722,1230,Online,Takeaway,B002
100905,21/02/2025,11:23,P022,L,3,1680,5040,1050,Cash,Takeaway,B003
100906,22/02/2025,12:10,P017,XL,2,1708,3416,1220,Cash,Takeaway,B003
100907,22/02/2025,11:06,P017,L,2,1288,2576,920,Cash,Dine-in,B003
100908,22/02/2025,13:06,P005,L,2,1290,2580,860,Online,Takeaway,B001
100909,22/02/2025,22:13,P003,S,3,645,1935,430,Cash,Dine-in,B002
100910,22/02/2025,22:41,P022,L,2,1680,3360,1050,Card,Dine-in,B003
100911,22/02/2025,12:10,P011,XL,2,2100,4200,1500,Online,Delivery,B002
100912,22/02/2025,12:40,P018,L,2,1330,2660,950,Online,Delivery,B003
100913,22/02/2025,12:43,P012,L,2,1750,3500,1250,Cash,Takeaway,B003
100914,22/02/2025,13:56,P012,S,1,910,910,650,Card,Dine-in,B002
100915,22/02/2025,21:28,P023,M,2,1360,2720,850,Online,Delivery,B003
100916,22/02/2025,13:08,P008,XL,2,1530,3060,1020,Card,Dine-in,B003
100917,22/02/2025,13:16,P024,XL,1,2480,2480,1550,Online,Takeaway,B002
100918,22/02/2025,22:44,P017,M,3,868,2604,620,Card,Takeaway,B001
100919,22/02/2025,22:27,P019,M,3,952,2856,680,Cash,Dine-in,B003
100920,22/02/2025,13:11,P011,XL,1,2100,2100,1500,Online,Delivery,B001
100921,22/02/2025,19:37,P019,S,3,532,1596,380,Cash,Takeaway,B001
100922,22/02/2025,20:07,P005,XL,3,1590,4770,1060,Online,Delivery,B001
100923,22/02/2025,11:23,P010,S,2,690,1380,460,Online,Dine-in,B001
100924,23/02/2025,14:55,P013,L,1,1722,1722,1230,Card,Delivery,B002
100925,23/02/2025,19:37,P024,XL,3,2480,7440,1550,Card,Takeaway,B002
100926,23/02/2025,22:19,P001,M,2,900,1800,600,Card,Delivery,B002
100927,23/02/2025,18:58,P004,XL,1,1650,1650,1100,Card,Dine-in,B003
100928,23/02/2025,11:50,P016,S,1,420,420,300,Cash,Delivery,B002
100929,23/02/2025,13:10,P015,XL,1,2240,2240,1600,Online,Delivery,B001
100930,23/02/2025,11:17,P017,M,1,868,868,620,Cash,Delivery,B002
100931,23/02/2025,14:04,P006,M,1,1020,1020,680,Card,Delivery,B003
100932,23/02/2025,19:45,P016,XL,1,1560,1560,1200,Online,Delivery,B001
100933,23/02/2025,18:25,P015,XL,1,2240,2240,1600,Cash,Dine-in,B003
100934,23/02/2025,11:39,P017,S,2,448,896,320,Cash,Dine-in,B003
100935,23/02/2025,17:35,P005,S,2,690,1380,460,Cash,Dine-in,B002
100936,23/02/2025,18:30,P015,S,1,980,980,700,Card,Takeaway,B002
100937,23/02/2025,16:53,P007,L,2,1365,2730,910,Cash,Dine-in,B003
100938,23/02/2025,13:16,P008,S,3,630,1890,420,Online,Delivery,B001
100939,23/02/2025,12:00,P021,S,2,560,1120,350,Cash,Dine-in,B003
100940,23/02/2025,13:20,P024,L,3,2000,6000,1250,Cash,Takeaway,B001
100941,24/02/2025,21:58,P010,S,3,690,2070,460,Card,Takeaway,B003
100942,24/02/2025,20:46,P009,M,3,960,2880,640,Cash,Takeaway,B002
100943,24/02/2025,17:42,P019,M,1,952,952,680,Card,Takeaway,B003
100944,24/02/2025,21:37,P013,M,2,1302,2604,930,Card,Delivery,B003
100945,24/02/2025,12:03,P022,S,3,720,2160,450,Card,Takeaway,B003
100946,24/02/2025,20:07,P011,M,1,1260,1260,900,Online,Takeaway,B003
100947,24/02/2025,16:44,P009,L,1,1260,1260,840,Card,Dine-in,B001
100948,24/02/2025,12:04,P013,XL,1,2142,2142,1530,Online,Dine-in,B001
100949,24/02/2025,22:58,P026,XL,3,2800,8400,1750,Cash,Dine-in,B001
100950,24/02/2025,12:30,P025,M,2,1680,3360,1050,Card,Delivery,B001
100951,24/02/2025,18:57,P008,M,3,930,2790,620,Online,Dine-in,B002
100952,24/02/2025,15:26,P021,M,2,1040,2080,650,Cash,Dine-in,B003
100953,24/02/2025,19:40,P006,XL,2,1620,3240,1080,Card,Dine-in,B002
100954,24/02/2025,22:30,P019,M,2,952,1904,680,Cash,Delivery,B001
100955,24/02/2025,20:11,P012,L,2,1750,3500,1250,Online,Delivery,B003
100956,24/02/2025,19:22,P010,M,1,990,990,660,Cash,Takeaway,B003
100957,24/02/2025,20:11,P017,L,1,1288,1288,920,Cash,Delivery,B003
100958,25/02/2025,20:30,P020,XL,1,1820,1820,1300,Online,Dine-in,B001
100959,25/02/2025,22:02,P018,XL,2,1750,3500,1250,Cash,Delivery,B002
100960,25/02/2025,13:08,P004,S,1,750,750,500,Cash,Delivery,B002
100961,25/02/2025,13:45,P014,XL,2,2212,4424,1580,Cash,Takeaway,B001
100962,25/02/2025,19:08,P008,XL,3,1530,4590,1020,Cash,Dine-in,B001
100963,25/02/2025,16:29,P022,M,3,1200,3600,750,Cash,Delivery,B002
100964,25/02/2025,13:07,P020,S,1,560,560,400,Online,Takeaway,B002
100965,25/02/2025,12:14,P007,XL,2,1665,3330,1110,Card,Dine-in,B001
100966,25/02/2025,15:56,P003,L,2,1245,2490,830,Online,Delivery,B001
100967,25/02/2025,16:45,P017,L,1,1288,1288,920,Card,Takeaway,B002
100968,25/02/2025,16:22,P003,L,1,1245,1245,830,Online,Dine-in,B002
100969,25/02/2025,13:07,P003,L,2,1245,2490,830,Online,Takeaway,B002
100970,25/02/2025,19:13,P024,M,1,1520,1520,950,Online,Delivery,B001
100971,25/02/2025,11:18,P011,M,1,1260,1260,900,Card,Takeaway,B003
100972,25/02/2025,12:05,P020,L,3,1400,4200,1000,Online,Takeaway,B001
100973,25/02/2025,20:24,P007,XL,1,1665,1665,1110,Cash,Delivery,B003
100974,25/02/2025,13:17,P003,XL,3,1545,4635,1030,Cash,Takeaway,B003
100975,25/02/2025,13:55,P002,M,1,975,975,650,Cash,Delivery,B003
100976,26/02/2025,17:21,P016,XL,1,1560,1560,1200,Cash,Takeaway,B002
100977,26/02/2025,18:16,P025,S,2,1200,2400,750,Card,Dine-in,B001
100978,26/02/2025,19:33,P008,XL,1,1530,1530,1020,Cash,Dine-in,B003
100979,26/02/2025,21:12,P010,M,2,990,1980,660,Cash,Takeaway,B002
100980,26/02/2025,21:03,P025,XL,2,2640,5280,1650,Online,Delivery,B002
100981,26/02/2025,11:11,P007,L,2,1365,2730,910,Card,Takeaway,B001
100982,26/02/2025,20:05,P015,XL,3,2240,6720,1600,Cash,Dine-in,B002
100983,26/02/2025,16:50,P003,XL,3,1545,4635,1030,Card,Delivery,B002
100984,26/02/2025,17:54,P026,M,3,1840,5520,1150,Card,Dine-in,B003
100985,26/02/2025,19:51,P019,M,3,952,2856,680,Cash,Delivery,B003
100986,26/02/2025,22:52,P005,XL,1,1590,1590,1060,Card,Dine-in,B002
100987,26/02/2025,13:01,P003,XL,2,1545,3090,1030,Cash,Delivery,B002
100988,26/02/2025,17:37,P001,L,1,1200,1200,800,Card,Takeaway,B001
100989,26/02/2025,21:34,P012,XL,3,2170,6510,1550,Cash,Takeaway,B003
100990,26/02/2025,22:25,P002,S,2,675,1350,450,Online,Delivery,B001
100991,26/02/2025,14:56,P002,S,2,675,1350,450,Card,Takeaway,B003
100992,26/02/2025,13:23,P025,L,1,2160,2160,1350,Online,Takeaway,B003
100993,27/02/2025,22:22,P011,S,3,840,2520,600,Cash,Takeaway,B001
100994,27/02/2025,14:36,P009,S,1,660,660,440,Cash,Delivery,B003
100995,27/02/2025,20:46,P018,S,3,490,1470,350,Online,Takeaway,B001
100996,27/02/2025,20:43,P011,S,3,840,2520,600,Card,Takeaway,B003
100997,27/02/2025,16:57,P025,XL,3,2640,7920,1650,Cash,Delivery,B003
100998,27/02/2025,14:42,P014,M,3,1372,4116,980,Online,Dine-in,B002
100999,27/02/2025,13:38,P024,XL,2,2480,4960,1550,Online,Takeaway,B002
101000,27/02/2025,21:20,P011,M,2,1260,2520,900,Card,Delivery,B001
101001,27/02/2025,13:38,P020,XL,3,1820,5460,1300,Online,Takeaway,B002
101002,27/02/2025,22:41,P006,L,2,1320,2640,880,Cash,Takeaway,B003
101003,27/02/2025,11:39,P002,L,2,1275,2550,850,Card,Dine-in,B002
101004,27/02/2025,22:45,P013,S,3,882,2646,630,Card,Dine-in,B003
101005,27/02/2025,14:08,P010,L,3,1290,3870,860,Card,Delivery,B001
101006,27/02/2025,11:42,P024,M,1,1520,1520,950,Cash,Takeaway,B002
101007,27/02/2025,17:16,P011,L,3,1680,5040,1200,Online,Dine-in,B001
101008,27/02/2025,18:12,P002,M,1,975,975,650,Card,Takeaway,B001
101009,27/02/2025,16:39,P002,L,2,1275,2550,850,Cash,Dine-in,B001
101010,27/02/2025,13:14,P021,L,1,1520,1520,950,Online,Takeaway,B002
101011,28/02/2025,18:09,P018,M,1,910,910,650,Cash,Takeaway,B001
101012,28/02/2025,15:49,P016,XL,1,1560,1560,1200,Card,Dine-in,B001
101013,28/02/2025,17:11,P002,S,3,675,2025,450,Cash,Dine-in,B003
101014,28/02/2025,11:34,P017,S,1,448,448,320,Cash,Takeaway,B001
101015,28/02/2025,17:08,P023,M,1,1360,1360,850,Card,Dine-in,B002
101016,28/02/2025,20:10,P021,S,2,560,1120,350,Card,Dine-in,B003
101017,28/02/2025,17:38,P002,XL,1,1575,1575,1050,Online,Delivery,B003
101018,28/02/2025,13:37,P001,XL,2,1500,3000,1000,Cash,Dine-in,B001
101019,28/02/2025,14:29,P004,M,3,1050,3150,700,Card,Takeaway,B002
101020,28/02/2025,17:09,P022,S,2,720,1440,450,Cash,Takeaway,B003
101021,28/02/2025,20:52,P026,S,3,1360,4080,850,Cash,Delivery,B001
101022,28/02/2025,13:29,P004,S,1,750,750,500,Cash,Delivery,B002
101023,28/02/2025,22:27,P022,M,2,1200,2400,750,Card,Dine-in,B003
101024,28/02/2025,18:57,P009,L,1,1260,1260,840,Cash,Delivery,B001
101025,28/02/2025,21:16,P018,L,1,1330,1330,950,Card,Dine-in,B002
101026,28/02/2025,21:16,P022,M,1,1200,1200,750,Card,Dine-in,B001
101027,28/02/2025,13:49,P005,XL,1,1590,1590,1060,Online,Dine-in,B002
101028,01/03/2025,12:14,P005,M,2,990,1980,660,Cash,Dine-in,B002
101029,01/03/2025,16:29,P008,S,3,630,1890,420,Card,Dine-in,B003
101030,01/03/2025,15:11,P005,S,1,690,690,460,Online,Dine-in,B002
101031,01/03/2025,21:36,P011,M,1,1260,1260,900,Cash,Delivery,B001
101032,01/03/2025,16:24,P017,L,3,1288,3864,920,Cash,Takeaway,B003
101033,01/03/2025,11:24,P022,L,1,1680,1680,1050,Online,Dine-in,B003
101034,01/03/2025,16:10,P021,S,2,560,1120,350,Cash,Takeaway,B003
101035,01/03/2025,17:07,P024,M,3,1520,4560,950,Online,Delivery,B002
101036,01/03/2025,19:33,P008,L,1,1230,1230,820,Online,Delivery,B003
101037,01/03/2025,14:31,P017,XL,1,1708,1708,1220,Card,Takeaway,B001
101038,01/03/2025,20:56,P017,M,2,868,1736,620,Cash,Delivery,B002
101039,01/03/2025,17:54,P026,M,1,1840,1840,1150,Online,Dine-in,B003
101040,01/03/2025,16:53,P024,L,2,2000,4000,1250,Card,Dine-in,B002
101041,01/03/2025,12:11,P018,M,1,910,910,650,Online,Dine-in,B002
101042,01/03/2025,14:45,P013,M,3,1302,3906,930,Cash,Delivery,B002
101043,01/03/2025,17:11,P009,S,1,660,660,440,Card,Delivery,B001
101044,01/03/2025,21:05,P007,L,3,1365,4095,910,Cash,Takeaway,B003
101045,02/03/2025,12:24,P023,S,2,880,1760,550,Card,Dine-in,B003
101046,02/03/2025,13:55,P024,M,1,1520,1520,950,Cash,Dine-in,B003
101047,02/03/2025,14:14,P015,S,1,980,980,700,Online,Delivery,B001
101048,02/03/2025,21:19,P008,S,1,630,630,420,Online,Takeaway,B001
101049,02/03/2025,16:29,P023,XL,2,2320,4640,1450,Card,Delivery,B002
101050,02/03/2025,15:31,P003,S,3,645,1935,430,Online,Takeaway,B003
101051,02/03/2025,17:06,P004,L,3,1350,4050,900,Online,Dine-in,B001
101052,02/03/2025,12:27,P020,XL,1,1820,1820,1300,Card,Dine-in,B002
101053,02/03/2025,17:56,P017,S,3,448,1344,320,Card,Dine-in,B002
101054,02/03/2025,19:58,P023,L,3,1840,5520,1150,Card,Dine-in,B002
101055,02/03/2025,13:06,P010,XL,3,1590,4770,1060,Card,Takeaway,B001
101056,02/03/2025,16:58,P017,S,1,448,448,320,Cash,Delivery,B002
101057,02/03/2025,20:00,P014,S,3,952,2856,680,Cash,Takeaway,B002
101058,02/03/2025,15:27,P021,L,3,1520,4560,950,Online,Takeaway,B002
101059,02/03/2025,12:46,P011,L,1,1680,1680,1200,Online,Takeaway,B003
101060,02/03/2025,13:54,P024,L,2,2000,4000,1250,Online,Delivery,B003
101061,02/03/2025,19:47,P013,M,3,1302,3906,930,Online,Takeaway,B003
101062,02/03/2025,16:26,P003,L,3,1245,3735,830,Online,Delivery,B002
101063,03/03/2025,14:59,P012,L,1,1750,1750,1250,Cash,Delivery,B003
101064,03/03/2025,15:47,P017,S,1,448,448,320,Cash,Delivery,B003
101065,03/03/2025,11:05,P026,S,1,1360,1360,850,Online,Takeaway,B003
101066,03/03/2025,12:38,P004,M,1,1050,1050,700,Cash,Takeaway,B002
101067,03/03/2025,19:01,P025,XL,2,2640,5280,1650,Card,Takeaway,B002
101068,03/03/2025,11:25,P011,S,3,840,2520,600,Cash,Delivery,B001
101069,03/03/2025,19:24,P011,S,2,840,1680,600,Online,Takeaway,B002
101070,03/03/2025,18:33,P008,S,3,630,1890,420,Cash,Delivery,B001
101071,03/03/2025,22:51,P007,M,3,1065,3195,710,Online,Delivery,B001
101072,03/03/2025,21:12,P022,L,2,1680,3360,1050,Card,Dine-in,B002
101073,03/03/2025,17:54,P014,L,1,1792,1792,1280,Cash,Dine-in,B001
101074,03/03/2025,22:06,P012,XL,3,2170,6510,1550,Cash,Takeaway,B002
101075,03/03/2025,20:25,P005,S,3,690,2070,460,Online,Dine-in,B003
101076,03/03/2025,11:17,P002,L,1,1275,1275,850,Card,Takeaway,B001
101077,03/03/2025,19:41,P006,L,1,1320,1320,880,Card,Takeaway,B002
101078,03/03/2025,22:07,P022,S,3,720,2160,450,Card,Dine-in,B001
101079,03/03/2025,21:49,P009,L,2,1260,2520,840,Cash,Takeaway,B003
101080,04/03/2025,21:05,P021,M,1,1040,1040,650,Online,Takeaway,B002
101081,04/03/2025,14:22,P013,XL,3,2142,6426,1530,Online,Takeaway,B001
101082,04/03/2025,19:22,P009,XL,1,1560,1560,1040,Card,Dine-in,B001
101083,04/03/2025,12:46,P008,S,1,630,630,420,Online,Delivery,B002
101084,04/03/2025,17:23,P022,M,1,1200,1200,750,Online,Takeaway,B002
101085,04/03/2025,18:17,P006,XL,2,1620,3240,1080,Online,Dine-in,B003
101086,04/03/2025,22:14,P021,L,2,1520,3040,950,Card,Delivery,B001
101087,04/03/2025,15:47,P023,S,3,880,2640,550,Online,Dine-in,B001
101088,04/03/2025,17:04,P012,XL,3,2170,6510,1550,Online,Dine-in,B001
101089,04/03/2025,12:49,P024,L,1,2000,2000,1250,Cash,Delivery,B003
101090,04/03/2025,15:30,P008,S,3,630,1890,420,Online,Dine-in,B001
101091,04/03/2025,13:57,P022,XL,2,2160,4320,1350,Cash,Delivery,B002
101092,04/03/2025,14:24,P014,M,1,1372,1372,980,Online,Delivery,B003
101093,04/03/2025,15:34,P015,S,1,980,980,700,Online,Delivery,B003
101094,04/03/2025,22:13,P018,XL,2,1750,3500,1250,Card,Delivery,B001
101095,04/03/2025,21:59,P009,M,2,960,1920,640,Card,Dine-in,B002
101096,04/03/2025,19:20,P023,M,1,1360,1360,850,Online,Takeaway,B002
101097,04/03/2025,17:24,P011,S,2,840,1680,600,Online,Dine-in,B003
101098,05/03/2025,19:22,P024,M,2,1520,3040,950,Online,Takeaway,B002
101099,05/03/2025,16:57,P026,XL,2,2800,5600,1750,Online,Takeaway,B002
101100,05/03/2025,22:08,P011,XL,3,2100,6300,1500,Card,Dine-in,B001
101101,05/03/2025,22:34,P002,XL,2,1575,3150,1050,Online,Takeaway,B001
101102,05/03/2025,16:03,P001,XL,3,1500,4500,1000,Online,Delivery,B002
101103,05/03/2025,13:56,P025,L,3,2160,6480,1350,Cash,Delivery,B003
101104,05/03/2025,14:27,P024,XL,3,2480,7440,1550,Cash,Delivery,B001
101105,05/03/2025,18:54,P010,XL,2,1590,3180,1060,Online,Delivery,B001
101106,05/03/2025,13:19,P015,L,1,1820,1820,1300,Cash,Delivery,B003
101107,05/03/2025,14:49,P005,M,3,990,2970,660,Online,Dine-in,B001
101108,05/03/2025,14:45,P024,S,3,1040,3120,650,Card,Dine-in,B001
101109,05/03/2025,14:16,P006,XL,3,1620,4860,1080,Online,Takeaway,B003
101110,05/03/2025,21:01,P026,XL,3,2800,8400,1750,Card,Dine-in,B002
101111,05/03/2025,22:19,P019,S,3,532,1596,380,Cash,Takeaway,B002
101112,05/03/2025,21:13,P007,XL,2,1665,3330,1110,Online,Takeaway,B001
101113,05/03/2025,22:05,P022,M,3,1200,3600,750,Cash,Delivery,B001
101114,05/03/2025,21:29,P015,M,1,1400,1400,1000,Card,Delivery,B001
101115,06/03/2025,12:12,P006,M,1,1020,1020,680,Cash,Takeaway,B001
101116,06/03/2025,18:10,P012,L,3,1750,5250,1250,Cash,Delivery,B003
101117,06/03/2025,22:06,P005,S,2,690,1380,460,Card,Takeaway,B002
101118,06/03/2025,11:09,P008,S,2,630,1260,420,Card,Delivery,B003
101119,06/03/2025,21:55,P004,L,3,1350,4050,900,Card,Dine-in,B003
101120,06/03/2025,17:52,P003,L,2,1245,2490,830,Online,Delivery,B001
101121,06/03/2025,19:06,P001,XL,1,1500,1500,1000,Cash,Delivery,B001
101122,06/03/2025,21:57,P015,L,2,1820,3640,1300,Cash,Takeaway,B001
101123,06/03/2025,17:23,P017,XL,1,1708,1708,1220,Cash,Dine-in,B002
101124,06/03/2025,11:08,P016,S,2,420,840,300,Online,Delivery,B001
101125,06/03/2025,17:49,P012,XL,1,2170,2170,1550,Online,Delivery,B001
101126,06/03/2025,12:59,P006,S,1,720,720,480,Cash,Delivery,B003
101127,06/03/2025,12:31,P021,S,1,560,560,350,Card,Delivery,B002
101128,06/03/2025,20:22,P021,XL,1,2000,2000,1250,Cash,Delivery,B003
101129,06/03/2025,21:44,P001,L,1,1200,1200,800,Cash,Dine-in,B003
101130,06/03/2025,17:49,P021,S,1,560,560,350,Card,Dine-in,B002
101131,06/03/2025,17:09,P006,M,2,1020,2040,680,Cash,Delivery,B001
101132,07/03/2025,12:37,P006,XL,1,1620,1620,1080,Card,Delivery,B001
101133,07/03/2025,19:07,P023,S,1,880,880,550,Cash,Dine-in,B002
101134,07/03/2025,21:49,P017,XL,2,1708,3416,1220,Online,Dine-in,B001
101135,07/03/2025,21:38,P024,M,1,1520,1520,950,Online,Delivery,B001
101136,07/03/2025,17:18,P015,XL,1,2240,2240,1600,Card,Takeaway,B003
101137,07/03/2025,17:02,P016,M,1,780,780,600,Online,Takeaway,B001
101138,07/03/2025,15:01,P024,M,2,1520,3040,950,Cash,Takeaway,B003
101139,07/03/2025,21:05,P017,XL,1,1708,1708,1220,Cash,Takeaway,B002
101140,07/03/2025,14:42,P006,XL,3,1620,4860,1080,Cash,Dine-in,B003
101141,07/03/2025,18:06,P011,S,2,840,1680,600,Online,Dine-in,B001
101142,07/03/2025,16:49,P010,XL,1,1590,1590,1060,Cash,Delivery,B003
101143,07/03/2025,16:44,P023,L,1,1840,1840,1150,Online,Dine-in,B002
101144,07/03/2025,18:34,P011,L,1,1680,1680,1200,Online,Takeaway,B001
101145,07/03/2025,12:24,P017,L,1,1288,1288,920,Cash,Takeaway,B001
101146,07/03/2025,16:39,P009,XL,3,1560,4680,1040,Cash,Dine-in,B003
101147,07/03/2025,15:52,P004,S,3,750,2250,500,Cash,Delivery,B002
101148,07/03/2025,16:23,P008,XL,2,1530,3060,1020,Card,Delivery,B003
101149,07/03/2025,16:50,P019,M,3,952,2856,680,Card,Dine-in,B003
101150,08/03/2025,11:59,P010,XL,1,1590,1590,1060,Card,Takeaway,B003
101151,08/03/2025,11:10,P023,XL,1,2320,2320,1450,Card,Dine-in,B001
101152,08/03/2025,22:18,P001,XL,3,1500,4500,1000,Online,Takeaway,B003
101153,08/03/2025,19:07,P023,XL,2,2320,4640,1450,Card,Delivery,B002
101154,08/03/2025,21:24,P020,S,3,560,1680,400,Cash,Dine-in,B002
101155,08/03/2025,14:31,P010,L,2,1290,2580,860,Card,Dine-in,B002
101156,08/03/2025,16:11,P004,S,2,750,1500,500,Cash,Delivery,B001
101157,08/03/2025,12:48,P017,L,2,1288,2576,920,Card,Takeaway,B003
101158,08/03/2025,17:08,P017,XL,1,1708,1708,1220,Card,Delivery,B003
101159,08/03/2025,19:42,P026,S,1,1360,1360,850,Online,Delivery,B001
101160,08/03/2025,18:29,P001,L,1,1200,1200,800,Cash,Delivery,B002
101161,08/03/2025,20:25,P002,XL,3,1575,4725,1050,Card,Delivery,B001
101162,08/03/2025,16:06,P001,L,3,1200,3600,800,Card,Dine-in,B001
101163,08/03/2025,20:17,P014,XL,2,2212,4424,1580,Card,Takeaway,B002
101164,08/03/2025,11:55,P016,L,2,1170,2340,900,Card,Takeaway,B001
101165,08/03/2025,11:53,P013,M,2,1302,2604,930,Card,Takeaway,B002
101166,08/03/2025,14:09,P022,M,2,1200,2400,750,Cash,Dine-in,B003
101167,09/03/2025,13:59,P021,XL,1,2000,2000,1250,Card,Delivery,B003
101168,09/03/2025,14:15,P004,L,1,1350,1350,900,Card,Takeaway,B002
101169,09/03/2025,18:06,P007,S,2,765,1530,510,Cash,Delivery,B002
101170,09/03/2025,20:49,P007,XL,3,1665,4995,1110,Online,Dine-in,B001
101171,09/03/2025,17:31,P014,M,1,1372,1372,980,Cash,Delivery,B001
101172,09/03/2025,19:24,P019,M,1,952,952,680,Online,Delivery,B001
101173,09/03/2025,13:02,P013,XL,3,2142,6426,1530,Cash,Takeaway,B003
101174,09/03/2025,11:10,P002,S,3,675,2025,450,Online,Dine-in,B001
101175,09/03/2025,18:34,P014,S,3,952,2856,680,Card,Delivery,B003
101176,09/03/2025,16:52,P012,L,3,1750,5250,1250,Card,Takeaway,B002
101177,09/03/2025,17:36,P021,XL,1,2000,2000,1250,Online,Dine-in,B002
101178,09/03/2025,18:15,P006,M,1,1020,1020,680,Card,Dine-in,B002
101179,09/03/2025,12:02,P002,M,3,975,2925,650,Card,Dine-in,B003
101180,09/03/2025,17:42,P020,XL,1,1820,1820,1300,Cash,Takeaway,B002
101181,09/03/2025,12:24,P026,M,2,1840,3680,1150,Online,Delivery,B002
101182,09/03/2025,21:55,P017,XL,2,1708,3416,1220,Cash,Delivery,B003
101183,09/03/2025,14:15,P026,L,3,2320,6960,1450,Cash,Takeaway,B003
101184,09/03/2025,11:49,P008,S,1,630,630,420,Cash,Delivery,B002
101185,10/03/2025,18:36,P017,S,1,448,448,320,Online,Dine-in,B002
101186,10/03/2025,17:05,P016,M,3,780,2340,600,Cash,Takeaway,B001
101187,10/03/2025,21:49,P001,XL,3,1500,4500,1000,Online,Dine-in,B001
101188,10/03/2025,13:22,P009,L,2,1260,2520,840,Card,Takeaway,B002
101189,10/03/2025,18:41,P014,L,3,1792,5376,1280,Cash,Delivery,B001
101190,10/03/2025,14:55,P011,L,3,1680,5040,1200,Card,Dine-in,B001
101191,10/03/2025,16:35,P024,XL,2,2480,4960,1550,Online,Delivery,B002
101192,10/03/2025,17:57,P006,L,1,1320,1320,880,Online,Delivery,B002
101193,10/03/2025,16:19,P008,M,2,930,1860,620,Card,Delivery,B003
101194,10/03/2025,17:27,P026,S,1,1360,1360,850,Cash,Takeaway,B001
101195,10/03/2025,22:48,P015,XL,2,2240,4480,1600,Online,Dine-in,B001
101196,10/03/2025,11:12,P003,XL,2,1545,3090,1030,Cash,Takeaway,B001
101197,10/03/2025,13:40,P013,XL,3,2142,6426,1530,Online,Dine-in,B001
101198,10/03/2025,12:25,P023,M,3,1360,4080,850,Card,Takeaway,B003
101199,10/03/2025,19:51,P015,S,1,980,980,700,Online,Dine-in,B003
101200,10/03/2025,15:31,P018,XL,2,1750,3500,1250,Online,Delivery,B003
101201,10/03/2025,14:56,P025,M,2,1680,3360,1050,Card,Takeaway,B002
101202,11/03/2025,22:30,P012,S,2,910,1820,650,Cash,Dine-in,B002
101203,11/03/2025,19:34,P018,S,2,490,980,350,Online,Takeaway,B001
101204,11/03/2025,19:01,P019,L,1,1372,1372,980,Online,Takeaway,B001
101205,11/03/2025,13:42,P018,XL,3,1750,5250,1250,Card,Dine-in,B002
101206,11/03/2025,21:32,P013,XL,1,2142,2142,1530,Online,Dine-in,B003
101207,11/03/2025,18:29,P011,S,2,840,1680,600,Online,Delivery,B003
101208,11/03/2025,19:53,P018,XL,3,1750,5250,1250,Online,Dine-in,B001
101209,11/03/2025,13:53,P023,XL,3,2320,6960,1450,Card,Takeaway,B002
101210,11/03/2025,13:38,P023,S,2,880,1760,550,Online,Dine-in,B001
101211,11/03/2025,15:17,P013,XL,2,2142,4284,1530,Cash,Dine-in,B003
101212,11/03/2025,16:42,P010,M,1,990,990,660,Card,Dine-in,B003
101213,11/03/2025,19:47,P002,L,1,1275,1275,850,Card,Delivery,B001
101214,11/03/2025,16:41,P021,S,3,560,1680,350,Cash,Dine-in,B001
101215,11/03/2025,18:52,P016,L,3,1170,3510,900,Cash,Takeaway,B001
101216,11/03/2025,19:08,P012,S,3,910,2730,650,Cash,Dine-in,B001
101217,11/03/2025,12:47,P022,L,2,1680,3360,1050,Online,Dine-in,B001
101218,11/03/2025,20:26,P019,S,3,532,1596,380,Cash,Delivery,B001
101219,12/03/2025,17:44,P005,L,3,1290,3870,860,Online,Dine-in,B001
101220,12/03/2025,22:04,P019,M,1,952,952,680,Cash,Takeaway,B002
101221,12/03/2025,17:25,P008,XL,2,1530,3060,1020,Card,Takeaway,B001
101222,12/03/2025,19:03,P016,M,3,780,2340,600,Online,Dine-in,B002
101223,12/03/2025,14:27,P022,L,2,1680,3360,1050,Online,Delivery,B003
101224,12/03/2025,21:40,P004,S,3,750,2250,500,Card,Takeaway,B002
101225,12/03/2025,13:07,P022,XL,1,2160,2160,1350,Cash,Dine-in,B001
101226,12/03/2025,14:50,P014,XL,1,2212,2212,1580,Online,Dine-in,B003
101227,12/03/2025,18:04,P013,L,3,1722,5166,1230,Cash,Dine-in,B003
101228,12/03/2025,15:34,P013,L,3,1722,5166,1230,Cash,Delivery,B002
101229,12/03/2025,22:13,P011,M,2,1260,2520,900,Card,Delivery,B003
101230,12/03/2025,18:53,P021,L,2,1520,3040,950,Online,Dine-in,B001
101231,12/03/2025,21:45,P024,XL,2,2480,4960,1550,Card,Delivery,B002
101232,12/03/2025,15:51,P005,L,1,1290,1290,860,Cash,Dine-in,B002
101233,12/03/2025,20:39,P005,S,1,690,690,460,Online,Takeaway,B001
101234,12/03/2025,14:25,P019,M,3,952,2856,680,Card,Delivery,B001
101235,12/03/2025,17:16,P010,M,1,990,990,660,Card,Delivery,B001
101236,12/03/2025,15:29,P025,M,3,1680,5040,1050,Online,Takeaway,B001
101237,13/03/2025,15:17,P018,S,1,490,490,350,Online,Delivery,B001
101238,13/03/2025,20:09,P012,L,3,1750,5250,1250,Cash,Dine-in,B003
101239,13/03/2025,17:56,P022,S,1,720,720,450,Online,Dine-in,B002
101240,13/03/2025,16:35,P009,S,2,660,1320,440,Online,Takeaway,B002
101241,13/03/2025,13:46,P017,L,2,1288,2576,920,Online,Delivery,B001
101242,13/03/2025,15:24,P011,S,3,840,2520,600,Cash,Takeaway,B002
101243,13/03/2025,18:53,P002,M,2,975,1950,650,Cash,Takeaway,B002
101244,13/03/2025,19:44,P024,XL,2,2480,4960,1550,Cash,Dine-in,B002
101245,13/03/2025,15:22,P018,L,3,1330,3990,950,Cash,Dine-in,B003
101246,13/03/2025,13:29,P014,XL,3,2212,6636,1580,Cash,Delivery,B003
101247,13/03/2025,13:31,P015,L,3,1820,5460,1300,Online,Takeaway,B002
101248,13/03/2025,16:07,P017,XL,1,1708,1708,1220,Cash,Dine-in,B001
101249,13/03/2025,15:26,P016,L,2,1170,2340,900,Card,Dine-in,B003
101250,13/03/2025,11:59,P009,M,3,960,2880,640,Card,Delivery,B001
101251,13/03/2025,20:11,P017,M,2,868,1736,620,Online,Delivery,B003
101252,13/03/2025,17:16,P004,XL,1,1650,1650,1100,Card,Takeaway,B001
101253,13/03/2025,16:24,P010,L,1,1290,1290,860,Cash,Dine-in,B001
101254,14/03/2025,13:32,P010,XL,3,1590,4770,1060,Online,Delivery,B002
101255,14/03/2025,17:28,P007,S,2,765,1530,510,Online,Delivery,B003
101256,14/03/2025,14:06,P002,XL,3,1575,4725,1050,Online,Dine-in,B003
101257,14/03/2025,16:40,P011,L,2,1680,3360,1200,Online,Dine-in,B003
101258,14/03/2025,20:11,P001,XL,3,1500,4500,1000,Card,Dine-in,B001
101259,14/03/2025,22:11,P008,M,1,930,930,620,Online,Delivery,B002
101260,14/03/2025,14:22,P006,M,3,1020,3060,680,Online,Takeaway,B003
101261,14/03/2025,13:20,P018,S,3,490,1470,350,Cash,Delivery,B002
101262,14/03/2025,21:05,P002,XL,3,1575,4725,1050,Card,Delivery,B003
101263,14/03/2025,22:57,P026,S,2,1360,2720,850,Card,Takeaway,B001
101264,14/03/2025,20:18,P013,L,2,1722,3444,1230,Online,Delivery,B001
101265,14/03/2025,14:20,P004,XL,1,1650,1650,1100,Cash,Takeaway,B002
101266,14/03/2025,11:24,P005,S,1,690,690,460,Cash,Dine-in,B001
101267,14/03/2025,22:59,P007,XL,2,1665,3330,1110,Online,Delivery,B002
101268,14/03/2025,22:41,P005,XL,1,1590,1590,1060,Cash,Delivery,B001
101269,14/03/2025,22:03,P024,S,2,1040,2080,650,Card,Delivery,B001
101270,14/03/2025,13:27,P006,XL,1,1620,1620,1080,Cash,Takeaway,B002
101271,14/03/2025,16:35,P026,L,3,2320,6960,1450,Online,Takeaway,B003
101272,15/03/2025,13:20,P004,XL,3,1650,4950,1100,Cash,Delivery,B002
101273,15/03/2025,19:36,P016,XL,3,1560,4680,1200,Cash,Takeaway,B003
101274,15/03/2025,19:53,P015,XL,3,2240,6720,1600,Card,Delivery,B001
101275,15/03/2025,15:05,P008,M,1,930,930,620,Card,Dine-in,B002
101276,15/03/2025,19:53,P003,S,3,645,1935,430,Online,Dine-in,B002
101277,15/03/2025,22:49,P023,M,1,1360,1360,850,Cash,Dine-in,B001
101278,15/03/2025,21:16,P005,M,1,990,990,660,Cash,Takeaway,B003
101279,15/03/2025,20:28,P001,XL,1,1500,1500,1000,Card,Dine-in,B001
101280,15/03/2025,20:25,P013,M,3,1302,3906,930,Online,Delivery,B002
101281,15/03/2025,17:07,P017,S,3,448,1344,320,Online,Dine-in,B003
101282,15/03/2025,22:11,P002,L,3,1275,3825,850,Cash,Takeaway,B003
101283,15/03/2025,22:40,P012,L,2,1750,3500,1250,Online,Takeaway,B003
101284,15/03/2025,15:53,P019,S,3,532,1596,380,Card,Takeaway,B003
101285,15/03/2025,19:16,P023,L,3,1840,5520,1150,Cash,Dine-in,B002
101286,15/03/2025,13:15,P013,M,1,1302,1302,930,Online,Dine-in,B002
101287,15/03/2025,22:03,P020,M,2,980,1960,700,Online,Dine-in,B002
101288,15/03/2025,17:08,P001,S,3,600,1800,400,Online,Dine-in,B001
101289,16/03/2025,11:37,P019,S,1,532,532,380,Cash,Takeaway,B003
101290,16/03/2025,15:58,P006,L,2,1320,2640,880,Cash,Takeaway,B003
101291,16/03/2025,13:39,P005,XL,1,1590,1590,1060,Cash,Delivery,B003
101292,16/03/2025,12:04,P024,L,1,2000,2000,1250,Card,Takeaway,B001
101293,16/03/2025,12:25,P016,S,3,420,1260,300,Card,Takeaway,B001
101294,16/03/2025,14:25,P012,S,1,910,910,650,Card,Takeaway,B002
101295,16/03/2025,12:36,P017,L,3,1288,3864,920,Cash,Delivery,B001
101296,16/03/2025,12:22,P015,S,2,980,1960,700,Cash,Takeaway,B002
101297,16/03/2025,13:30,P001,M,3,900,2700,600,Online,Dine-in,B002
101298,16/03/2025,16:02,P022,L,1,1680,1680,1050,Card,Dine-in,B003
101299,16/03/2025,17:21,P007,L,1,1365,1365,910,Online,Takeaway,B003
101300,16/03/2025,17:15,P003,XL,1,1545,1545,1030,Cash,Delivery,B002
101301,16/03/2025,21:57,P026,S,1,1360,1360,850,Cash,Delivery,B002
101302,16/03/2025,11:02,P001,M,1,900,900,600,Online,Dine-in,B003
101303,16/03/2025,15:18,P009,L,1,1260,1260,840,Cash,Dine-in,B003
101304,16/03/2025,15:54,P024,XL,1,2480,2480,1550,Cash,Dine-in,B003
101305,16/03/2025,22:24,P012,M,2,1330,2660,950,Card,Takeaway,B003
101306,17/03/2025,19:48,P005,M,1,990,990,660,Online,Delivery,B003
101307,17/03/2025,18:25,P002,L,2,1275,2550,850,Cash,Delivery,B003
101308,17/03/2025,14:11,P024,M,2,1520,3040,950,Cash,Dine-in,B002
101309,17/03/2025,12:36,P008,XL,1,1530,1530,1020,Card,Dine-in,B003
101310,17/03/2025,11:49,P015,L,2,1820,3640,1300,Online,Dine-in,B001
101311,17/03/2025,20:50,P018,L,2,1330,2660,950,Cash,Dine-in,B002
101312,17/03/2025,21:15,P009,M,1,960,960,640,Card,Dine-in,B001
101313,17/03/2025,19:24,P004,S,1,750,750,500,Cash,Takeaway,B003
101314,17/03/2025,16:55,P014,XL,2,2212,4424,1580,Cash,Takeaway,B001
101315,17/03/2025,22:05,P003,XL,2,1545,3090,1030,Cash,Dine-in,B001
101316,17/03/2025,16:32,P007,L,2,1365,2730,910,Card,Dine-in,B003
101317,17/03/2025,19:30,P002,L,3,1275,3825,850,Cash,Dine-in,B002
101318,17/03/2025,12:36,P023,M,2,1360,2720,850,Online,Delivery,B002
101319,17/03/2025,21:23,P020,XL,3,1820,5460,1300,Card,Dine-in,B002
101320,17/03/2025,13:11,P002,XL,2,1575,3150,1050,Cash,Takeaway,B002
101321,17/03/2025,21:32,P026,S,3,1360,4080,850,Online,Delivery,B002
101322,17/03/2025,13:06,P026,XL,1,2800,2800,1750,Cash,Dine-in,B003
101323,17/03/2025,13:35,P024,M,3,1520,4560,950,Online,Delivery,B002
101324,18/03/2025,18:47,P005,L,3,1290,3870,860,Card,Takeaway,B003
101325,18/03/2025,21:28,P006,L,2,1320,2640,880,Card,Dine-in,B001
101326,18/03/2025,15:29,P013,S,1,882,882,630,Card,Delivery,B001
101327,18/03/2025,15:35,P023,M,1,1360,1360,850,Online,Dine-in,B003
101328,18/03/2025,13:49,P018,XL,3,1750,5250,1250,Card,Dine-in,B003
101329,18/03/2025,13:25,P022,XL,2,2160,4320,1350,Online,Delivery,B003
101330,18/03/2025,11:30,P002,L,2,1275,2550,850,Online,Delivery,B002
101331,18/03/2025,16:15,P012,L,3,1750,5250,1250,Card,Takeaway,B003
101332,18/03/2025,20:17,P005,M,1,990,990,660,Cash,Delivery,B001
101333,18/03/2025,16:31,P021,XL,1,2000,2000,1250,Online,Delivery,B001
101334,18/03/2025,21:55,P020,M,2,980,1960,700,Card,Dine-in,B001
101335,18/03/2025,17:04,P003,M,1,945,945,630,Online,Delivery,B003
101336,18/03/2025,18:59,P016,XL,3,1560,4680,1200,Online,Dine-in,B002
101337,18/03/2025,11:36,P006,S,3,720,2160,480,Cash,Takeaway,B002
101338,18/03/2025,20:37,P008,L,1,1230,1230,820,Online,Takeaway,B001
101339,18/03/2025,15:19,P010,L,1,1290,1290,860,Cash,Takeaway,B001
101340,18/03/2025,11:05,P025,S,2,1200,2400,750,Card,Delivery,B002
101341,19/03/2025,20:53,P005,XL,3,1590,4770,1060,Card,Takeaway,B003
101342,19/03/2025,14:27,P019,M,1,952,952,680,Online,Takeaway,B002
101343,19/03/2025,20:06,P003,L,2,1245,2490,830,Online,Takeaway,B001
101344,19/03/2025,14:02,P004,L,2,1350,2700,900,Card,Takeaway,B002
101345,19/03/2025,14:40,P001,M,3,900,2700,600,Cash,Dine-in,B001
101346,19/03/2025,12:58,P013,L,1,1722,1722,1230,Online,Takeaway,B002
101347,19/03/2025,22:22,P006,XL,3,1620,4860,1080,Card,Dine-in,B001
101348,19/03/2025,14:14,P001,XL,3,1500,4500,1000,Online,Delivery,B001
101349,19/03/2025,15:50,P013,L,1,1722,1722,1230,Online,Dine-in,B003
101350,19/03/2025,14:59,P004,S,2,750,1500,500,Card,Dine-in,B002
101351,19/03/2025,19:22,P019,M,1,952,952,680,Card,Takeaway,B001
101352,19/03/2025,17:37,P023,M,3,1360,4080,850,Card,Dine-in,B003
101353,19/03/2025,13:32,P008,XL,1,1530,1530,1020,Cash,Takeaway,B003
101354,19/03/2025,11:22,P018,S,1,490,490,350,Cash,Dine-in,B001
101355,19/03/2025,15:07,P003,L,2,1245,2490,830,Online,Delivery,B003
101356,19/03/2025,16:00,P024,M,1,1520,1520,950,Online,Delivery,B002
101357,19/03/2025,18:23,P008,M,2,930,1860,620,Cash,Delivery,B001
101358,19/03/2025,14:22,P016,M,3,780,2340,600,Cash,Delivery,B002
101359,20/03/2025,17:55,P002,S,3,675,2025,450,Online,Takeaway,B002
101360,20/03/2025,11:09,P015,M,2,1400,2800,1000,Card,Dine-in,B003
101361,20/03/2025,16:34,P010,L,3,1290,3870,860,Card,Delivery,B003
101362,20/03/2025,19:22,P026,S,1,1360,1360,850,Online,Takeaway,B002
101363,20/03/2025,15:03,P016,L,2,1170,2340,900,Card,Delivery,B001
101364,20/03/2025,17:46,P026,S,3,1360,4080,850,Card,Dine-in,B001
101365,20/03/2025,17:26,P011,S,3,840,2520,600,Card,Takeaway,B002
101366,20/03/2025,13:59,P026,XL,1,2800,2800,1750,Cash,Takeaway,B002
101367,20/03/2025,22:59,P018,L,1,1330,1330,950,Cash,Takeaway,B001
101368,20/03/2025,11:10,P005,S,2,690,1380,460,Card,Dine-in,B001
101369,20/03/2025,22:06,P021,M,3,1040,3120,650,Online,Dine-in,B002
101370,20/03/2025,11:04,P005,S,3,690,2070,460,Card,Dine-in,B003
101371,20/03/2025,20:12,P003,S,3,645,1935,430,Card,Delivery,B002
101372,20/03/2025,11:39,P013,M,3,1302,3906,930,Cash,Delivery,B001
101373,20/03/2025,14:31,P005,L,3,1290,3870,860,Card,Takeaway,B001
101374,20/03/2025,19:12,P006,L,1,1320,1320,880,Cash,Delivery,B003
101375,20/03/2025,13:13,P015,M,3,1400,4200,1000,Card,Delivery,B003
101376,21/03/2025,18:11,P025,M,1,1680,1680,1050,Cash,Delivery,B001
101377,21/03/2025,11:25,P001,L,1,1200,1200,800,Online,Dine-in,B003
101378,21/03/2025,22:07,P024,L,3,2000,6000,1250,Online,Delivery,B001
101379,21/03/2025,17:29,P010,XL,3,1590,4770,1060,Cash,Delivery,B003
101380,21/03/2025,18:29,P005,L,1,1290,1290,860,Online,Takeaway,B003
101381,21/03/2025,14:44,P020,XL,3,1820,5460,1300,Cash,Dine-in,B003
101382,21/03/2025,11:47,P025,XL,2,2640,5280,1650,Online,Dine-in,B002
101383,21/03/2025,13:43,P006,S,2,720,1440,480,Online,Dine-in,B003
101384,21/03/2025,12:52,P014,L,2,1792,3584,1280,Card,Dine-in,B001
101385,21/03/2025,19:00,P006,XL,3,1620,4860,1080,Cash,Takeaway,B001
101386,21/03/2025,13:46,P019,XL,3,1792,5376,1280,Card,Dine-in,B002
101387,21/03/2025,16:22,P019,S,2,532,1064,380,Card,Dine-in,B001
101388,21/03/2025,15:51,P019,M,2,952,1904,680,Card,Takeaway,B002
101389,21/03/2025,11:47,P021,M,3,1040,3120,650,Online,Delivery,B002
101390,21/03/2025,12:56,P015,XL,1,2240,2240,1600,Card,Dine-in,B001
101391,21/03/2025,19:08,P014,XL,3,2212,6636,1580,Cash,Takeaway,B003
101392,21/03/2025,16:00,P005,L,3,1290,3870,860,Online,Dine-in,B001
101393,22/03/2025,17:49,P018,S,2,490,980,350,Card,Dine-in,B002
101394,22/03/2025,12:10,P025,XL,2,2640,5280,1650,Cash,Delivery,B001
101395,22/03/2025,12:00,P017,S,2,448,896,320,Online,Dine-in,B003
101396,22/03/2025,20:45,P013,L,3,1722,5166,1230,Card,Dine-in,B001
101397,22/03/2025,21:21,P014,XL,2,2212,4424,1580,Cash,Takeaway,B001
101398,22/03/2025,22:39,P026,M,3,1840,5520,1150,Card,Delivery,B002
101399,22/03/2025,21:26,P006,XL,1,1620,1620,1080,Card,Takeaway,B002
101400,22/03/2025,20:34,P020,S,2,560,1120,400,Card,Takeaway,B003
101401,22/03/2025,12:45,P019,XL,3,1792,5376,1280,Cash,Delivery,B003
101402,22/03/2025,21:36,P023,M,1,1360,1360,850,Cash,Takeaway,B001
101403,22/03/2025,21:02,P015,L,1,1820,1820,1300,Cash,Dine-in,B003
101404,22/03/2025,11:03,P018,XL,2,1750,3500,1250,Card,Dine-in,B003
101405,22/03/2025,22:11,P024,L,3,2000,6000,1250,Cash,Delivery,B002
101406,22/03/2025,12:41,P022,S,2,720,1440,450,Cash,Delivery,B003
101407,22/03/2025,12:38,P017,XL,3,1708,5124,1220,Online,Dine-in,B002
101408,22/03/2025,22:30,P006,S,3,720,2160,480,Online,Takeaway,B002
101409,22/03/2025,17:44,P007,S,1,765,765,510,Card,Takeaway,B003
101410,22/03/2025,19:28,P008,M,1,930,930,620,Cash,Takeaway,B002
101411,23/03/2025,21:08,P005,S,2,690,1380,460,Cash,Takeaway,B001
101412,23/03/2025,12:28,P003,L,1,1245,1245,830,Cash,Takeaway,B003
101413,23/03/2025,11:50,P026,L,2,2320,4640,1450,Card,Delivery,B002
101414,23/03/2025,17:07,P016,L,1,1170,1170,900,Card,Takeaway,B001
101415,23/03/2025,14:44,P012,L,3,1750,5250,1250,Cash,Delivery,B003
101416,23/03/2025,22:50,P018,S,1,490,490,350,Cash,Takeaway,B003
101417,23/03/2025,14:14,P001,S,2,600,1200,400,Online,Delivery,B003
101418,23/03/2025,17:08,P003,XL,1,1545,1545,1030,Card,Dine-in,B002
101419,23/03/2025,15:37,P022,L,3,1680,5040,1050,Cash,Delivery,B002
101420,23/03/2025,21:39,P006,M,1,1020,1020,680,Cash,Takeaway,B001
101421,23/03/2025,20:57,P025,XL,1,2640,2640,1650,Card,Dine-in,B002
101422,23/03/2025,13:50,P019,M,1,952,952,680,Card,Dine-in,B002
101423,23/03/2025,22:55,P020,M,1,980,980,700,Card,Takeaway,B002
101424,23/03/2025,12:47,P019,S,2,532,1064,380,Card,Delivery,B001
101425,23/03/2025,12:47,P007,M,2,1065,2130,710,Card,Delivery,B002
101426,23/03/2025,19:09,P012,XL,3,2170,6510,1550,Cash,Takeaway,B003
101427,23/03/2025,22:17,P004,L,2,1350,2700,900,Cash,Delivery,B001
101428,24/03/2025,18:24,P019,XL,1,1792,1792,1280,Cash,Takeaway,B003
101429,24/03/2025,19:24,P007,XL,3,1665,4995,1110,Card,Dine-in,B001
101430,24/03/2025,11:04,P014,M,2,1372,2744,980,Card,Delivery,B002
101431,24/03/2025,16:12,P013,M,3,1302,3906,930,Card,Delivery,B002
101432,24/03/2025,17:36,P017,L,1,1288,1288,920,Cash,Takeaway,B001
101433,24/03/2025,16:06,P011,M,2,1260,2520,900,Online,Delivery,B001
101434,24/03/2025,19:13,P019,S,3,532,1596,380,Cash,Delivery,B003
101435,24/03/2025,15:33,P015,M,2,1400,2800,1000,Cash,Dine-in,B001
101436,24/03/2025,22:39,P017,S,3,448,1344,320,Online,Dine-in,B003
101437,24/03/2025,15:21,P019,L,3,1372,4116,980,Card,Dine-in,B002
101438,24/03/2025,16:44,P017,M,2,868,1736,620,Cash,Takeaway,B002
101439,24/03/2025,12:22,P010,S,2,690,1380,460,Cash,Takeaway,B003
101440,24/03/2025,14:11,P005,S,3,690,2070,460,Card,Takeaway,B003
101441,24/03/2025,19:07,P020,M,1,980,980,700,Cash,Delivery,B002
101442,24/03/2025,17:53,P018,S,2,490,980,350,Card,Dine-in,B003
101443,24/03/2025,17:33,P011,XL,1,2100,2100,1500,Card,Takeaway,B002
101444,24/03/2025,14:20,P026,L,1,2320,2320,1450,Card,Takeaway,B003
101445,24/03/2025,17:56,P007,S,3,765,2295,510,Online,Delivery,B001
101446,25/03/2025,11:10,P003,M,3,945,2835,630,Online,Dine-in,B001
101447,25/03/2025,13:13,P022,XL,1,2160,2160,1350,Card,Dine-in,B003
101448,25/03/2025,11:34,P023,L,2,1840,3680,1150,Cash,Dine-in,B003
101449,25/03/2025,13:04,P016,S,2,420,840,300,Online,Takeaway,B003
101450,25/03/2025,13:21,P018,XL,2,1750,3500,1250,Card,Delivery,B001
101451,25/03/2025,17:06,P003,XL,2,1545,3090,1030,Card,Dine-in,B002
101452,25/03/2025,22:25,P005,L,3,1290,3870,860,Cash,Dine-in,B003
101453,25/03/2025,15:24,P014,XL,3,2212,6636,1580,Cash,Takeaway,B003
101454,25/03/2025,13:21,P008,M,1,930,930,620,Card,Delivery,B002
101455,25/03/2025,11:54,P010,L,2,1290,2580,860,Card,Dine-in,B001
101456,25/03/2025,19:08,P013,S,1,882,882,630,Online,Delivery,B003
101457,25/03/2025,12:22,P017,L,2,1288,2576,920,Cash,Takeaway,B002
101458,25/03/2025,12:57,P021,M,2,1040,2080,650,Online,Delivery,B003
101459,25/03/2025,17:14,P002,S,3,675,2025,450,Card,Dine-in,B003
101460,25/03/2025,22:23,P003,L,3,1245,3735,830,Cash,Takeaway,B001
101461,25/03/2025,22:19,P022,S,3,720,2160,450,Cash,Takeaway,B002
101462,25/03/2025,19:25,P018,S,3,490,1470,350,Card,Takeaway,B002
101463,26/03/2025,16:29,P002,L,1,1275,1275,850,Card,Takeaway,B002
101464,26/03/2025,20:24,P014,L,2,1792,3584,1280,Card,Delivery,B001
101465,26/03/2025,20:09,P026,M,1,1840,1840,1150,Online,Dine-in,B003
101466,26/03/2025,20:23,P018,XL,1,1750,1750,1250,Card,Dine-in,B002
101467,26/03/2025,13:52,P018,M,1,910,910,650,Cash,Takeaway,B001
101468,26/03/2025,20:22,P016,S,1,420,420,300,Online,Takeaway,B001
101469,26/03/2025,17:07,P025,M,1,1680,1680,1050,Card,Takeaway,B002
101470,26/03/2025,15:01,P025,L,1,2160,2160,1350,Online,Dine-in,B003
101471,26/03/2025,15:55,P017,S,2,448,896,320,Card,Dine-in,B003
101472,26/03/2025,13:44,P008,M,2,930,1860,620,Cash,Delivery,B003
101473,26/03/2025,12:59,P018,XL,1,1750,1750,1250,Online,Dine-in,B003
101474,26/03/2025,19:11,P015,M,1,1400,1400,1000,Card,Dine-in,B002
101475,26/03/2025,18:26,P011,XL,3,2100,6300,1500,Card,Delivery,B002
101476,26/03/2025,17:35,P015,S,2,980,1960,700,Online,Takeaway,B003
101477,26/03/2025,22:19,P006,XL,2,1620,3240,1080,Card,Dine-in,B002
101478,26/03/2025,17:52,P021,XL,2,2000,4000,1250,Card,Dine-in,B003
101479,26/03/2025,13:25,P003,XL,2,1545,3090,1030,Online,Delivery,B002
101480,27/03/2025,13:05,P024,XL,2,2480,4960,1550,Cash,Takeaway,B001
101481,27/03/2025,13:56,P005,XL,2,1590,3180,1060,Online,Dine-in,B002
101482,27/03/2025,20:24,P026,S,2,1360,2720,850,Cash,Takeaway,B003
101483,27/03/2025,21:19,P018,XL,2,1750,3500,1250,Card,Dine-in,B001
101484,27/03/2025,17:08,P015,L,1,1820,1820,1300,Card,Dine-in,B002
101485,27/03/2025,15:10,P002,S,3,675,2025,450,Cash,Dine-in,B001
101486,27/03/2025,12:46,P004,M,1,1050,1050,700,Card,Delivery,B002
101487,27/03/2025,21:12,P015,S,3,980,2940,700,Cash,Delivery,B001
101488,27/03/2025,22:24,P009,L,3,1260,3780,840,Card,Takeaway,B001
101489,27/03/2025,18:12,P003,XL,2,1545,3090,1030,Card,Dine-in,B002
101490,27/03/2025,16:24,P022,L,3,1680,5040,1050,Card,Dine-in,B003
101491,27/03/2025,21:43,P020,L,3,1400,4200,1000,Cash,Takeaway,B003
101492,27/03/2025,15:58,P006,L,2,1320,2640,880,Online,Dine-in,B002
101493,27/03/2025,21:13,P009,XL,2,1560,3120,1040,Cash,Takeaway,B003
101494,27/03/2025,16:17,P008,M,1,930,930,620,Card,Delivery,B002
101495,27/03/2025,21:02,P009,XL,2,1560,3120,1040,Card,Takeaway,B002
101496,27/03/2025,15:24,P012,M,2,1330,2660,950,Online,Takeaway,B003
101497,27/03/2025,15:18,P012,S,2,910,1820,650,Cash,Delivery,B001
101498,28/03/2025,14:00,P009,M,2,960,1920,640,Cash,Dine-in,B001
101499,28/03/2025,21:30,P012,L,2,1750,3500,1250,Card,Delivery,B001
101500,28/03/2025,11:05,P019,XL,3,1792,5376,1280,Cash,Delivery,B001
101501,28/03/2025,22:35,P023,XL,2,2320,4640,1450,Card,Dine-in,B003
101502,28/03/2025,16:56,P004,M,1,1050,1050,700,Card,Dine-in,B001
101503,28/03/2025,16:18,P022,XL,2,2160,4320,1350,Cash,Delivery,B001
101504,28/03/2025,21:17,P021,M,1,1040,1040,650,Online,Dine-in,B001
101505,28/03/2025,20:03,P023,M,3,1360,4080,850,Cash,Dine-in,B001
101506,28/03/2025,12:31,P023,S,3,880,2640,550,Online,Delivery,B001
101507,28/03/2025,12:21,P019,L,3,1372,4116,980,Cash,Dine-in,B001
101508,28/03/2025,18:23,P005,M,2,990,1980,660,Online,Dine-in,B002
101509,28/03/2025,17:40,P011,S,3,840,2520,600,Online,Dine-in,B001
101510,28/03/2025,19:17,P025,S,1,1200,1200,750,Cash,Takeaway,B003
101511,28/03/2025,17:26,P005,L,3,1290,3870,860,Card,Delivery,B001
101512,28/03/2025,18:58,P026,L,1,2320,2320,1450,Card,Dine-in,B001
101513,28/03/2025,19:29,P013,XL,2,2142,4284,1530,Online,Takeaway,B003
101514,28/03/2025,14:30,P020,S,3,560,1680,400,Cash,Delivery,B001
101515,29/03/2025,19:01,P001,M,3,900,2700,600,Cash,Takeaway,B001
101516,29/03/2025,13:08,P026,M,3,1840,5520,1150,Cash,Takeaway,B003
101517,29/03/2025,11:58,P015,XL,2,2240,4480,1600,Cash,Dine-in,B001
101518,29/03/2025,20:21,P020,M,1,980,980,700,Online,Takeaway,B001
101519,29/03/2025,15:31,P026,L,3,2320,6960,1450,Card,Delivery,B002
101520,29/03/2025,18:33,P018,L,1,1330,1330,950,Online,Delivery,B003
101521,29/03/2025,11:44,P003,S,2,645,1290,430,Cash,Dine-in,B001
101522,29/03/2025,20:00,P023,M,1,1360,1360,850,Online,Dine-in,B001
101523,29/03/2025,21:44,P003,S,3,645,1935,430,Cash,Takeaway,B003
101524,29/03/2025,15:17,P011,L,1,1680,1680,1200,Online,Takeaway,B003
101525,29/03/2025,17:57,P001,M,3,900,2700,600,Cash,Delivery,B002
101526,29/03/2025,13:11,P010,S,2,690,1380,460,Card,Dine-in,B001
101527,29/03/2025,20:43,P025,M,1,1680,1680,1050,Card,Dine-in,B002
101528,29/03/2025,14:02,P020,XL,3,1820,5460,1300,Cash,Delivery,B003
101529,29/03/2025,22:00,P025,L,3,2160,6480,1350,Online,Takeaway,B002
101530,29/03/2025,15:28,P026,S,3,1360,4080,850,Online,Dine-in,B002
101531,29/03/2025,17:47,P018,M,2,910,1820,650,Card,Delivery,B003
101532,29/03/2025,16:27,P020,M,3,980,2940,700,Card,Delivery,B002
101533,30/03/2025,19:25,P020,M,2,980,1960,700,Online,Delivery,B002
101534,30/03/2025,19:27,P022,XL,1,2160,2160,1350,Card,Dine-in,B002
101535,30/03/2025,11:05,P013,XL,1,2142,2142,1530,Cash,Dine-in,B002
101536,30/03/2025,21:29,P012,M,1,1330,1330,950,Cash,Delivery,B001
101537,30/03/2025,15:05,P016,S,1,420,420,300,Online,Dine-in,B002
101538,30/03/2025,11:29,P005,L,2,1290,2580,860,Cash,Dine-in,B001
101539,30/03/2025,19:37,P009,L,2,1260,2520,840,Card,Dine-in,B003
101540,30/03/2025,11:34,P020,XL,1,1820,1820,1300,Online,Dine-in,B002
101541,30/03/2025,17:14,P004,M,1,1050,1050,700,Cash,Dine-in,B003
101542,30/03/2025,17:30,P002,XL,1,1575,1575,1050,Card,Dine-in,B003
101543,30/03/2025,21:38,P019,XL,1,1792,1792,1280,Cash,Delivery,B001
101544,30/03/2025,22:32,P010,XL,2,1590,3180,1060,Online,Dine-in,B002
101545,30/03/2025,18:07,P001,S,2,600,1200,400,Card,Dine-in,B001
101546,30/03/2025,13:39,P002,L,1,1275,1275,850,Cash,Takeaway,B001
101547,30/03/2025,15:21,P007,S,2,765,1530,510,Online,Delivery,B002
101548,30/03/2025,19:21,P022,XL,1,2160,2160,1350,Card,Delivery,B001
101549,30/03/2025,13:31,P017,M,2,868,1736,620,Card,Takeaway,B003
101550,31/03/2025,22:09,P006,M,1,1020,1020,680,Online,Dine-in,B003
101551,31/03/2025,19:00,P011,S,2,840,1680,600,Card,Delivery,B002
101552,31/03/2025,19:08,P005,M,1,990,990,660,Cash,Takeaway,B001
101553,31/03/2025,17:14,P019,S,1,532,532,380,Card,Delivery,B003
101554,31/03/2025,22:32,P012,M,1,1330,1330,950,Online,Delivery,B003
101555,31/03/2025,13:21,P023,S,1,880,880,550,Card,Takeaway,B001
101556,31/03/2025,17:32,P019,L,3,1372,4116,980,Cash,Takeaway,B003
101557,31/03/2025,17:57,P002,S,2,675,1350,450,Card,Delivery,B001
101558,31/03/2025,18:36,P026,XL,3,2800,8400,1750,Online,Takeaway,B002
101559,31/03/2025,12:36,P004,XL,3,1650,4950,1100,Cash,Dine-in,B002
101560,31/03/2025,15:02,P011,L,3,1680,5040,1200,Cash,Takeaway,B002
101561,31/03/2025,15:43,P005,M,1,990,990,660,Online,Dine-in,B002
101562,31/03/2025,11:13,P002,XL,3,1575,4725,1050,Cash,Delivery,B002
101563,31/03/2025,22:35,P004,S,3,750,2250,500,Online,Dine-in,B003
101564,31/03/2025,14:33,P016,L,2,1170,2340,900,Cash,Delivery,B003
101565,31/03/2025,19:30,P022,S,1,720,720,450,Card,Delivery,B002
101566,31/03/2025,11:40,P009,S,2,660,1320,440,Cash,Dine-in,B002
101567,01/04/2025,11:42,P022,M,1,1200,1200,750,Online,Takeaway,B002
101568,01/04/2025,15:25,P017,XL,1,1708,1708,1220,Cash,Takeaway,B001
101569,01/04/2025,14:49,P012,L,3,1750,5250,1250,Card,Delivery,B003
101570,01/04/2025,17:34,P009,M,3,960,2880,640,Online,Dine-in,B001
101571,01/04/2025,22:32,P009,XL,1,1560,1560,1040,Online,Takeaway,B001
101572,01/04/2025,22:39,P003,S,1,645,645,430,Cash,Dine-in,B002
101573,01/04/2025,19:46,P010,L,3,1290,3870,860,Online,Dine-in,B003
101574,01/04/2025,17:17,P015,L,3,1820,5460,1300,Cash,Dine-in,B002
101575,01/04/2025,13:49,P003,XL,3,1545,4635,1030,Cash,Dine-in,B002
101576,01/04/2025,16:43,P012,S,3,910,2730,650,Cash,Dine-in,B001
101577,01/04/2025,17:24,P013,M,3,1302,3906,930,Card,Delivery,B003
101578,01/04/2025,21:38,P010,S,2,690,1380,460,Online,Dine-in,B002
101579,01/04/2025,14:31,P010,XL,3,1590,4770,1060,Online,Takeaway,B002
101580,01/04/2025,13:29,P014,XL,2,2212,4424,1580,Cash,Delivery,B001
101581,01/04/2025,17:09,P026,XL,1,2800,2800,1750,Card,Delivery,B003
101582,01/04/2025,18:58,P002,XL,1,1575,1575,1050,Cash,Dine-in,B003
101583,01/04/2025,11:32,P012,XL,1,2170,2170,1550,Cash,Dine-in,B003
101584,01/04/2025,20:47,P017,S,1,448,448,320,Online,Dine-in,B002
101585,02/04/2025,12:07,P004,XL,3,1650,4950,1100,Online,Delivery,B002
101586,02/04/2025,13:54,P007,XL,1,1665,1665,1110,Cash,Dine-in,B001
101587,02/04/2025,16:08,P013,M,3,1302,3906,930,Online,Delivery,B002
101588,02/04/2025,21:27,P006,M,3,1020,3060,680,Online,Takeaway,B002
101589,02/04/2025,20:37,P004,M,2,1050,2100,700,Card,Delivery,B003
101590,02/04/2025,11:15,P002,L,3,1275,3825,850,Cash,Dine-in,B002
101591,02/04/2025,15:11,P009,M,3,960,2880,640,Cash,Takeaway,B002
101592,02/04/2025,22:09,P023,S,2,880,1760,550,Card,Takeaway,B003
101593,02/04/2025,21:51,P013,XL,3,2142,6426,1530,Cash,Dine-in,B003
101594,02/04/2025,14:29,P017,M,1,868,868,620,Online,Dine-in,B001
101595,02/04/2025,15:47,P026,L,3,2320,6960,1450,Cash,Dine-in,B002
101596,02/04/2025,20:41,P021,L,2,1520,3040,950,Card,Delivery,B002
101597,02/04/2025,17:47,P014,M,1,1372,1372,980,Online,Delivery,B001
101598,02/04/2025,17:56,P015,L,3,1820,5460,1300,Cash,Takeaway,B003
101599,02/04/2025,12:13,P012,L,2,1750,3500,1250,Online,Takeaway,B003
101600,02/04/2025,19:18,P008,S,2,630,1260,420,Card,Delivery,B001
101601,02/04/2025,22:20,P004,L,1,1350,1350,900,Card,Dine-in,B001
101602,03/04/2025,12:22,P026,L,1,2320,2320,1450,Online,Delivery,B001
101603,03/04/2025,19:38,P003,XL,2,1545,3090,1030,Cash,Delivery,B001
101604,03/04/2025,16:20,P025,S,1,1200,1200,750,Card,Delivery,B001
101605,03/04/2025,12:26,P007,S,3,765,2295,510,Online,Dine-in,B002
101606,03/04/2025,11:38,P007,M,3,1065,3195,710,Cash,Delivery,B002
101607,03/04/2025,17:45,P020,L,1,1400,1400,1000,Online,Delivery,B001
101608,03/04/2025,16:47,P001,XL,3,1500,4500,1000,Card,Delivery,B002
101609,03/04/2025,14:47,P019,XL,2,1792,3584,1280,Cash,Dine-in,B001
101610,03/04/2025,14:23,P008,M,2,930,1860,620,Cash,Takeaway,B003
101611,03/04/2025,11:08,P021,M,3,1040,3120,650,Card,Delivery,B002
101612,03/04/2025,16:12,P015,L,3,1820,5460,1300,Cash,Delivery,B001
101613,03/04/2025,18:53,P010,XL,2,1590,3180,1060,Card,Delivery,B002
101614,03/04/2025,20:05,P004,L,1,1350,1350,900,Cash,Delivery,B002
101615,03/04/2025,16:06,P001,M,2,900,1800,600,Online,Takeaway,B003
101616,03/04/2025,20:28,P005,S,2,690,1380,460,Card,Takeaway,B002
101617,03/04/2025,16:17,P024,L,3,2000,6000,1250,Card,Delivery,B003
101618,03/04/2025,18:31,P022,M,2,1200,2400,750,Cash,Dine-in,B003
101619,03/04/2025,11:58,P016,M,3,780,2340,600,Online,Dine-in,B003
101620,04/04/2025,17:09,P012,S,2,910,1820,650,Cash,Dine-in,B003
101621,04/04/2025,13:35,P018,S,2,490,980,350,Online,Delivery,B003
101622,04/04/2025,11:08,P010,S,3,690,2070,460,Card,Takeaway,B001
101623,04/04/2025,15:03,P007,S,1,765,765,510,Online,Delivery,B002
101624,04/04/2025,15:43,P022,S,3,720,2160,450,Card,Dine-in,B002
101625,04/04/2025,15:14,P003,XL,3,1545,4635,1030,Cash,Takeaway,B002
101626,04/04/2025,11:11,P015,S,1,980,980,700,Cash,Delivery,B002
101627,04/04/2025,15:58,P023,L,2,1840,3680,1150,Cash,Takeaway,B002
101628,04/04/2025,14:00,P022,XL,2,2160,4320,1350,Cash,Delivery,B001
101629,04/04/2025,17:02,P001,S,1,600,600,400,Cash,Takeaway,B003
101630,04/04/2025,22:46,P024,L,2,2000,4000,1250,Cash,Takeaway,B001
101631,04/04/2025,15:46,P019,M,3,952,2856,680,Card,Delivery,B003
101632,04/04/2025,18:35,P013,M,3,1302,3906,930,Cash,Takeaway,B002
101633,04/04/2025,13:36,P015,M,2,1400,2800,1000,Cash,Takeaway,B001
101634,04/04/2025,11:58,P014,S,1,952,952,680,Card,Dine-in,B002
101635,04/04/2025,13:50,P006,S,1,720,720,480,Online,Takeaway,B003
101636,04/04/2025,13:29,P009,M,2,960,1920,640,Card,Delivery,B001
101637,05/04/2025,15:42,P002,S,3,675,2025,450,Card,Takeaway,B001
101638,05/04/2025,12:16,P017,XL,1,1708,1708,1220,Online,Dine-in,B001
101639,05/04/2025,12:33,P022,L,2,1680,3360,1050,Card,Delivery,B003
101640,05/04/2025,18:16,P020,M,2,980,1960,700,Card,Takeaway,B001
101641,05/04/2025,15:54,P005,M,1,990,990,660,Card,Delivery,B002
101642,05/04/2025,16:01,P002,S,2,675,1350,450,Online,Dine-in,B003
101643,05/04/2025,22:10,P005,XL,1,1590,1590,1060,Card,Delivery,B002
101644,05/04/2025,21:45,P013,M,2,1302,2604,930,Card,Dine-in,B002
101645,05/04/2025,13:18,P013,S,2,882,1764,630,Card,Delivery,B001
101646,05/04/2025,12:37,P023,S,3,880,2640,550,Cash,Takeaway,B002
101647,05/04/2025,12:48,P004,S,2,750,1500,500,Cash,Dine-in,B002
101648,05/04/2025,17:38,P024,L,3,2000,6000,1250,Online,Delivery,B002
101649,05/04/2025,15:06,P020,S,1,560,560,400,Cash,Dine-in,B003
101650,05/04/2025,20:26,P006,S,2,720,1440,480,Card,Dine-in,B001
101651,05/04/2025,12:45,P023,L,2,1840,3680,1150,Cash,Delivery,B001
101652,05/04/2025,18:34,P020,M,1,980,980,700,Cash,Dine-in,B001
101653,05/04/2025,20:35,P024,XL,2,2480,4960,1550,Online,Takeaway,B002
101654,06/04/2025,14:56,P015,XL,3,2240,6720,1600,Online,Dine-in,B002
101655,06/04/2025,15:38,P023,XL,1,2320,2320,1450,Card,Takeaway,B001
101656,06/04/2025,12:42,P012,XL,1,2170,2170,1550,Card,Takeaway,B001
101657,06/04/2025,13:10,P023,L,3,1840,5520,1150,Cash,Takeaway,B002
101658,06/04/2025,22:05,P014,M,2,1372,2744,980,Online,Delivery,B002
101659,06/04/2025,11:36,P008,M,3,930,2790,620,Card,Takeaway,B002
101660,06/04/2025,14:37,P019,S,3,532,1596,380,Cash,Dine-in,B001
101661,06/04/2025,15:42,P023,M,2,1360,2720,850,Online,Delivery,B002
101662,06/04/2025,12:21,P006,L,3,1320,3960,880,Cash,Delivery,B001
101663,06/04/2025,22:05,P004,XL,1,1650,1650,1100,Online,Dine-in,B001
101664,06/04/2025,14:19,P014,L,1,1792,1792,1280,Online,Takeaway,B001
101665,06/04/2025,22:53,P020,S,1,560,560,400,Online,Takeaway,B001
101666,06/04/2025,18:00,P014,S,2,952,1904,680,Online,Takeaway,B002
101667,06/04/2025,12:49,P022,M,1,1200,1200,750,Cash,Dine-in,B002
101668,06/04/2025,20:09,P003,XL,2,1545,3090,1030,Card,Dine-in,B002
101669,06/04/2025,14:04,P023,S,1,880,880,550,Card,Delivery,B003
101670,06/04/2025,12:53,P017,L,1,1288,1288,920,Cash,Delivery,B001
101671,06/04/2025,12:01,P020,L,1,1400,1400,1000,Card,Dine-in,B002
101672,07/04/2025,17:51,P006,S,2,720,1440,480,Cash,Takeaway,B002
101673,07/04/2025,20:46,P023,L,1,1840,1840,1150,Card,Delivery,B001
101674,07/04/2025,13:07,P001,XL,3,1500,4500,1000,Card,Dine-in,B003
101675,07/04/2025,21:56,P010,M,2,990,1980,660,Card,Delivery,B003
101676,07/04/2025,22:25,P025,L,2,2160,4320,1350,Online,Takeaway,B001
101677,07/04/2025,13:29,P009,S,3,660,1980,440,Cash,Dine-in,B001
101678,07/04/2025,14:09,P001,M,2,900,1800,600,Online,Dine-in,B003
101679,07/04/2025,11:09,P025,M,1,1680,1680,1050,Cash,Takeaway,B001
101680,07/04/2025,19:29,P005,S,1,690,690,460,Card,Takeaway,B003
101681,07/04/2025,15:15,P023,S,3,880,2640,550,Cash,Dine-in,B001
101682,07/04/2025,13:30,P012,M,3,1330,3990,950,Online,Dine-in,B001
101683,07/04/2025,15:08,P013,S,1,882,882,630,Card,Delivery,B001
101684,07/04/2025,12:49,P008,S,1,630,630,420,Card,Dine-in,B002
101685,07/04/2025,13:09,P017,L,3,1288,3864,920,Online,Dine-in,B001
101686,07/04/2025,15:34,P007,M,1,1065,1065,710,Online,Takeaway,B002
101687,07/04/2025,11:18,P020,XL,2,1820,3640,1300,Card,Dine-in,B001
101688,07/04/2025,19:51,P011,S,2,840,1680,600,Card,Dine-in,B001
101689,08/04/2025,20:59,P007,M,3,1065,3195,710,Card,Takeaway,B002
101690,08/04/2025,14:35,P014,L,1,1792,1792,1280,Card,Takeaway,B003
101691,08/04/2025,16:06,P013,S,1,882,882,630,Cash,Dine-in,B003
101692,08/04/2025,21:56,P023,S,1,880,880,550,Online,Delivery,B001
101693,08/04/2025,15:35,P005,L,2,1290,2580,860,Card,Delivery,B003
101694,08/04/2025,14:25,P019,L,3,1372,4116,980,Cash,Takeaway,B003
101695,08/04/2025,21:40,P006,M,3,1020,3060,680,Online,Delivery,B002
101696,08/04/2025,12:47,P018,L,3,1330,3990,950,Cash,Delivery,B001
101697,08/04/2025,11:53,P005,M,3,990,2970,660,Card,Delivery,B003
101698,08/04/2025,13:34,P008,M,3,930,2790,620,Cash,Dine-in,B002
101699,08/04/2025,11:33,P012,M,1,1330,1330,950,Online,Takeaway,B002
101700,08/04/2025,20:00,P005,XL,1,1590,1590,1060,Card,Delivery,B001
101701,08/04/2025,12:06,P012,M,2,1330,2660,950,Card,Takeaway,B003
101702,08/04/2025,12:44,P004,XL,1,1650,1650,1100,Card,Takeaway,B003
101703,08/04/2025,20:05,P016,L,3,1170,3510,900,Online,Dine-in,B001
101704,08/04/2025,20:16,P018,XL,3,1750,5250,1250,Online,Takeaway,B002
101705,08/04/2025,21:32,P025,XL,3,2640,7920,1650,Cash,Dine-in,B003
101706,08/04/2025,12:01,P014,XL,1,2212,2212,1580,Cash,Delivery,B001
101707,09/04/2025,18:27,P011,S,2,840,1680,600,Cash,Takeaway,B003
101708,09/04/2025,16:42,P018,L,3,1330,3990,950,Card,Dine-in,B003
101709,09/04/2025,18:47,P022,L,2,1680,3360,1050,Cash,Takeaway,B002
101710,09/04/2025,17:42,P021,M,3,1040,3120,650,Card,Delivery,B002
101711,09/04/2025,22:06,P019,S,3,532,1596,380,Cash,Takeaway,B002
101712,09/04/2025,18:34,P024,M,3,1520,4560,950,Cash,Dine-in,B003
101713,09/04/2025,17:33,P015,L,3,1820,5460,1300,Online,Dine-in,B002
101714,09/04/2025,20:41,P017,M,2,868,1736,620,Card,Dine-in,B002
101715,09/04/2025,14:39,P001,L,3,1200,3600,800,Cash,Takeaway,B003
101716,09/04/2025,21:51,P026,L,2,2320,4640,1450,Cash,Dine-in,B002
101717,09/04/2025,19:39,P003,S,1,645,645,430,Card,Delivery,B001
101718,09/04/2025,20:05,P007,L,1,1365,1365,910,Card,Delivery,B001
101719,09/04/2025,19:30,P018,S,2,490,980,350,Cash,Takeaway,B001
101720,09/04/2025,13:09,P025,XL,2,2640,5280,1650,Cash,Takeaway,B003
101721,09/04/2025,13:46,P017,M,3,868,2604,620,Online,Dine-in,B003
101722,09/04/2025,21:20,P010,XL,1,1590,1590,1060,Online,Takeaway,B003
101723,09/04/2025,15:12,P008,M,2,930,1860,620,Cash,Dine-in,B003
101724,10/04/2025,21:31,P024,XL,2,2480,4960,1550,Online,Dine-in,B002
101725,10/04/2025,18:56,P001,XL,2,1500,3000,1000,Cash,Delivery,B003
101726,10/04/2025,11:56,P024,S,1,1040,1040,650,Cash,Takeaway,B001
101727,10/04/2025,20:00,P008,L,2,1230,2460,820,Online,Takeaway,B002
101728,10/04/2025,20:23,P007,XL,1,1665,1665,1110,Online,Takeaway,B002
101729,10/04/2025,21:05,P010,XL,3,1590,4770,1060,Online,Delivery,B002
101730,10/04/2025,16:30,P014,L,2,1792,3584,1280,Cash,Delivery,B003
101731,10/04/2025,17:56,P005,L,2,1290,2580,860,Online,Delivery,B002
101732,10/04/2025,12:12,P006,M,2,1020,2040,680,Card,Delivery,B001
101733,10/04/2025,12:52,P007,S,2,765,1530,510,Cash,Delivery,B003
101734,10/04/2025,22:16,P018,S,3,490,1470,350,Card,Takeaway,B003
101735,10/04/2025,11:19,P025,L,3,2160,6480,1350,Card,Dine-in,B003
101736,10/04/2025,19:44,P014,L,1,1792,1792,1280,Online,Dine-in,B003
101737,10/04/2025,12:59,P012,M,2,1330,2660,950,Card,Takeaway,B002
101738,10/04/2025,21:35,P016,S,2,420,840,300,Cash,Delivery,B003
101739,10/04/2025,21:21,P003,L,1,1245,1245,830,Card,Delivery,B002
101740,10/04/2025,16:44,P022,M,2,1200,2400,750,Cash,Delivery,B001
101741,11/04/2025,17:26,P014,S,1,952,952,680,Card,Takeaway,B002
101742,11/04/2025,13:46,P006,M,1,1020,1020,680,Cash,Delivery,B003
101743,11/04/2025,19:14,P003,S,2,645,1290,430,Cash,Dine-in,B002
101744,11/04/2025,19:18,P009,M,1,960,960,640,Cash,Takeaway,B001
101745,11/04/2025,20:02,P022,XL,3,2160,6480,1350,Cash,Delivery,B003
101746,11/04/2025,22:31,P010,M,3,990,2970,660,Cash,Dine-in,B001
101747,11/04/2025,22:05,P016,M,3,780,2340,600,Online,Dine-in,B001
101748,11/04/2025,15:58,P017,XL,2,1708,3416,1220,Online,Dine-in,B001
101749,11/04/2025,17:09,P018,L,2,1330,2660,950,Cash,Dine-in,B003
101750,11/04/2025,20:54,P009,L,1,1260,1260,840,Online,Delivery,B002
101751,11/04/2025,20:25,P008,XL,1,1530,1530,1020,Cash,Delivery,B003
101752,11/04/2025,14:48,P026,L,1,2320,2320,1450,Cash,Dine-in,B003
101753,11/04/2025,12:32,P001,M,3,900,2700,600,Card,Dine-in,B001
101754,11/04/2025,15:51,P022,L,1,1680,1680,1050,Card,Delivery,B001
101755,11/04/2025,16:37,P004,M,1,1050,1050,700,Card,Takeaway,B001
101756,11/04/2025,16:26,P010,L,2,1290,2580,860,Card,Dine-in,B003
101757,11/04/2025,18:08,P013,XL,2,2142,4284,1530,Card,Delivery,B003
101758,11/04/2025,18:52,P005,XL,2,1590,3180,1060,Online,Dine-in,B002
101759,12/04/2025,20:48,P025,XL,2,2640,5280,1650,Card,Delivery,B002
101760,12/04/2025,20:37,P002,S,1,675,675,450,Card,Dine-in,B002
101761,12/04/2025,22:32,P012,L,1,1750,1750,1250,Cash,Takeaway,B003
101762,12/04/2025,14:03,P004,XL,2,1650,3300,1100,Cash,Dine-in,B003
101763,12/04/2025,18:51,P020,M,3,980,2940,700,Cash,Dine-in,B001
101764,12/04/2025,11:34,P016,L,3,1170,3510,900,Card,Dine-in,B002
101765,12/04/2025,22:08,P013,L,1,1722,1722,1230,Card,Takeaway,B003
101766,12/04/2025,16:04,P009,M,2,960,1920,640,Cash,Dine-in,B002
101767,12/04/2025,17:26,P017,S,2,448,896,320,Card,Takeaway,B003
101768,12/04/2025,17:24,P002,M,1,975,975,650,Card,Takeaway,B002
101769,12/04/2025,13:19,P021,L,3,1520,4560,950,Cash,Delivery,B001
101770,12/04/2025,21:19,P003,XL,1,1545,1545,1030,Cash,Takeaway,B002
101771,12/04/2025,19:52,P008,M,3,930,2790,620,Online,Dine-in,B002
101772,12/04/2025,22:21,P009,L,1,1260,1260,840,Cash,Dine-in,B002
101773,12/04/2025,18:36,P007,M,2,1065,2130,710,Cash,Takeaway,B003
101774,12/04/2025,22:20,P019,L,1,1372,1372,980,Online,Dine-in,B003
101775,12/04/2025,16:37,P004,XL,1,1650,1650,1100,Card,Dine-in,B003
101776,13/04/2025,21:26,P014,L,1,1792,1792,1280,Card,Takeaway,B003
101777,13/04/2025,19:27,P023,XL,1,2320,2320,1450,Card,Dine-in,B003
101778,13/04/2025,12:29,P023,M,1,1360,1360,850,Cash,Takeaway,B001
101779,13/04/2025,11:13,P008,S,1,630,630,420,Card,Takeaway,B003
101780,13/04/2025,20:07,P001,S,3,600,1800,400,Cash,Dine-in,B001
101781,13/04/2025,21:24,P024,S,1,1040,1040,650,Cash,Delivery,B002
101782,13/04/2025,21:58,P014,L,2,1792,3584,1280,Online,Dine-in,B001
101783,13/04/2025,18:58,P001,M,1,900,900,600,Online,Takeaway,B001
101784,13/04/2025,19:42,P004,S,3,750,2250,500,Online,Takeaway,B003
101785,13/04/2025,19:42,P022,XL,2,2160,4320,1350,Online,Delivery,B003
101786,13/04/2025,12:51,P008,M,1,930,930,620,Card,Dine-in,B003
101787,13/04/2025,15:59,P003,L,1,1245,1245,830,Cash,Dine-in,B001
101788,13/04/2025,16:02,P001,L,3,1200,3600,800,Card,Delivery,B003
101789,13/04/2025,15:54,P002,XL,3,1575,4725,1050,Online,Delivery,B002
101790,13/04/2025,15:16,P002,M,3,975,2925,650,Cash,Delivery,B003
101791,13/04/2025,17:26,P015,XL,3,2240,6720,1600,Cash,Delivery,B003
101792,13/04/2025,21:58,P024,L,3,2000,6000,1250,Online,Takeaway,B002
101793,13/04/2025,15:40,P009,L,1,1260,1260,840,Cash,Delivery,B003
101794,14/04/2025,21:11,P021,XL,3,2000,6000,1250,Online,Delivery,B002
101795,14/04/2025,15:49,P022,S,2,720,1440,450,Online,Dine-in,B003
101796,14/04/2025,21:38,P020,L,2,1400,2800,1000,Online,Dine-in,B002
101797,14/04/2025,12:15,P020,M,2,980,1960,700,Cash,Delivery,B002
101798,14/04/2025,14:58,P014,M,3,1372,4116,980,Online,Delivery,B003
101799,14/04/2025,11:41,P025,S,1,1200,1200,750,Cash,Takeaway,B002
101800,14/04/2025,11:28,P011,XL,1,2100,2100,1500,Online,Takeaway,B001
101801,14/04/2025,21:26,P015,M,1,1400,1400,1000,Online,Takeaway,B002
101802,14/04/2025,11:59,P009,M,1,960,960,640,Card,Takeaway,B001
101803,14/04/2025,18:20,P025,L,2,2160,4320,1350,Cash,Dine-in,B002
101804,14/04/2025,20:01,P004,L,1,1350,1350,900,Online,Dine-in,B003
101805,14/04/2025,15:10,P004,XL,3,1650,4950,1100,Online,Delivery,B002
101806,14/04/2025,13:21,P010,XL,1,1590,1590,1060,Online,Dine-in,B003
101807,14/04/2025,16:41,P005,L,2,1290,2580,860,Online,Takeaway,B002
101808,14/04/2025,21:06,P009,L,2,1260,2520,840,Cash,Delivery,B001
101809,14/04/2025,15:21,P018,M,2,910,1820,650,Card,Dine-in,B003
101810,14/04/2025,17:45,P024,S,1,1040,1040,650,Online,Delivery,B002
101811,15/04/2025,17:50,P012,L,1,1750,1750,1250,Cash,Delivery,B001
101812,15/04/2025,11:36,P014,S,2,952,1904,680,Online,Delivery,B001
101813,15/04/2025,21:18,P026,XL,2,2800,5600,1750,Online,Delivery,B001
101814,15/04/2025,13:57,P014,XL,2,2212,4424,1580,Online,Delivery,B003
101815,15/04/2025,21:53,P009,S,2,660,1320,440,Card,Delivery,B002
101816,15/04/2025,18:39,P008,L,3,1230,3690,820,Cash,Takeaway,B001
101817,15/04/2025,21:16,P010,L,3,1290,3870,860,Online,Delivery,B001
101818,15/04/2025,13:00,P003,L,3,1245,3735,830,Card,Delivery,B002
101819,15/04/2025,18:50,P007,L,2,1365,2730,910,Cash,Dine-in,B003
101820,15/04/2025,11:23,P015,XL,3,2240,6720,1600,Online,Dine-in,B001
101821,15/04/2025,11:19,P025,L,2,2160,4320,1350,Online,Dine-in,B001
101822,15/04/2025,15:56,P010,XL,1,1590,1590,1060,Card,Delivery,B001
101823,15/04/2025,16:57,P010,XL,2,1590,3180,1060,Cash,Delivery,B003
101824,15/04/2025,13:08,P022,L,2,1680,3360,1050,Card,Delivery,B002
101825,15/04/2025,19:58,P022,L,3,1680,5040,1050,Online,Dine-in,B002
101826,15/04/2025,14:47,P022,M,2,1200,2400,750,Online,Takeaway,B002
101827,15/04/2025,14:13,P010,M,2,990,1980,660,Card,Dine-in,B003
101828,16/04/2025,15:21,P022,XL,3,2160,6480,1350,Cash,Takeaway,B001
101829,16/04/2025,11:28,P016,S,3,420,1260,300,Online,Takeaway,B003
101830,16/04/2025,14:54,P020,XL,2,1820,3640,1300,Cash,Dine-in,B001
101831,16/04/2025,15:25,P010,S,2,690,1380,460,Cash,Dine-in,B002
101832,16/04/2025,15:05,P003,M,1,945,945,630,Online,Dine-in,B001
101833,16/04/2025,13:51,P024,L,3,2000,6000,1250,Cash,Delivery,B002
101834,16/04/2025,13:39,P003,L,2,1245,2490,830,Card,Dine-in,B003
101835,16/04/2025,20:46,P021,L,3,1520,4560,950,Online,Dine-in,B002
101836,16/04/2025,17:22,P014,L,3,1792,5376,1280,Online,Takeaway,B001
101837,16/04/2025,22:33,P020,M,3,980,2940,700,Card,Takeaway,B001
101838,16/04/2025,14:02,P002,L,1,1275,1275,850,Cash,Takeaway,B001
101839,16/04/2025,21:49,P014,S,3,952,2856,680,Online,Dine-in,B002
101840,16/04/2025,22:37,P012,XL,1,2170,2170,1550,Cash,Takeaway,B001
101841,16/04/2025,20:24,P006,XL,2,1620,3240,1080,Card,Dine-in,B003
101842,16/04/2025,20:01,P020,S,1,560,560,400,Card,Takeaway,B003
101843,16/04/2025,22:34,P026,L,3,2320,6960,1450,Card,Delivery,B002
101844,16/04/2025,13:44,P021,L,2,1520,3040,950,Card,Takeaway,B002
101845,16/04/2025,16:34,P016,L,3,1170,3510,900,Online,Delivery,B001
101846,17/04/2025,22:47,P011,XL,3,2100,6300,1500,Card,Dine-in,B002
101847,17/04/2025,14:55,P002,XL,2,1575,3150,1050,Card,Takeaway,B001
101848,17/04/2025,14:09,P019,S,1,532,532,380,Cash,Dine-in,B003
101849,17/04/2025,21:49,P018,M,2,910,1820,650,Card,Takeaway,B003
101850,17/04/2025,20:11,P021,M,2,1040,2080,650,Cash,Delivery,B001
101851,17/04/2025,15:34,P021,XL,1,2000,2000,1250,Cash,Dine-in,B002
101852,17/04/2025,15:24,P005,M,1,990,990,660,Cash,Dine-in,B002
101853,17/04/2025,12:50,P009,M,2,960,1920,640,Online,Delivery,B001
101854,17/04/2025,19:03,P003,L,1,1245,1245,830,Card,Dine-in,B002
101855,17/04/2025,21:00,P002,M,2,975,1950,650,Cash,Delivery,B001
101856,17/04/2025,18:27,P014,XL,3,2212,6636,1580,Card,Takeaway,B001
101857,17/04/2025,13:58,P001,XL,2,1500,3000,1000,Online,Takeaway,B002
101858,17/04/2025,12:15,P023,S,1,880,880,550,Cash,Dine-in,B002
101859,17/04/2025,22:18,P010,S,1,690,690,460,Online,Delivery,B002
101860,17/04/2025,15:54,P008,XL,1,1530,1530,1020,Cash,Dine-in,B002
101861,17/04/2025,16:38,P022,M,1,1200,1200,750,Card,Takeaway,B003
101862,17/04/2025,22:57,P022,M,2,1200,2400,750,Online,Dine-in,B003
101863,18/04/2025,20:27,P012,XL,2,2170,4340,1550,Card,Takeaway,B003
101864,18/04/2025,19:47,P012,M,1,1330,1330,950,Cash,Dine-in,B002
101865,18/04/2025,15:55,P011,M,2,1260,2520,900,Cash,Dine-in,B003
101866,18/04/2025,21:54,P021,L,2,1520,3040,950,Cash,Takeaway,B002
101867,18/04/2025,15:56,P022,M,1,1200,1200,750,Cash,Dine-in,B002
101868,18/04/2025,18:56,P012,M,2,1330,2660,950,Online,Takeaway,B003
101869,18/04/2025,19:22,P008,L,2,1230,2460,820,Cash,Takeaway,B002
101870,18/04/2025,19:39,P012,L,2,1750,3500,1250,Card,Takeaway,B001
101871,18/04/2025,16:45,P002,S,2,675,1350,450,Cash,Delivery,B003
101872,18/04/2025,12:39,P009,S,1,660,660,440,Cash,Takeaway,B001
101873,18/04/2025,13:06,P009,M,2,960,1920,640,Online,Delivery,B002
101874,18/04/2025,21:44,P019,L,2,1372,2744,980,Card,Delivery,B003
101875,18/04/2025,18:29,P009,M,2,960,1920,640,Online,Dine-in,B002
101876,18/04/2025,19:46,P007,M,3,1065,3195,710,Cash,Dine-in,B002
101877,18/04/2025,15:11,P001,L,1,1200,1200,800,Card,Dine-in,B001
101878,18/04/2025,22:00,P006,XL,3,1620,4860,1080,Card,Dine-in,B001
101879,18/04/2025,18:34,P008,XL,2,1530,3060,1020,Online,Dine-in,B002
101880,18/04/2025,11:26,P018,S,1,490,490,350,Card,Dine-in,B003
101881,19/04/2025,14:42,P001,L,2,1200,2400,800,Cash,Delivery,B002
101882,19/04/2025,18:57,P004,S,1,750,750,500,Card,Dine-in,B003
101883,19/04/2025,16:12,P006,S,1,720,720,480,Card,Dine-in,B002
101884,19/04/2025,20:25,P008,S,3,630,1890,420,Cash,Takeaway,B003
101885,19/04/2025,14:35,P018,M,3,910,2730,650,Online,Takeaway,B002
101886,19/04/2025,15:52,P003,M,1,945,945,630,Card,Takeaway,B002
101887,19/04/2025,14:03,P004,M,2,1050,2100,700,Cash,Dine-in,B003
101888,19/04/2025,20:48,P024,L,3,2000,6000,1250,Cash,Dine-in,B002
101889,19/04/2025,14:12,P011,XL,2,2100,4200,1500,Card,Delivery,B001
101890,19/04/2025,17:41,P007,S,1,765,765,510,Card,Takeaway,B002
101891,19/04/2025,15:34,P026,S,1,1360,1360,850,Online,Delivery,B001
101892,19/04/2025,20:18,P022,M,1,1200,1200,750,Online,Delivery,B001
101893,19/04/2025,21:26,P023,S,1,880,880,550,Card,Takeaway,B001
101894,19/04/2025,15:12,P021,XL,2,2000,4000,1250,Cash,Dine-in,B001
101895,19/04/2025,21:10,P014,L,2,1792,3584,1280,Cash,Takeaway,B001
101896,19/04/2025,13:41,P004,S,1,750,750,500,Card,Takeaway,B001
101897,19/04/2025,14:29,P015,S,2,980,1960,700,Online,Takeaway,B001
101898,20/04/2025,14:11,P019,M,1,952,952,680,Cash,Delivery,B001
101899,20/04/2025,20:26,P026,S,1,1360,1360,850,Cash,Takeaway,B003
101900,20/04/2025,21:39,P026,S,1,1360,1360,850,Card,Delivery,B002
101901,20/04/2025,20:12,P018,XL,3,1750,5250,1250,Cash,Delivery,B002
101902,20/04/2025,22:05,P014,L,1,1792,1792,1280,Online,Delivery,B003
101903,20/04/2025,15:38,P025,M,2,1680,3360,1050,Online,Delivery,B003
101904,20/04/2025,11:30,P021,XL,3,2000,6000,1250,Online,Takeaway,B002
101905,20/04/2025,21:43,P009,L,2,1260,2520,840,Card,Takeaway,B002
101906,20/04/2025,22:35,P020,L,1,1400,1400,1000,Card,Dine-in,B002
101907,20/04/2025,20:56,P018,XL,1,1750,1750,1250,Card,Delivery,B003
101908,20/04/2025,12:20,P006,S,2,720,1440,480,Online,Takeaway,B003
101909,20/04/2025,13:39,P011,L,2,1680,3360,1200,Cash,Takeaway,B003
101910,20/04/2025,19:46,P003,S,1,645,645,430,Card,Takeaway,B003
101911,20/04/2025,20:45,P009,M,1,960,960,640,Cash,Takeaway,B003
101912,20/04/2025,17:21,P012,L,2,1750,3500,1250,Cash,Takeaway,B002
101913,20/04/2025,13:53,P006,M,1,1020,1020,680,Card,Takeaway,B001
101914,20/04/2025,19:55,P013,S,2,882,1764,630,Card,Dine-in,B003
101915,21/04/2025,20:03,P007,M,3,1065,3195,710,Cash,Takeaway,B002
101916,21/04/2025,11:15,P010,M,3,990,2970,660,Card,Takeaway,B002
101917,21/04/2025,19:00,P015,S,3,980,2940,700,Card,Dine-in,B003
101918,21/04/2025,15:07,P024,L,3,2000,6000,1250,Cash,Delivery,B003
101919,21/04/2025,16:46,P019,S,3,532,1596,380,Card,Takeaway,B003
101920,21/04/2025,19:08,P009,L,1,1260,1260,840,Online,Dine-in,B003
101921,21/04/2025,13:41,P005,XL,3,1590,4770,1060,Card,Dine-in,B003
101922,21/04/2025,21:33,P024,M,3,1520,4560,950,Card,Delivery,B003
101923,21/04/2025,13:38,P008,M,2,930,1860,620,Card,Delivery,B003
101924,21/04/2025,13:28,P021,M,3,1040,3120,650,Online,Delivery,B003
101925,21/04/2025,20:01,P018,M,3,910,2730,650,Cash,Delivery,B001
101926,21/04/2025,21:53,P016,L,2,1170,2340,900,Cash,Dine-in,B001
101927,21/04/2025,19:09,P022,M,1,1200,1200,750,Cash,Delivery,B002
101928,21/04/2025,17:08,P016,L,1,1170,1170,900,Card,Takeaway,B002
101929,21/04/2025,15:05,P011,L,1,1680,1680,1200,Cash,Delivery,B003
101930,21/04/2025,17:12,P019,L,2,1372,2744,980,Card,Dine-in,B002
101931,21/04/2025,18:37,P016,S,1,420,420,300,Cash,Delivery,B003
101932,21/04/2025,21:49,P003,XL,2,1545,3090,1030,Online,Takeaway,B001
101933,22/04/2025,17:52,P013,L,3,1722,5166,1230,Online,Dine-in,B001
101934,22/04/2025,12:00,P008,S,2,630,1260,420,Card,Delivery,B002
101935,22/04/2025,21:10,P013,S,1,882,882,630,Cash,Delivery,B003
101936,22/04/2025,20:54,P022,M,2,1200,2400,750,Card,Delivery,B002
101937,22/04/2025,11:15,P024,M,1,1520,1520,950,Online,Delivery,B001
101938,22/04/2025,15:22,P026,M,3,1840,5520,1150,Online,Takeaway,B002
101939,22/04/2025,12:07,P006,S,2,720,1440,480,Online,Takeaway,B002
101940,22/04/2025,20:25,P015,L,3,1820,5460,1300,Cash,Takeaway,B003
101941,22/04/2025,14:49,P016,M,1,780,780,600,Card,Takeaway,B001
101942,22/04/2025,16:36,P024,M,1,1520,1520,950,Cash,Delivery,B001
101943,22/04/2025,15:50,P017,S,1,448,448,320,Cash,Dine-in,B001
101944,22/04/2025,22:12,P017,S,3,448,1344,320,Online,Delivery,B002
101945,22/04/2025,15:14,P014,L,3,1792,5376,1280,Cash,Dine-in,B002
101946,22/04/2025,12:12,P022,L,1,1680,1680,1050,Card,Delivery,B002
101947,22/04/2025,21:49,P017,XL,2,1708,3416,1220,Online,Delivery,B002
101948,22/04/2025,21:15,P025,XL,1,2640,2640,1650,Cash,Delivery,B002
101949,22/04/2025,11:20,P008,S,3,630,1890,420,Cash,Dine-in,B001
101950,23/04/2025,11:20,P026,XL,2,2800,5600,1750,Online,Dine-in,B003
101951,23/04/2025,16:33,P006,M,1,1020,1020,680,Cash,Dine-in,B001
101952,23/04/2025,14:30,P026,S,1,1360,1360,850,Card,Dine-in,B002
101953,23/04/2025,17:34,P019,XL,2,1792,3584,1280,Cash,Takeaway,B001
101954,23/04/2025,12:09,P007,L,1,1365,1365,910,Cash,Dine-in,B002
101955,23/04/2025,12:09,P013,L,3,1722,5166,1230,Online,Delivery,B001
101956,23/04/2025,22:35,P015,M,2,1400,2800,1000,Online,Delivery,B001
101957,23/04/2025,16:53,P023,L,1,1840,1840,1150,Cash,Takeaway,B003
101958,23/04/2025,19:09,P018,L,3,1330,3990,950,Online,Delivery,B002
101959,23/04/2025,21:03,P001,XL,3,1500,4500,1000,Online,Dine-in,B003
101960,23/04/2025,22:19,P013,XL,1,2142,2142,1530,Card,Delivery,B003
101961,23/04/2025,11:00,P007,M,2,1065,2130,710,Online,Delivery,B001
101962,23/04/2025,18:46,P025,L,1,2160,2160,1350,Card,Dine-in,B001
101963,23/04/2025,20:06,P018,M,1,910,910,650,Cash,Takeaway,B001
101964,23/04/2025,22:52,P015,M,2,1400,2800,1000,Cash,Delivery,B001
101965,23/04/2025,21:17,P013,L,2,1722,3444,1230,Cash,Takeaway,B002
101966,23/04/2025,15:21,P026,XL,2,2800,5600,1750,Card,Takeaway,B003
101967,23/04/2025,20:57,P018,S,2,490,980,350,Cash,Dine-in,B001
101968,24/04/2025,14:09,P014,L,3,1792,5376,1280,Cash,Dine-in,B003
101969,24/04/2025,19:16,P002,L,2,1275,2550,850,Card,Takeaway,B001
101970,24/04/2025,20:12,P026,S,1,1360,1360,850,Cash,Takeaway,B003
101971,24/04/2025,17:04,P017,L,2,1288,2576,920,Card,Delivery,B002
101972,24/04/2025,19:26,P014,M,3,1372,4116,980,Card,Takeaway,B003
101973,24/04/2025,20:03,P011,L,3,1680,5040,1200,Online,Delivery,B002
101974,24/04/2025,18:42,P003,S,2,645,1290,430,Online,Takeaway,B003
101975,24/04/2025,18:49,P011,S,2,840,1680,600,Cash,Dine-in,B001
101976,24/04/2025,14:37,P004,XL,2,1650,3300,1100,Online,Delivery,B003
101977,24/04/2025,18:19,P016,L,3,1170,3510,900,Cash,Delivery,B002
101978,24/04/2025,15:38,P007,XL,2,1665,3330,1110,Card,Dine-in,B001
101979,24/04/2025,19:35,P013,M,2,1302,2604,930,Card,Dine-in,B001
101980,24/04/2025,22:22,P013,M,3,1302,3906,930,Cash,Delivery,B002
101981,24/04/2025,13:06,P023,XL,3,2320,6960,1450,Card,Takeaway,B003
101982,24/04/2025,14:00,P003,S,2,645,1290,430,Card,Dine-in,B003
101983,24/04/2025,17:22,P004,XL,3,1650,4950,1100,Online,Takeaway,B003
101984,24/04/2025,15:32,P021,L,2,1520,3040,950,Cash,Takeaway,B001
101985,25/04/2025,15:52,P001,L,3,1200,3600,800,Cash,Dine-in,B002
101986,25/04/2025,14:15,P010,M,2,990,1980,660,Card,Delivery,B001
101987,25/04/2025,13:44,P021,L,2,1520,3040,950,Card,Takeaway,B001
101988,25/04/2025,15:44,P015,M,2,1400,2800,1000,Online,Delivery,B002
101989,25/04/2025,11:48,P026,XL,1,2800,2800,1750,Card,Delivery,B003
101990,25/04/2025,17:05,P007,S,3,765,2295,510,Online,Delivery,B002
101991,25/04/2025,11:21,P002,L,3,1275,3825,850,Card,Dine-in,B001
101992,25/04/2025,18:12,P013,XL,3,2142,6426,1530,Cash,Takeaway,B001
101993,25/04/2025,14:16,P016,L,2,1170,2340,900,Card,Dine-in,B001
101994,25/04/2025,17:31,P009,S,3,660,1980,440,Cash,Dine-in,B001
101995,25/04/2025,17:11,P001,M,1,900,900,600,Card,Delivery,B001
101996,25/04/2025,13:40,P015,M,2,1400,2800,1000,Card,Dine-in,B002
101997,25/04/2025,12:03,P025,M,2,1680,3360,1050,Cash,Takeaway,B002
101998,25/04/2025,18:54,P022,M,2,1200,2400,750,Card,Takeaway,B003
101999,25/04/2025,15:20,P010,XL,2,1590,3180,1060,Cash,Takeaway,B002
102000,25/04/2025,18:20,P005,S,3,690,2070,460,Cash,Dine-in,B002
102001,25/04/2025,18:02,P026,L,1,2320,2320,1450,Online,Dine-in,B001
102002,26/04/2025,13:54,P002,XL,3,1575,4725,1050,Online,Dine-in,B001
102003,26/04/2025,20:58,P001,L,1,1200,1200,800,Cash,Delivery,B001
102004,26/04/2025,17:46,P025,L,1,2160,2160,1350,Online,Takeaway,B002
102005,26/04/2025,21:36,P020,L,3,1400,4200,1000,Cash,Delivery,B002
102006,26/04/2025,20:26,P005,S,1,690,690,460,Online,Dine-in,B003
102007,26/04/2025,20:50,P015,XL,2,2240,4480,1600,Online,Delivery,B001
102008,26/04/2025,11:54,P026,L,2,2320,4640,1450,Card,Delivery,B001
102009,26/04/2025,17:39,P026,L,3,2320,6960,1450,Cash,Takeaway,B003
102010,26/04/2025,16:23,P001,M,1,900,900,600,Online,Delivery,B001
102011,26/04/2025,20:25,P007,XL,1,1665,1665,1110,Card,Takeaway,B002
102012,26/04/2025,16:18,P024,L,1,2000,2000,1250,Online,Delivery,B001
102013,26/04/2025,15:23,P004,M,3,1050,3150,700,Cash,Dine-in,B002
102014,26/04/2025,11:27,P026,M,2,1840,3680,1150,Online,Takeaway,B003
102015,26/04/2025,17:42,P026,XL,3,2800,8400,1750,Online,Takeaway,B003
102016,26/04/2025,12:35,P003,M,2,945,1890,630,Cash,Takeaway,B001
102017,26/04/2025,13:46,P016,XL,1,1560,1560,1200,Online,Dine-in,B003
102018,26/04/2025,18:02,P024,L,2,2000,4000,1250,Online,Delivery,B001
102019,26/04/2025,22:55,P010,L,3,1290,3870,860,Online,Takeaway,B002
102020,27/04/2025,18:50,P017,M,1,868,868,620,Cash,Delivery,B001
102021,27/04/2025,14:29,P017,S,1,448,448,320,Online,Dine-in,B002
102022,27/04/2025,21:36,P015,S,2,980,1960,700,Cash,Dine-in,B002
102023,27/04/2025,18:45,P017,M,1,868,868,620,Card,Takeaway,B002
102024,27/04/2025,18:09,P003,S,2,645,1290,430,Cash,Dine-in,B001
102025,27/04/2025,20:23,P015,M,1,1400,1400,1000,Card,Takeaway,B001
102026,27/04/2025,13:51,P013,L,3,1722,5166,1230,Online,Delivery,B002
102027,27/04/2025,21:44,P006,M,1,1020,1020,680,Online,Dine-in,B001
102028,27/04/2025,12:48,P002,L,3,1275,3825,850,Cash,Delivery,B002
102029,27/04/2025,22:01,P020,S,1,560,560,400,Cash,Dine-in,B001
102030,27/04/2025,17:44,P005,XL,2,1590,3180,1060,Card,Takeaway,B001
102031,27/04/2025,11:26,P005,M,3,990,2970,660,Online,Takeaway,B003
102032,27/04/2025,13:59,P025,M,2,1680,3360,1050,Card,Takeaway,B003
102033,27/04/2025,13:37,P023,L,1,1840,1840,1150,Card,Takeaway,B002
102034,27/04/2025,13:04,P011,L,2,1680,3360,1200,Cash,Delivery,B003
102035,27/04/2025,15:18,P011,XL,2,2100,4200,1500,Card,Takeaway,B001
102036,27/04/2025,22:51,P004,L,1,1350,1350,900,Cash,Dine-in,B003
102037,28/04/2025,16:51,P013,M,1,1302,1302,930,Card,Takeaway,B002
102038,28/04/2025,13:40,P016,S,1,420,420,300,Card,Delivery,B001
102039,28/04/2025,19:26,P023,M,1,1360,1360,850,Card,Dine-in,B001
102040,28/04/2025,19:22,P007,S,1,765,765,510,Cash,Delivery,B002
102041,28/04/2025,14:12,P013,L,1,1722,1722,1230,Online,Dine-in,B001
102042,28/04/2025,22:20,P004,L,1,1350,1350,900,Online,Dine-in,B002
102043,28/04/2025,21:11,P014,S,2,952,1904,680,Card,Delivery,B003
102044,28/04/2025,11:34,P001,S,1,600,600,400,Cash,Delivery,B002
102045,28/04/2025,20:04,P006,S,2,720,1440,480,Cash,Takeaway,B002
102046,28/04/2025,21:06,P011,S,3,840,2520,600,Cash,Dine-in,B001
102047,28/04/2025,18:45,P024,L,3,2000,6000,1250,Card,Takeaway,B002
102048,28/04/2025,16:42,P007,L,3,1365,4095,910,Online,Dine-in,B002
102049,28/04/2025,16:07,P001,XL,3,1500,4500,1000,Cash,Delivery,B001
102050,28/04/2025,15:00,P010,XL,1,1590,1590,1060,Card,Dine-in,B002
102051,28/04/2025,11:56,P011,M,3,1260,3780,900,Cash,Takeaway,B001
102052,28/04/2025,16:24,P025,XL,1,2640,2640,1650,Online,Delivery,B002
102053,28/04/2025,17:11,P001,M,3,900,2700,600,Online,Delivery,B002
102054,28/04/2025,16:43,P025,S,1,1200,1200,750,Online,Dine-in,B002
102055,29/04/2025,20:20,P020,XL,3,1820,5460,1300,Card,Delivery,B002
102056,29/04/2025,19:07,P021,XL,3,2000,6000,1250,Card,Takeaway,B002
102057,29/04/2025,17:28,P021,S,3,560,1680,350,Online,Delivery,B001
102058,29/04/2025,14:46,P012,M,3,1330,3990,950,Online,Takeaway,B001
102059,29/04/2025,19:31,P014,XL,1,2212,2212,1580,Online,Dine-in,B002
102060,29/04/2025,12:11,P023,XL,3,2320,6960,1450,Card,Dine-in,B002
102061,29/04/2025,11:55,P026,XL,3,2800,8400,1750,Card,Delivery,B001
102062,29/04/2025,13:38,P024,M,2,1520,3040,950,Online,Takeaway,B002
102063,29/04/2025,11:20,P023,XL,3,2320,6960,1450,Online,Delivery,B003
102064,29/04/2025,20:18,P014,S,1,952,952,680,Online,Takeaway,B003
102065,29/04/2025,12:14,P025,M,2,1680,3360,1050,Cash,Dine-in,B003
102066,29/04/2025,14:54,P019,XL,2,1792,3584,1280,Cash,Dine-in,B003
102067,29/04/2025,18:27,P001,M,1,900,900,600,Cash,Dine-in,B002
102068,29/04/2025,21:13,P008,L,3,1230,3690,820,Cash,Delivery,B002
102069,29/04/2025,16:59,P017,L,2,1288,2576,920,Cash,Delivery,B001
102070,29/04/2025,17:31,P006,L,1,1320,1320,880,Card,Delivery,B001
102071,29/04/2025,18:26,P017,M,2,868,1736,620,Online,Dine-in,B001
102072,30/04/2025,19:25,P009,S,1,660,660,440,Card,Dine-in,B001
102073,30/04/2025,19:22,P025,XL,3,2640,7920,1650,Cash,Delivery,B003
102074,30/04/2025,20:49,P022,L,3,1680,5040,1050,Card,Dine-in,B001
102075,30/04/2025,14:04,P009,M,2,960,1920,640,Cash,Delivery,B002
102076,30/04/2025,19:18,P022,S,1,720,720,450,Online,Dine-in,B002
102077,30/04/2025,16:22,P019,M,3,952,2856,680,Card,Delivery,B001
102078,30/04/2025,18:10,P017,S,2,448,896,320,Cash,Delivery,B001
102079,30/04/2025,13:49,P001,S,2,600,1200,400,Online,Delivery,B002
102080,30/04/2025,15:36,P004,XL,1,1650,1650,1100,Online,Delivery,B002
102081,30/04/2025,20:22,P017,XL,2,1708,3416,1220,Card,Dine-in,B002
102082,30/04/2025,11:18,P014,S,1,952,952,680,Card,Delivery,B002
102083,30/04/2025,19:19,P001,M,1,900,900,600,Online,Dine-in,B002
102084,30/04/2025,11:10,P016,L,2,1170,2340,900,Card,Delivery,B002
102085,30/04/2025,13:56,P002,L,2,1275,2550,850,Cash,Takeaway,B002
102086,30/04/2025,16:39,P009,L,3,1260,3780,840,Card,Dine-in,B003
102087,30/04/2025,20:44,P007,S,3,765,2295,510,Online,Takeaway,B002
102088,30/04/2025,14:47,P002,L,1,1275,1275,850,Card,Takeaway,B003
102089,01/05/2025,16:31,P019,M,2,952,1904,680,Online,Dine-in,B002
102090,01/05/2025,20:57,P014,XL,1,2212,2212,1580,Online,Dine-in,B001
102091,01/05/2025,18:25,P010,S,2,690,1380,460,Card,Dine-in,B002
102092,01/05/2025,11:55,P021,S,1,560,560,350,Online,Takeaway,B003
102093,01/05/2025,22:31,P024,L,3,2000,6000,1250,Online,Takeaway,B002
102094,01/05/2025,13:40,P009,S,3,660,1980,440,Online,Takeaway,B001
102095,01/05/2025,18:44,P014,S,3,952,2856,680,Online,Delivery,B003
102096,01/05/2025,15:34,P010,XL,1,1590,1590,1060,Card,Delivery,B002
102097,01/05/2025,15:49,P007,XL,1,1665,1665,1110,Card,Dine-in,B001
102098,01/05/2025,18:51,P024,S,2,1040,2080,650,Card,Dine-in,B003
102099,01/05/2025,16:40,P026,S,3,1360,4080,850,Card,Delivery,B001
102100,01/05/2025,22:11,P026,XL,2,2800,5600,1750,Card,Dine-in,B003
102101,01/05/2025,19:59,P011,L,1,1680,1680,1200,Online,Delivery,B002
102102,01/05/2025,19:44,P008,M,3,930,2790,620,Cash,Takeaway,B001
102103,01/05/2025,20:33,P019,XL,1,1792,1792,1280,Card,Dine-in,B002
102104,01/05/2025,15:44,P013,S,1,882,882,630,Cash,Delivery,B002
102105,01/05/2025,22:47,P016,XL,1,1560,1560,1200,Online,Delivery,B002
102106,01/05/2025,19:43,P023,S,2,880,1760,550,Online,Dine-in,B002
102107,02/05/2025,12:08,P017,M,1,868,868,620,Card,Dine-in,B001
102108,02/05/2025,13:14,P008,S,3,630,1890,420,Cash,Delivery,B002
102109,02/05/2025,15:06,P020,L,1,1400,1400,1000,Cash,Takeaway,B001
102110,02/05/2025,14:29,P012,S,2,910,1820,650,Cash,Takeaway,B003
102111,02/05/2025,18:39,P024,S,1,1040,1040,650,Card,Dine-in,B003
102112,02/05/2025,22:31,P005,L,3,1290,3870,860,Online,Delivery,B003
102113,02/05/2025,22:05,P015,M,2,1400,2800,1000,Card,Delivery,B003
102114,02/05/2025,13:18,P003,L,3,1245,3735,830,Cash,Takeaway,B001
102115,02/05/2025,18:53,P010,S,2,690,1380,460,Card,Takeaway,B003
102116,02/05/2025,19:54,P019,S,1,532,532,380,Card,Takeaway,B002
102117,02/05/2025,15:07,P003,XL,3,1545,4635,1030,Cash,Takeaway,B002
102118,02/05/2025,21:54,P009,XL,3,1560,4680,1040,Card,Takeaway,B003
102119,02/05/2025,11:33,P018,XL,3,1750,5250,1250,Card,Dine-in,B002
102120,02/05/2025,11:25,P011,XL,2,2100,4200,1500,Card,Dine-in,B003
102121,02/05/2025,16:31,P003,L,1,1245,1245,830,Cash,Delivery,B002
102122,02/05/2025,11:53,P026,M,2,1840,3680,1150,Card,Delivery,B002
102123,02/05/2025,20:00,P001,S,3,600,1800,400,Card,Delivery,B002
102124,03/05/2025,15:17,P012,M,3,1330,3990,950,Cash,Takeaway,B003
102125,03/05/2025,14:57,P001,S,1,600,600,400,Card,Dine-in,B001
102126,03/05/2025,13:30,P026,XL,2,2800,5600,1750,Online,Delivery,B002
102127,03/05/2025,11:21,P011,S,1,840,840,600,Cash,Takeaway,B002
102128,03/05/2025,14:56,P003,XL,3,1545,4635,1030,Cash,Delivery,B001
102129,03/05/2025,18:05,P020,M,3,980,2940,700,Cash,Dine-in,B002
102130,03/05/2025,21:33,P005,L,2,1290,2580,860,Card,Takeaway,B001
102131,03/05/2025,17:25,P007,M,1,1065,1065,710,Cash,Delivery,B003
102132,03/05/2025,20:43,P003,L,2,1245,2490,830,Cash,Delivery,B001
102133,03/05/2025,12:59,P004,XL,3,1650,4950,1100,Cash,Dine-in,B002
102134,03/05/2025,13:06,P017,S,2,448,896,320,Online,Delivery,B003
102135,03/05/2025,14:57,P008,S,1,630,630,420,Card,Dine-in,B003
102136,03/05/2025,14:12,P008,M,1,930,930,620,Online,Takeaway,B002
102137,03/05/2025,14:30,P006,XL,3,1620,4860,1080,Online,Takeaway,B001
102138,03/05/2025,22:09,P020,M,3,980,2940,700,Card,Delivery,B003
102139,03/05/2025,15:43,P017,M,1,868,868,620,Cash,Takeaway,B001
102140,03/05/2025,21:15,P026,L,3,2320,6960,1450,Online,Takeaway,B002
102141,03/05/2025,19:12,P016,S,1,420,420,300,Online,Takeaway,B003
102142,04/05/2025,13:17,P001,L,3,1200,3600,800,Online,Dine-in,B003
102143,04/05/2025,19:27,P010,L,1,1290,1290,860,Card,Takeaway,B001
102144,04/05/2025,14:34,P018,S,3,490,1470,350,Online,Delivery,B002
102145,04/05/2025,14:24,P016,M,3,780,2340,600,Online,Takeaway,B001
102146,04/05/2025,11:49,P017,M,1,868,868,620,Card,Takeaway,B003
102147,04/05/2025,12:32,P012,S,3,910,2730,650,Online,Dine-in,B002
102148,04/05/2025,13:40,P020,S,2,560,1120,400,Card,Dine-in,B002
102149,04/05/2025,18:59,P004,S,2,750,1500,500,Card,Dine-in,B002
102150,04/05/2025,20:54,P026,S,2,1360,2720,850,Card,Dine-in,B001
102151,04/05/2025,19:36,P015,S,2,980,1960,700,Cash,Dine-in,B003
102152,04/05/2025,18:29,P019,XL,3,1792,5376,1280,Online,Takeaway,B003
102153,04/05/2025,14:56,P013,L,1,1722,1722,1230,Online,Delivery,B002
102154,04/05/2025,21:01,P012,XL,3,2170,6510,1550,Online,Dine-in,B002
102155,04/05/2025,21:44,P016,M,3,780,2340,600,Online,Delivery,B003
102156,04/05/2025,20:07,P010,S,3,690,2070,460,Online,Dine-in,B003
102157,04/05/2025,20:49,P010,S,1,690,690,460,Card,Dine-in,B002
102158,04/05/2025,13:08,P026,S,3,1360,4080,850,Online,Takeaway,B001
102159,05/05/2025,17:41,P005,S,3,690,2070,460,Cash,Delivery,B002
102160,05/05/2025,21:47,P010,L,3,1290,3870,860,Cash,Takeaway,B001
102161,05/05/2025,18:44,P006,M,2,1020,2040,680,Cash,Delivery,B003
102162,05/05/2025,15:53,P012,S,1,910,910,650,Card,Takeaway,B002
102163,05/05/2025,11:45,P003,XL,3,1545,4635,1030,Cash,Dine-in,B002
102164,05/05/2025,13:33,P016,M,1,780,780,600,Online,Dine-in,B003
102165,05/05/2025,22:03,P005,S,3,690,2070,460,Card,Delivery,B003
102166,05/05/2025,17:05,P006,M,1,1020,1020,680,Online,Delivery,B002
102167,05/05/2025,20:41,P012,L,1,1750,1750,1250,Cash,Delivery,B003
102168,05/05/2025,20:03,P002,S,3,675,2025,450,Online,Dine-in,B001
102169,05/05/2025,20:36,P026,M,1,1840,1840,1150,Card,Dine-in,B001
102170,05/05/2025,21:32,P004,XL,3,1650,4950,1100,Cash,Takeaway,B003
102171,05/05/2025,22:24,P020,L,3,1400,4200,1000,Online,Takeaway,B003
102172,05/05/2025,15:08,P015,M,1,1400,1400,1000,Card,Dine-in,B001
102173,05/05/2025,16:59,P018,L,1,1330,1330,950,Cash,Takeaway,B002
102174,05/05/2025,13:12,P012,S,1,910,910,650,Card,Takeaway,B002
102175,05/05/2025,21:17,P003,XL,3,1545,4635,1030,Card,Delivery,B002
102176,06/05/2025,15:57,P008,XL,2,1530,3060,1020,Cash,Dine-in,B002
102177,06/05/2025,19:24,P018,L,3,1330,3990,950,Cash,Takeaway,B003
102178,06/05/2025,14:32,P009,M,3,960,2880,640,Card,Takeaway,B002
102179,06/05/2025,14:18,P004,L,3,1350,4050,900,Card,Takeaway,B003
102180,06/05/2025,13:50,P001,L,3,1200,3600,800,Card,Takeaway,B003
102181,06/05/2025,17:37,P025,XL,1,2640,2640,1650,Online,Takeaway,B001
102182,06/05/2025,18:49,P016,XL,3,1560,4680,1200,Cash,Delivery,B002
102183,06/05/2025,21:04,P012,M,1,1330,1330,950,Cash,Takeaway,B001
102184,06/05/2025,11:30,P006,M,1,1020,1020,680,Card,Takeaway,B002
102185,06/05/2025,21:21,P003,L,1,1245,1245,830,Card,Takeaway,B003
102186,06/05/2025,11:46,P017,S,3,448,1344,320,Online,Delivery,B002
102187,06/05/2025,14:59,P012,S,1,910,910,650,Card,Dine-in,B003
102188,06/05/2025,14:46,P011,XL,3,2100,6300,1500,Card,Takeaway,B002
102189,06/05/2025,15:00,P018,S,3,490,1470,350,Cash,Dine-in,B001
102190,06/05/2025,21:08,P018,L,3,1330,3990,950,Online,Dine-in,B002
102191,06/05/2025,18:06,P004,L,2,1350,2700,900,Cash,Takeaway,B002
102192,06/05/2025,13:09,P002,XL,1,1575,1575,1050,Online,Takeaway,B002
102193,06/05/2025,14:52,P007,M,2,1065,2130,710,Online,Delivery,B003
102194,07/05/2025,16:11,P021,L,3,1520,4560,950,Cash,Takeaway,B001
102195,07/05/2025,14:14,P016,S,1,420,420,300,Card,Takeaway,B001
102196,07/05/2025,15:01,P004,S,1,750,750,500,Cash,Takeaway,B003
102197,07/05/2025,17:48,P024,M,2,1520,3040,950,Cash,Takeaway,B003
102198,07/05/2025,15:31,P025,S,3,1200,3600,750,Card,Delivery,B001
102199,07/05/2025,21:41,P016,L,1,1170,1170,900,Card,Takeaway,B002
102200,07/05/2025,22:42,P005,S,2,690,1380,460,Cash,Delivery,B003
102201,07/05/2025,13:04,P001,S,3,600,1800,400,Online,Dine-in,B002
102202,07/05/2025,11:11,P012,L,2,1750,3500,1250,Online,Dine-in,B001
102203,07/05/2025,15:29,P026,S,3,1360,4080,850,Cash,Delivery,B003
102204,07/05/2025,17:43,P020,XL,3,1820,5460,1300,Card,Takeaway,B003
102205,07/05/2025,11:48,P023,S,2,880,1760,550,Online,Dine-in,B003
102206,07/05/2025,22:49,P010,XL,3,1590,4770,1060,Online,Dine-in,B002
102207,07/05/2025,22:24,P003,L,1,1245,1245,830,Card,Delivery,B001
102208,07/05/2025,13:00,P016,M,1,780,780,600,Card,Delivery,B003
102209,07/05/2025,20:27,P016,M,2,780,1560,600,Card,Takeaway,B003
102210,07/05/2025,11:27,P017,XL,3,1708,5124,1220,Cash,Dine-in,B001
102211,08/05/2025,19:03,P026,S,1,1360,1360,850,Card,Delivery,B001
102212,08/05/2025,22:33,P006,XL,1,1620,1620,1080,Cash,Delivery,B002
102213,08/05/2025,13:29,P003,M,3,945,2835,630,Online,Takeaway,B003
102214,08/05/2025,12:22,P016,M,1,780,780,600,Card,Dine-in,B003
102215,08/05/2025,17:49,P005,XL,1,1590,1590,1060,Card,Dine-in,B001
102216,08/05/2025,12:10,P016,L,2,1170,2340,900,Card,Takeaway,B002
102217,08/05/2025,21:37,P011,M,2,1260,2520,900,Online,Takeaway,B001
102218,08/05/2025,21:25,P012,S,3,910,2730,650,Online,Dine-in,B002
102219,08/05/2025,15:14,P019,M,2,952,1904,680,Online,Delivery,B003
102220,08/05/2025,17:01,P013,M,2,1302,2604,930,Online,Takeaway,B003
102221,08/05/2025,15:18,P021,XL,1,2000,2000,1250,Online,Delivery,B003
102222,08/05/2025,16:00,P014,M,2,1372,2744,980,Card,Takeaway,B002
102223,08/05/2025,17:27,P026,L,1,2320,2320,1450,Cash,Dine-in,B002
102224,08/05/2025,13:41,P017,S,3,448,1344,320,Cash,Delivery,B002
102225,08/05/2025,19:53,P025,XL,3,2640,7920,1650,Card,Takeaway,B001
102226,08/05/2025,15:39,P015,M,3,1400,4200,1000,Card,Delivery,B001
102227,08/05/2025,22:36,P019,XL,1,1792,1792,1280,Online,Dine-in,B002
102228,08/05/2025,21:03,P025,M,2,1680,3360,1050,Card,Dine-in,B001
102229,09/05/2025,17:37,P015,M,2,1400,2800,1000,Card,Dine-in,B001
102230,09/05/2025,18:19,P003,S,1,645,645,430,Card,Delivery,B003
102231,09/05/2025,13:16,P024,L,3,2000,6000,1250,Card,Dine-in,B001
102232,09/05/2025,13:23,P016,S,2,420,840,300,Card,Takeaway,B002
102233,09/05/2025,14:05,P011,L,3,1680,5040,1200,Card,Dine-in,B001
102234,09/05/2025,16:42,P011,S,2,840,1680,600,Online,Takeaway,B002
102235,09/05/2025,18:10,P015,M,3,1400,4200,1000,Card,Takeaway,B001
102236,09/05/2025,16:13,P009,S,2,660,1320,440,Cash,Takeaway,B002
102237,09/05/2025,17:01,P011,S,3,840,2520,600,Cash,Delivery,B003
102238,09/05/2025,16:24,P015,M,3,1400,4200,1000,Cash,Delivery,B003
102239,09/05/2025,19:55,P001,M,3,900,2700,600,Online,Dine-in,B001
102240,09/05/2025,12:09,P002,XL,1,1575,1575,1050,Online,Dine-in,B002
102241,09/05/2025,20:11,P010,S,3,690,2070,460,Card,Dine-in,B002
102242,09/05/2025,15:40,P019,M,3,952,2856,680,Cash,Delivery,B002
102243,09/05/2025,17:10,P019,XL,1,1792,1792,1280,Card,Dine-in,B001
102244,09/05/2025,18:10,P011,S,1,840,840,600,Online,Takeaway,B003
102245,09/05/2025,22:54,P008,M,3,930,2790,620,Cash,Delivery,B002
102246,10/05/2025,13:37,P024,XL,1,2480,2480,1550,Online,Takeaway,B002
102247,10/05/2025,12:10,P021,XL,1,2000,2000,1250,Cash,Takeaway,B002
102248,10/05/2025,19:36,P015,S,3,980,2940,700,Cash,Delivery,B002
102249,10/05/2025,14:42,P018,S,2,490,980,350,Cash,Dine-in,B002
102250,10/05/2025,21:00,P025,L,2,2160,4320,1350,Card,Dine-in,B003
102251,10/05/2025,14:46,P023,S,1,880,880,550,Card,Dine-in,B001
102252,10/05/2025,11:54,P013,XL,3,2142,6426,1530,Online,Dine-in,B003
102253,10/05/2025,11:06,P006,XL,3,1620,4860,1080,Online,Dine-in,B002
102254,10/05/2025,19:49,P003,L,1,1245,1245,830,Cash,Takeaway,B001
102255,10/05/2025,15:23,P023,XL,3,2320,6960,1450,Cash,Dine-in,B001
102256,10/05/2025,19:15,P012,L,3,1750,5250,1250,Online,Dine-in,B002
102257,10/05/2025,22:47,P008,S,1,630,630,420,Cash,Delivery,B001
102258,10/05/2025,21:02,P014,M,2,1372,2744,980,Cash,Delivery,B003
102259,10/05/2025,20:33,P023,XL,1,2320,2320,1450,Cash,Takeaway,B001
102260,10/05/2025,20:46,P023,S,2,880,1760,550,Cash,Delivery,B002
102261,10/05/2025,19:11,P008,M,1,930,930,620,Card,Delivery,B001
102262,10/05/2025,14:38,P023,S,2,880,1760,550,Cash,Delivery,B003
102263,11/05/2025,17:22,P023,M,1,1360,1360,850,Card,Delivery,B001
102264,11/05/2025,22:30,P010,XL,3,1590,4770,1060,Card,Takeaway,B001
102265,11/05/2025,13:58,P020,S,2,560,1120,400,Card,Dine-in,B001
102266,11/05/2025,12:28,P011,L,1,1680,1680,1200,Online,Takeaway,B001
102267,11/05/2025,14:40,P019,XL,1,1792,1792,1280,Cash,Dine-in,B002
102268,11/05/2025,15:29,P020,XL,1,1820,1820,1300,Cash,Delivery,B001
102269,11/05/2025,19:45,P026,S,1,1360,1360,850,Online,Dine-in,B001
102270,11/05/2025,17:22,P005,XL,3,1590,4770,1060,Cash,Takeaway,B002
102271,11/05/2025,15:48,P017,L,2,1288,2576,920,Online,Takeaway,B002
102272,11/05/2025,19:53,P010,M,1,990,990,660,Cash,Takeaway,B001
102273,11/05/2025,18:20,P017,M,1,868,868,620,Cash,Delivery,B001
102274,11/05/2025,11:49,P021,M,3,1040,3120,650,Card,Dine-in,B001
102275,11/05/2025,11:20,P020,XL,1,1820,1820,1300,Online,Takeaway,B001
102276,11/05/2025,19:54,P015,L,3,1820,5460,1300,Card,Takeaway,B002
102277,11/05/2025,21:30,P005,S,1,690,690,460,Cash,Delivery,B002
102278,11/05/2025,16:55,P025,XL,1,2640,2640,1650,Card,Delivery,B002
102279,11/05/2025,14:29,P007,M,3,1065,3195,710,Online,Takeaway,B001
102280,11/05/2025,20:32,P023,M,1,1360,1360,850,Cash,Takeaway,B003
102281,12/05/2025,14:53,P003,S,3,645,1935,430,Cash,Dine-in,B003
102282,12/05/2025,19:33,P006,L,1,1320,1320,880,Cash,Takeaway,B002
102283,12/05/2025,18:19,P024,XL,1,2480,2480,1550,Online,Takeaway,B003
102284,12/05/2025,15:05,P003,L,2,1245,2490,830,Online,Dine-in,B003
102285,12/05/2025,19:52,P008,M,3,930,2790,620,Cash,Delivery,B003
102286,12/05/2025,12:52,P001,M,2,900,1800,600,Card,Dine-in,B003
102287,12/05/2025,11:40,P023,XL,3,2320,6960,1450,Online,Delivery,B001
102288,12/05/2025,21:44,P010,XL,2,1590,3180,1060,Online,Delivery,B003
102289,12/05/2025,15:13,P002,XL,1,1575,1575,1050,Online,Takeaway,B002
102290,12/05/2025,14:34,P002,L,1,1275,1275,850,Cash,Dine-in,B003
102291,12/05/2025,12:59,P023,M,2,1360,2720,850,Cash,Dine-in,B001
102292,12/05/2025,12:38,P008,M,2,930,1860,620,Online,Delivery,B003
102293,12/05/2025,13:53,P011,XL,2,2100,4200,1500,Cash,Delivery,B003
102294,12/05/2025,16:39,P021,L,3,1520,4560,950,Online,Takeaway,B003
102295,12/05/2025,13:55,P015,M,1,1400,1400,1000,Cash,Delivery,B001
102296,12/05/2025,21:55,P012,XL,3,2170,6510,1550,Cash,Takeaway,B002
102297,12/05/2025,13:07,P006,L,2,1320,2640,880,Card,Dine-in,B001
102298,13/05/2025,19:13,P007,XL,3,1665,4995,1110,Card,Delivery,B001
102299,13/05/2025,12:06,P025,XL,2,2640,5280,1650,Card,Takeaway,B002
102300,13/05/2025,18:32,P018,XL,3,1750,5250,1250,Online,Dine-in,B003
102301,13/05/2025,20:27,P016,S,1,420,420,300,Card,Dine-in,B003
102302,13/05/2025,11:16,P026,XL,1,2800,2800,1750,Online,Dine-in,B003
102303,13/05/2025,13:34,P005,M,2,990,1980,660,Card,Dine-in,B002
102304,13/05/2025,20:38,P006,S,2,720,1440,480,Online,Delivery,B001
102305,13/05/2025,21:00,P003,XL,2,1545,3090,1030,Card,Takeaway,B003
102306,13/05/2025,22:05,P026,M,3,1840,5520,1150,Card,Takeaway,B002
102307,13/05/2025,14:18,P003,M,3,945,2835,630,Cash,Dine-in,B002
102308,13/05/2025,19:37,P025,M,1,1680,1680,1050,Online,Dine-in,B002
102309,13/05/2025,13:23,P024,XL,3,2480,7440,1550,Card,Dine-in,B001
102310,13/05/2025,12:13,P020,XL,3,1820,5460,1300,Cash,Delivery,B002
102311,13/05/2025,16:18,P005,S,1,690,690,460,Online,Delivery,B001
102312,13/05/2025,13:10,P019,M,2,952,1904,680,Cash,Takeaway,B001
102313,13/05/2025,21:51,P004,S,1,750,750,500,Online,Takeaway,B003
102314,13/05/2025,15:53,P026,S,1,1360,1360,850,Cash,Dine-in,B003
102315,13/05/2025,13:09,P008,S,3,630,1890,420,Cash,Takeaway,B003
102316,14/05/2025,20:53,P014,XL,3,2212,6636,1580,Cash,Takeaway,B003
102317,14/05/2025,22:28,P026,M,3,1840,5520,1150,Card,Takeaway,B003
102318,14/05/2025,12:48,P004,XL,1,1650,1650,1100,Card,Delivery,B001
102319,14/05/2025,22:33,P002,XL,1,1575,1575,1050,Online,Takeaway,B001
102320,14/05/2025,17:44,P007,L,2,1365,2730,910,Online,Dine-in,B003
102321,14/05/2025,12:55,P026,S,2,1360,2720,850,Online,Dine-in,B002
102322,14/05/2025,11:11,P021,M,3,1040,3120,650,Online,Delivery,B001
102323,14/05/2025,22:34,P018,L,1,1330,1330,950,Card,Takeaway,B001
102324,14/05/2025,16:47,P022,M,3,1200,3600,750,Cash,Dine-in,B003
102325,14/05/2025,17:22,P003,XL,2,1545,3090,1030,Cash,Dine-in,B003
102326,14/05/2025,16:00,P026,M,1,1840,1840,1150,Online,Takeaway,B003
102327,14/05/2025,20:42,P004,S,3,750,2250,500,Card,Delivery,B003
102328,14/05/2025,20:00,P009,M,2,960,1920,640,Card,Dine-in,B003
102329,14/05/2025,21:28,P011,M,2,1260,2520,900,Online,Dine-in,B002
102330,14/05/2025,19:55,P013,M,3,1302,3906,930,Card,Takeaway,B003
102331,14/05/2025,15:56,P002,XL,2,1575,3150,1050,Cash,Delivery,B003
102332,14/05/2025,21:42,P004,M,1,1050,1050,700,Card,Takeaway,B002
102333,15/05/2025,18:55,P023,XL,2,2320,4640,1450,Online,Dine-in,B001
102334,15/05/2025,12:26,P017,S,2,448,896,320,Card,Delivery,B003
102335,15/05/2025,15:48,P020,M,3,980,2940,700,Card,Takeaway,B002
102336,15/05/2025,16:01,P022,XL,3,2160,6480,1350,Card,Dine-in,B002
102337,15/05/2025,11:05,P015,S,3,980,2940,700,Online,Dine-in,B003
102338,15/05/2025,20:30,P020,L,3,1400,4200,1000,Cash,Dine-in,B003
102339,15/05/2025,13:14,P024,M,3,1520,4560,950,Cash,Dine-in,B002
102340,15/05/2025,16:48,P013,L,1,1722,1722,1230,Cash,Dine-in,B002
102341,15/05/2025,16:26,P012,XL,1,2170,2170,1550,Cash,Takeaway,B002
102342,15/05/2025,20:39,P019,XL,2,1792,3584,1280,Cash,Dine-in,B003
102343,15/05/2025,12:31,P012,M,1,1330,1330,950,Online,Takeaway,B002
102344,15/05/2025,20:16,P012,L,1,1750,1750,1250,Card,Delivery,B002
102345,15/05/2025,22:18,P022,S,3,720,2160,450,Card,Takeaway,B001
102346,15/05/2025,11:59,P019,M,2,952,1904,680,Cash,Dine-in,B001
102347,15/05/2025,16:30,P001,S,3,600,1800,400,Card,Dine-in,B001
102348,15/05/2025,17:05,P002,M,3,975,2925,650,Cash,Takeaway,B003
102349,15/05/2025,15:38,P003,M,2,945,1890,630,Card,Takeaway,B001
102350,16/05/2025,17:52,P003,S,2,645,1290,430,Cash,Takeaway,B003
102351,16/05/2025,18:10,P005,M,1,990,990,660,Card,Delivery,B003
102352,16/05/2025,17:43,P012,L,3,1750,5250,1250,Card,Dine-in,B003
102353,16/05/2025,18:54,P001,XL,2,1500,3000,1000,Cash,Delivery,B001
102354,16/05/2025,18:50,P020,S,3,560,1680,400,Card,Dine-in,B002
102355,16/05/2025,17:39,P013,L,1,1722,1722,1230,Online,Dine-in,B001
102356,16/05/2025,16:27,P024,M,2,1520,3040,950,Card,Delivery,B003
102357,16/05/2025,14:49,P026,L,1,2320,2320,1450,Cash,Delivery,B002
102358,16/05/2025,17:25,P001,L,3,1200,3600,800,Online,Dine-in,B001
102359,16/05/2025,17:54,P016,S,2,420,840,300,Cash,Takeaway,B002
102360,16/05/2025,14:13,P015,XL,2,2240,4480,1600,Card,Dine-in,B003
102361,16/05/2025,18:39,P015,L,1,1820,1820,1300,Cash,Takeaway,B001
102362,16/05/2025,19:31,P004,S,3,750,2250,500,Online,Takeaway,B002
102363,16/05/2025,21:03,P022,S,3,720,2160,450,Online,Delivery,B001
102364,16/05/2025,18:43,P007,S,3,765,2295,510,Card,Dine-in,B001
102365,16/05/2025,18:50,P021,M,1,1040,1040,650,Card,Dine-in,B002
102366,16/05/2025,12:20,P004,S,1,750,750,500,Online,Takeaway,B001
102367,16/05/2025,12:33,P026,L,3,2320,6960,1450,Cash,Delivery,B001
102368,17/05/2025,17:07,P002,S,1,675,675,450,Card,Dine-in,B002
102369,17/05/2025,22:17,P025,XL,1,2640,2640,1650,Cash,Delivery,B003
102370,17/05/2025,16:28,P022,XL,2,2160,4320,1350,Card,Delivery,B001
102371,17/05/2025,13:55,P009,L,1,1260,1260,840,Card,Delivery,B002
102372,17/05/2025,16:42,P003,XL,3,1545,4635,1030,Cash,Delivery,B001
102373,17/05/2025,12:05,P026,S,1,1360,1360,850,Online,Delivery,B002
102374,17/05/2025,22:22,P026,S,1,1360,1360,850,Card,Dine-in,B001
102375,17/05/2025,12:50,P016,S,3,420,1260,300,Online,Dine-in,B002
102376,17/05/2025,14:11,P005,XL,1,1590,1590,1060,Online,Dine-in,B002
102377,17/05/2025,14:24,P004,L,1,1350,1350,900,Card,Takeaway,B003
102378,17/05/2025,12:40,P006,L,2,1320,2640,880,Cash,Delivery,B002
102379,17/05/2025,11:00,P020,S,3,560,1680,400,Cash,Dine-in,B001
102380,17/05/2025,17:37,P026,L,1,2320,2320,1450,Online,Takeaway,B002
102381,17/05/2025,15:14,P014,XL,3,2212,6636,1580,Card,Takeaway,B002
102382,17/05/2025,22:20,P005,S,2,690,1380,460,Cash,Delivery,B001
102383,17/05/2025,22:45,P013,M,1,1302,1302,930,Online,Dine-in,B001
102384,17/05/2025,20:30,P012,XL,1,2170,2170,1550,Cash,Delivery,B003
102385,18/05/2025,18:31,P026,M,3,1840,5520,1150,Cash,Delivery,B001
102386,18/05/2025,22:54,P023,L,1,1840,1840,1150,Cash,Takeaway,B003
102387,18/05/2025,22:20,P006,M,1,1020,1020,680,Online,Takeaway,B002
102388,18/05/2025,21:25,P023,XL,3,2320,6960,1450,Cash,Delivery,B003
102389,18/05/2025,22:24,P009,L,3,1260,3780,840,Cash,Takeaway,B002
102390,18/05/2025,13:55,P018,L,3,1330,3990,950,Cash,Dine-in,B002
102391,18/05/2025,12:41,P021,L,3,1520,4560,950,Cash,Dine-in,B001
102392,18/05/2025,18:59,P016,L,2,1170,2340,900,Online,Takeaway,B003
102393,18/05/2025,13:11,P006,L,2,1320,2640,880,Online,Delivery,B001
102394,18/05/2025,22:39,P010,L,1,1290,1290,860,Online,Takeaway,B001
102395,18/05/2025,20:23,P023,XL,1,2320,2320,1450,Card,Delivery,B002
102396,18/05/2025,19:14,P004,L,3,1350,4050,900,Card,Delivery,B003
102397,18/05/2025,21:45,P018,S,3,490,1470,350,Cash,Dine-in,B002
102398,18/05/2025,16:55,P003,XL,2,1545,3090,1030,Cash,Takeaway,B001
102399,18/05/2025,21:33,P003,S,1,645,645,430,Cash,Delivery,B002
102400,18/05/2025,16:48,P003,XL,3,1545,4635,1030,Cash,Takeaway,B003
102401,18/05/2025,13:30,P007,XL,1,1665,1665,1110,Card,Takeaway,B003
102402,18/05/2025,15:32,P006,S,1,720,720,480,Card,Dine-in,B001
102403,19/05/2025,11:46,P021,S,3,560,1680,350,Card,Takeaway,B001
102404,19/05/2025,22:33,P014,XL,3,2212,6636,1580,Online,Dine-in,B002
102405,19/05/2025,22:26,P005,L,2,1290,2580,860,Card,Takeaway,B001
102406,19/05/2025,15:43,P011,L,1,1680,1680,1200,Online,Dine-in,B001
102407,19/05/2025,12:19,P021,S,2,560,1120,350,Online,Dine-in,B001
102408,19/05/2025,12:46,P020,S,2,560,1120,400,Cash,Takeaway,B001
102409,19/05/2025,14:28,P026,XL,2,2800,5600,1750,Online,Takeaway,B003
102410,19/05/2025,18:35,P019,L,2,1372,2744,980,Online,Delivery,B002
102411,19/05/2025,18:43,P017,L,3,1288,3864,920,Online,Dine-in,B003
102412,19/05/2025,20:19,P023,M,3,1360,4080,850,Card,Delivery,B003
102413,19/05/2025,18:10,P024,S,2,1040,2080,650,Card,Dine-in,B001
102414,19/05/2025,11:11,P004,S,3,750,2250,500,Cash,Dine-in,B001
102415,19/05/2025,14:30,P001,M,2,900,1800,600,Online,Dine-in,B001
102416,19/05/2025,12:41,P021,S,3,560,1680,350,Online,Dine-in,B003
102417,19/05/2025,18:23,P012,L,2,1750,3500,1250,Cash,Takeaway,B002
102418,19/05/2025,18:13,P002,M,1,975,975,650,Online,Takeaway,B002
102419,19/05/2025,20:42,P020,XL,3,1820,5460,1300,Online,Takeaway,B002
102420,20/05/2025,14:10,P021,S,3,560,1680,350,Online,Takeaway,B001
102421,20/05/2025,17:17,P025,L,3,2160,6480,1350,Card,Dine-in,B001
102422,20/05/2025,20:38,P026,XL,3,2800,8400,1750,Cash,Takeaway,B002
102423,20/05/2025,12:43,P001,S,2,600,1200,400,Cash,Takeaway,B003
102424,20/05/2025,20:34,P014,XL,3,2212,6636,1580,Card,Delivery,B003
102425,20/05/2025,11:51,P017,S,3,448,1344,320,Card,Dine-in,B001
102426,20/05/2025,21:53,P007,S,3,765,2295,510,Card,Dine-in,B003
102427,20/05/2025,12:32,P020,XL,1,1820,1820,1300,Online,Dine-in,B001
102428,20/05/2025,20:14,P021,L,3,1520,4560,950,Cash,Takeaway,B002
102429,20/05/2025,19:56,P025,M,3,1680,5040,1050,Online,Takeaway,B001
102430,20/05/2025,18:29,P016,XL,3,1560,4680,1200,Card,Takeaway,B001
102431,20/05/2025,20:02,P020,M,1,980,980,700,Online,Takeaway,B003
102432,20/05/2025,11:23,P002,XL,1,1575,1575,1050,Cash,Takeaway,B003
102433,20/05/2025,18:34,P006,XL,2,1620,3240,1080,Card,Dine-in,B002
102434,20/05/2025,17:34,P016,M,2,780,1560,600,Cash,Takeaway,B003
102435,20/05/2025,17:08,P019,M,1,952,952,680,Online,Dine-in,B001
102436,20/05/2025,17:47,P007,L,3,1365,4095,910,Online,Dine-in,B003
102437,21/05/2025,16:52,P002,M,1,975,975,650,Card,Delivery,B001
102438,21/05/2025,19:57,P021,XL,1,2000,2000,1250,Online,Delivery,B002
102439,21/05/2025,14:20,P008,L,2,1230,2460,820,Card,Dine-in,B002
102440,21/05/2025,12:44,P010,S,2,690,1380,460,Card,Takeaway,B002
102441,21/05/2025,18:50,P008,S,3,630,1890,420,Online,Dine-in,B001
102442,21/05/2025,20:15,P002,M,3,975,2925,650,Card,Dine-in,B003
102443,21/05/2025,18:28,P007,XL,3,1665,4995,1110,Cash,Takeaway,B002
102444,21/05/2025,20:17,P008,S,1,630,630,420,Cash,Delivery,B001
102445,21/05/2025,15:19,P020,M,2,980,1960,700,Card,Dine-in,B001
102446,21/05/2025,18:10,P020,S,3,560,1680,400,Cash,Takeaway,B003
102447,21/05/2025,17:43,P005,S,3,690,2070,460,Online,Dine-in,B001
102448,21/05/2025,18:21,P003,S,1,645,645,430,Card,Takeaway,B001
102449,21/05/2025,18:08,P026,S,3,1360,4080,850,Cash,Delivery,B002
102450,21/05/2025,13:11,P003,S,2,645,1290,430,Online,Dine-in,B001
102451,21/05/2025,15:53,P005,M,2,990,1980,660,Card,Dine-in,B002
102452,21/05/2025,20:13,P005,XL,1,1590,1590,1060,Card,Dine-in,B003
102453,21/05/2025,22:18,P014,S,1,952,952,680,Online,Dine-in,B001
102454,21/05/2025,12:08,P002,L,1,1275,1275,850,Cash,Delivery,B001
102455,22/05/2025,22:34,P014,L,3,1792,5376,1280,Card,Delivery,B002
102456,22/05/2025,17:08,P011,S,1,840,840,600,Online,Takeaway,B002
102457,22/05/2025,15:50,P012,M,3,1330,3990,950,Cash,Dine-in,B002
102458,22/05/2025,13:37,P004,L,1,1350,1350,900,Card,Delivery,B001
102459,22/05/2025,20:50,P011,XL,2,2100,4200,1500,Cash,Takeaway,B003
102460,22/05/2025,19:43,P003,L,3,1245,3735,830,Online,Dine-in,B002
102461,22/05/2025,14:37,P002,S,2,675,1350,450,Cash,Dine-in,B002
102462,22/05/2025,20:21,P012,XL,2,2170,4340,1550,Card,Dine-in,B002
102463,22/05/2025,22:14,P014,L,1,1792,1792,1280,Card,Takeaway,B001
102464,22/05/2025,20:24,P018,XL,2,1750,3500,1250,Online,Delivery,B002
102465,22/05/2025,13:07,P024,XL,1,2480,2480,1550,Online,Delivery,B001
102466,22/05/2025,11:51,P021,M,3,1040,3120,650,Online,Delivery,B001
102467,22/05/2025,11:25,P005,XL,1,1590,1590,1060,Online,Dine-in,B003
102468,22/05/2025,17:31,P006,L,1,1320,1320,880,Online,Dine-in,B002
102469,22/05/2025,11:24,P002,M,2,975,1950,650,Online,Dine-in,B002
102470,22/05/2025,18:19,P002,L,2,1275,2550,850,Card,Takeaway,B001
102471,22/05/2025,18:03,P013,M,1,1302,1302,930,Cash,Delivery,B003
102472,23/05/2025,17:12,P026,S,3,1360,4080,850,Cash,Takeaway,B003
102473,23/05/2025,13:31,P017,L,1,1288,1288,920,Cash,Dine-in,B001
102474,23/05/2025,21:42,P009,XL,2,1560,3120,1040,Online,Takeaway,B003
102475,23/05/2025,11:30,P016,M,1,780,780,600,Card,Delivery,B002
102476,23/05/2025,17:46,P008,L,3,1230,3690,820,Online,Delivery,B003
102477,23/05/2025,13:13,P006,L,1,1320,1320,880,Card,Takeaway,B002
102478,23/05/2025,20:23,P014,S,1,952,952,680,Cash,Takeaway,B002
102479,23/05/2025,11:55,P002,L,2,1275,2550,850,Online,Takeaway,B002
102480,23/05/2025,16:32,P023,S,2,880,1760,550,Card,Dine-in,B002
102481,23/05/2025,20:57,P011,S,2,840,1680,600,Card,Takeaway,B001
102482,23/05/2025,13:16,P022,XL,3,2160,6480,1350,Online,Delivery,B001
102483,23/05/2025,20:00,P001,L,1,1200,1200,800,Cash,Dine-in,B003
102484,23/05/2025,15:14,P005,S,3,690,2070,460,Online,Takeaway,B002
102485,23/05/2025,13:10,P014,L,2,1792,3584,1280,Card,Takeaway,B003
102486,23/05/2025,17:42,P002,M,2,975,1950,650,Online,Delivery,B001
102487,23/05/2025,22:31,P013,L,1,1722,1722,1230,Online,Delivery,B001
102488,23/05/2025,13:27,P024,M,1,1520,1520,950,Cash,Delivery,B002
102489,23/05/2025,12:06,P015,S,1,980,980,700,Cash,Dine-in,B003
102490,24/05/2025,21:25,P008,M,1,930,930,620,Card,Delivery,B002
102491,24/05/2025,13:26,P002,S,3,675,2025,450,Card,Takeaway,B002
102492,24/05/2025,20:41,P004,XL,2,1650,3300,1100,Online,Dine-in,B002
102493,24/05/2025,11:17,P026,S,1,1360,1360,850,Online,Dine-in,B003
102494,24/05/2025,21:31,P015,S,3,980,2940,700,Cash,Takeaway,B002
102495,24/05/2025,13:29,P013,S,1,882,882,630,Cash,Delivery,B001
102496,24/05/2025,19:57,P022,M,2,1200,2400,750,Online,Dine-in,B002
102497,24/05/2025,17:15,P017,M,1,868,868,620,Card,Dine-in,B001
102498,24/05/2025,13:44,P011,XL,2,2100,4200,1500,Card,Delivery,B001
102499,24/05/2025,12:23,P020,M,2,980,1960,700,Online,Delivery,B002
102500,24/05/2025,21:49,P008,M,3,930,2790,620,Cash,Dine-in,B001
102501,24/05/2025,17:50,P016,M,3,780,2340,600,Card,Dine-in,B001
102502,24/05/2025,14:11,P004,XL,2,1650,3300,1100,Online,Dine-in,B002
102503,24/05/2025,12:29,P002,M,3,975,2925,650,Card,Delivery,B002
102504,24/05/2025,13:24,P026,L,3,2320,6960,1450,Online,Dine-in,B002
102505,24/05/2025,14:03,P009,M,2,960,1920,640,Online,Delivery,B003
102506,24/05/2025,18:31,P008,S,3,630,1890,420,Cash,Delivery,B003
102507,25/05/2025,11:16,P008,M,3,930,2790,620,Online,Takeaway,B003
102508,25/05/2025,21:14,P023,XL,3,2320,6960,1450,Cash,Delivery,B002
102509,25/05/2025,12:51,P001,M,3,900,2700,600,Online,Takeaway,B003
102510,25/05/2025,19:17,P025,XL,1,2640,2640,1650,Cash,Takeaway,B002
102511,25/05/2025,15:25,P016,S,2,420,840,300,Card,Takeaway,B001
102512,25/05/2025,16:08,P014,L,2,1792,3584,1280,Cash,Dine-in,B003
102513,25/05/2025,14:19,P007,S,1,765,765,510,Card,Takeaway,B003
102514,25/05/2025,12:00,P020,S,3,560,1680,400,Card,Delivery,B002
102515,25/05/2025,13:06,P024,M,1,1520,1520,950,Card,Dine-in,B001
102516,25/05/2025,12:43,P004,XL,2,1650,3300,1100,Cash,Dine-in,B002
102517,25/05/2025,20:27,P013,S,3,882,2646,630,Card,Takeaway,B003
102518,25/05/2025,12:36,P004,M,2,1050,2100,700,Cash,Takeaway,B001
102519,25/05/2025,14:55,P017,S,2,448,896,320,Card,Delivery,B001
102520,25/05/2025,12:56,P005,XL,1,1590,1590,1060,Cash,Delivery,B003
102521,25/05/2025,22:31,P008,XL,2,1530,3060,1020,Online,Takeaway,B002
102522,25/05/2025,11:09,P026,S,3,1360,4080,850,Cash,Dine-in,B002
102523,25/05/2025,21:14,P011,S,3,840,2520,600,Online,Takeaway,B002
102524,26/05/2025,22:29,P014,M,2,1372,2744,980,Card,Takeaway,B003
102525,26/05/2025,15:46,P013,M,2,1302,2604,930,Card,Dine-in,B002
102526,26/05/2025,13:12,P024,M,1,1520,1520,950,Online,Takeaway,B003
102527,26/05/2025,17:32,P003,M,2,945,1890,630,Online,Delivery,B003
102528,26/05/2025,14:57,P005,XL,1,1590,1590,1060,Card,Takeaway,B001
102529,26/05/2025,11:04,P002,L,2,1275,2550,850,Cash,Takeaway,B003
102530,26/05/2025,21:56,P013,L,3,1722,5166,1230,Cash,Dine-in,B003
102531,26/05/2025,14:12,P018,M,3,910,2730,650,Cash,Takeaway,B002
102532,26/05/2025,22:17,P023,M,2,1360,2720,850,Online,Dine-in,B002
102533,26/05/2025,14:22,P026,S,2,1360,2720,850,Online,Delivery,B001
102534,26/05/2025,13:24,P019,S,1,532,532,380,Cash,Dine-in,B001
102535,26/05/2025,11:08,P020,L,1,1400,1400,1000,Online,Takeaway,B003
102536,26/05/2025,22:54,P014,L,1,1792,1792,1280,Online,Delivery,B003
102537,26/05/2025,21:12,P024,L,2,2000,4000,1250,Online,Dine-in,B002
102538,26/05/2025,19:05,P013,L,3,1722,5166,1230,Cash,Dine-in,B001
102539,26/05/2025,21:10,P019,S,3,532,1596,380,Cash,Dine-in,B003
102540,26/05/2025,21:49,P023,S,3,880,2640,550,Card,Takeaway,B001
102541,26/05/2025,19:37,P011,XL,2,2100,4200,1500,Online,Delivery,B001
102542,27/05/2025,17:43,P008,L,3,1230,3690,820,Online,Dine-in,B001
102543,27/05/2025,14:59,P017,XL,1,1708,1708,1220,Cash,Takeaway,B002
102544,27/05/2025,21:36,P024,L,1,2000,2000,1250,Online,Takeaway,B002
102545,27/05/2025,19:10,P003,M,2,945,1890,630,Card,Takeaway,B002
102546,27/05/2025,22:10,P007,M,1,1065,1065,710,Online,Takeaway,B001
102547,27/05/2025,22:40,P012,L,3,1750,5250,1250,Cash,Takeaway,B001
102548,27/05/2025,20:55,P022,M,2,1200,2400,750,Card,Dine-in,B001
102549,27/05/2025,22:15,P016,S,1,420,420,300,Online,Dine-in,B003
102550,27/05/2025,21:36,P010,L,2,1290,2580,860,Online,Dine-in,B001
102551,27/05/2025,12:23,P025,M,2,1680,3360,1050,Online,Delivery,B002
102552,27/05/2025,14:13,P019,M,3,952,2856,680,Online,Delivery,B001
102553,27/05/2025,13:27,P025,XL,3,2640,7920,1650,Cash,Takeaway,B002
102554,27/05/2025,15:39,P017,XL,3,1708,5124,1220,Cash,Dine-in,B001
102555,27/05/2025,13:16,P022,L,2,1680,3360,1050,Online,Dine-in,B001
102556,27/05/2025,15:50,P015,L,2,1820,3640,1300,Online,Takeaway,B001
102557,27/05/2025,19:24,P025,L,1,2160,2160,1350,Card,Takeaway,B003
102558,27/05/2025,11:02,P025,S,1,1200,1200,750,Cash,Takeaway,B001
102559,28/05/2025,21:26,P004,XL,3,1650,4950,1100,Card,Delivery,B003
102560,28/05/2025,22:36,P009,M,2,960,1920,640,Cash,Dine-in,B002
102561,28/05/2025,20:49,P013,S,2,882,1764,630,Cash,Delivery,B002
102562,28/05/2025,22:56,P019,S,1,532,532,380,Cash,Dine-in,B003
102563,28/05/2025,17:23,P003,L,2,1245,2490,830,Online,Dine-in,B002
102564,28/05/2025,19:13,P013,M,3,1302,3906,930,Cash,Dine-in,B002
102565,28/05/2025,16:34,P016,XL,1,1560,1560,1200,Card,Delivery,B003
102566,28/05/2025,21:23,P021,L,3,1520,4560,950,Cash,Delivery,B001
102567,28/05/2025,12:34,P009,S,3,660,1980,440,Cash,Dine-in,B003
102568,28/05/2025,21:58,P018,XL,2,1750,3500,1250,Online,Delivery,B001
102569,28/05/2025,14:57,P001,M,3,900,2700,600,Online,Takeaway,B001
102570,28/05/2025,18:46,P004,XL,1,1650,1650,1100,Cash,Delivery,B003
102571,28/05/2025,15:39,P012,XL,1,2170,2170,1550,Cash,Takeaway,B001
102572,28/05/2025,22:27,P024,M,3,1520,4560,950,Cash,Takeaway,B002
102573,28/05/2025,14:34,P001,M,1,900,900,600,Online,Delivery,B001
102574,28/05/2025,20:27,P017,XL,2,1708,3416,1220,Cash,Dine-in,B001
102575,28/05/2025,11:55,P010,S,3,690,2070,460,Cash,Takeaway,B001
102576,28/05/2025,22:53,P023,S,2,880,1760,550,Card,Delivery,B001
102577,29/05/2025,14:42,P003,M,2,945,1890,630,Cash,Takeaway,B001
102578,29/05/2025,12:39,P008,XL,3,1530,4590,1020,Cash,Dine-in,B003
102579,29/05/2025,19:43,P005,XL,3,1590,4770,1060,Cash,Dine-in,B001
102580,29/05/2025,20:46,P001,M,2,900,1800,600,Card,Takeaway,B001
102581,29/05/2025,20:30,P007,L,3,1365,4095,910,Cash,Takeaway,B003
102582,29/05/2025,15:50,P003,L,2,1245,2490,830,Card,Delivery,B002
102583,29/05/2025,19:23,P014,S,3,952,2856,680,Online,Dine-in,B002
102584,29/05/2025,19:12,P007,XL,2,1665,3330,1110,Cash,Takeaway,B003
102585,29/05/2025,21:08,P020,XL,2,1820,3640,1300,Cash,Delivery,B001
102586,29/05/2025,12:03,P024,L,3,2000,6000,1250,Card,Takeaway,B003
102587,29/05/2025,19:14,P012,L,1,1750,1750,1250,Cash,Delivery,B003
102588,29/05/2025,16:50,P017,XL,1,1708,1708,1220,Card,Takeaway,B002
102589,29/05/2025,21:36,P017,M,1,868,868,620,Online,Dine-in,B002
102590,29/05/2025,12:46,P023,S,2,880,1760,550,Cash,Delivery,B002
102591,29/05/2025,14:06,P022,S,1,720,720,450,Cash,Takeaway,B002
102592,29/05/2025,22:53,P026,M,2,1840,3680,1150,Online,Dine-in,B001
102593,29/05/2025,22:43,P015,XL,2,2240,4480,1600,Online,Takeaway,B003
102594,30/05/2025,22:34,P012,L,2,1750,3500,1250,Cash,Delivery,B003
102595,30/05/2025,21:33,P016,L,3,1170,3510,900,Card,Dine-in,B002
102596,30/05/2025,15:23,P017,L,2,1288,2576,920,Online,Dine-in,B003
102597,30/05/2025,21:36,P010,L,2,1290,2580,860,Online,Takeaway,B001
102598,30/05/2025,15:56,P013,XL,2,2142,4284,1530,Online,Delivery,B002
102599,30/05/2025,17:19,P016,XL,2,1560,3120,1200,Card,Takeaway,B002
102600,30/05/2025,20:03,P026,L,2,2320,4640,1450,Cash,Takeaway,B003
102601,30/05/2025,20:36,P002,L,3,1275,3825,850,Cash,Takeaway,B001
102602,30/05/2025,22:52,P018,L,3,1330,3990,950,Cash,Dine-in,B003
102603,30/05/2025,20:20,P001,M,3,900,2700,600,Card,Delivery,B001
102604,30/05/2025,21:48,P004,M,2,1050,2100,700,Card,Delivery,B002
102605,30/05/2025,17:12,P022,S,2,720,1440,450,Cash,Delivery,B003
102606,30/05/2025,21:47,P004,M,1,1050,1050,700,Online,Takeaway,B003
102607,30/05/2025,22:21,P018,M,2,910,1820,650,Online,Delivery,B002
102608,30/05/2025,18:23,P010,M,3,990,2970,660,Online,Dine-in,B003
102609,30/05/2025,15:43,P004,L,2,1350,2700,900,Online,Dine-in,B002
102610,30/05/2025,14:36,P008,L,2,1230,2460,820,Online,Dine-in,B003
102611,31/05/2025,12:45,P010,S,2,690,1380,460,Card,Takeaway,B001
102612,31/05/2025,20:05,P018,L,1,1330,1330,950,Card,Dine-in,B001
102613,31/05/2025,21:30,P016,L,3,1170,3510,900,Cash,Dine-in,B002
102614,31/05/2025,13:37,P015,L,1,1820,1820,1300,Card,Delivery,B001
102615,31/05/2025,11:13,P015,S,2,980,1960,700,Online,Dine-in,B002
102616,31/05/2025,11:53,P012,XL,2,2170,4340,1550,Cash,Delivery,B001
102617,31/05/2025,16:58,P002,S,1,675,675,450,Online,Dine-in,B003
102618,31/05/2025,22:48,P011,XL,1,2100,2100,1500,Online,Delivery,B001
102619,31/05/2025,13:35,P001,M,1,900,900,600,Online,Dine-in,B003
102620,31/05/2025,19:54,P001,XL,2,1500,3000,1000,Cash,Delivery,B002
102621,31/05/2025,18:29,P012,M,1,1330,1330,950,Online,Takeaway,B002
102622,31/05/2025,15:25,P001,XL,2,1500,3000,1000,Cash,Dine-in,B002
102623,31/05/2025,15:24,P017,S,3,448,1344,320,Online,Delivery,B002
102624,31/05/2025,14:29,P025,M,2,1680,3360,1050,Card,Delivery,B001
102625,31/05/2025,16:08,P017,M,3,868,2604,620,Online,Dine-in,B001
102626,31/05/2025,16:37,P015,XL,1,2240,2240,1600,Cash,Dine-in,B002
102627,31/05/2025,16:08,P017,S,1,448,448,320,Cash,Takeaway,B003
102628,31/05/2025,16:27,P020,S,1,560,560,400,Online,Delivery,B003
102629,01/06/2025,22:56,P017,L,1,1288,1288,920,Card,Takeaway,B001
102630,01/06/2025,22:59,P008,L,1,1230,1230,820,Cash,Dine-in,B001
102631,01/06/2025,16:41,P002,XL,2,1575,3150,1050,Card,Dine-in,B003
102632,01/06/2025,14:16,P007,XL,2,1665,3330,1110,Cash,Dine-in,B003
102633,01/06/2025,14:45,P012,S,2,910,1820,650,Cash,Delivery,B001
102634,01/06/2025,16:47,P018,M,1,910,910,650,Online,Dine-in,B001
102635,01/06/2025,21:20,P006,M,2,1020,2040,680,Card,Dine-in,B002
102636,01/06/2025,20:30,P024,S,1,1040,1040,650,Online,Dine-in,B002
102637,01/06/2025,17:22,P003,M,1,945,945,630,Online,Dine-in,B001
102638,01/06/2025,16:33,P013,S,1,882,882,630,Card,Dine-in,B003
102639,01/06/2025,20:42,P008,S,2,630,1260,420,Card,Dine-in,B003
102640,01/06/2025,14:30,P021,L,2,1520,3040,950,Online,Dine-in,B003
102641,01/06/2025,17:11,P011,L,3,1680,5040,1200,Online,Takeaway,B002
102642,01/06/2025,16:52,P006,L,2,1320,2640,880,Cash,Delivery,B001
102643,01/06/2025,12:57,P018,M,1,910,910,650,Online,Dine-in,B001
102644,01/06/2025,11:01,P001,L,1,1200,1200,800,Online,Dine-in,B003
102645,01/06/2025,19:12,P023,S,2,880,1760,550,Cash,Dine-in,B002
102646,02/06/2025,18:31,P022,L,1,1680,1680,1050,Card,Dine-in,B002
102647,02/06/2025,20:22,P026,M,3,1840,5520,1150,Cash,Takeaway,B003
102648,02/06/2025,18:32,P016,XL,3,1560,4680,1200,Card,Takeaway,B002
102649,02/06/2025,21:51,P001,M,2,900,1800,600,Card,Takeaway,B002
102650,02/06/2025,18:21,P016,L,1,1170,1170,900,Cash,Takeaway,B003
102651,02/06/2025,20:20,P023,M,1,1360,1360,850,Cash,Delivery,B001
102652,02/06/2025,17:52,P026,M,1,1840,1840,1150,Cash,Takeaway,B001
102653,02/06/2025,13:21,P026,M,1,1840,1840,1150,Cash,Takeaway,B002
102654,02/06/2025,11:56,P026,M,3,1840,5520,1150,Online,Delivery,B003
102655,02/06/2025,15:02,P018,L,1,1330,1330,950,Card,Dine-in,B003
102656,02/06/2025,16:58,P018,L,3,1330,3990,950,Online,Takeaway,B003
102657,02/06/2025,22:58,P002,M,3,975,2925,650,Card,Delivery,B002
102658,02/06/2025,13:18,P010,S,1,690,690,460,Card,Dine-in,B001
102659,02/06/2025,18:17,P015,M,1,1400,1400,1000,Cash,Delivery,B002
102660,02/06/2025,20:22,P025,XL,1,2640,2640,1650,Card,Dine-in,B001
102661,02/06/2025,18:38,P007,XL,2,1665,3330,1110,Card,Delivery,B001
102662,02/06/2025,12:34,P002,S,2,675,1350,450,Online,Dine-in,B002
102663,02/06/2025,12:54,P001,S,3,600,1800,400,Online,Takeaway,B003
102664,03/06/2025,15:44,P008,M,3,930,2790,620,Online,Takeaway,B002
102665,03/06/2025,16:53,P004,L,3,1350,4050,900,Cash,Delivery,B003
102666,03/06/2025,22:22,P004,L,3,1350,4050,900,Card,Dine-in,B001
102667,03/06/2025,13:15,P016,S,1,420,420,300,Online,Dine-in,B002
102668,03/06/2025,15:48,P017,M,1,868,868,620,Cash,Delivery,B002
102669,03/06/2025,22:29,P004,S,2,750,1500,500,Cash,Takeaway,B003
102670,03/06/2025,20:05,P004,XL,3,1650,4950,1100,Card,Delivery,B001
102671,03/06/2025,15:06,P018,L,3,1330,3990,950,Online,Delivery,B001
102672,03/06/2025,19:10,P009,S,3,660,1980,440,Online,Delivery,B003
102673,03/06/2025,13:15,P012,XL,3,2170,6510,1550,Card,Takeaway,B003
102674,03/06/2025,12:47,P004,L,2,1350,2700,900,Card,Dine-in,B003
102675,03/06/2025,21:39,P004,XL,3,1650,4950,1100,Card,Delivery,B003
102676,03/06/2025,17:32,P022,L,3,1680,5040,1050,Cash,Takeaway,B002
102677,03/06/2025,14:03,P007,M,3,1065,3195,710,Card,Dine-in,B001
102678,03/06/2025,11:20,P012,M,3,1330,3990,950,Online,Delivery,B003
102679,03/06/2025,14:32,P001,L,3,1200,3600,800,Online,Dine-in,B002
102680,03/06/2025,20:54,P018,S,1,490,490,350,Online,Delivery,B001
102681,04/06/2025,18:41,P025,M,3,1680,5040,1050,Cash,Takeaway,B002
102682,04/06/2025,13:53,P010,S,3,690,2070,460,Cash,Dine-in,B001
102683,04/06/2025,15:27,P001,XL,2,1500,3000,1000,Online,Takeaway,B003
102684,04/06/2025,15:18,P025,XL,1,2640,2640,1650,Cash,Takeaway,B001
102685,04/06/2025,12:48,P012,L,3,1750,5250,1250,Cash,Dine-in,B001
102686,04/06/2025,21:27,P003,S,3,645,1935,430,Cash,Delivery,B003
102687,04/06/2025,22:31,P003,L,3,1245,3735,830,Online,Delivery,B002
102688,04/06/2025,22:33,P019,M,1,952,952,680,Online,Delivery,B002
102689,04/06/2025,21:37,P020,S,2,560,1120,400,Online,Takeaway,B001
102690,04/06/2025,18:08,P022,S,1,720,720,450,Online,Takeaway,B002
102691,04/06/2025,21:51,P008,M,2,930,1860,620,Online,Delivery,B003
102692,04/06/2025,11:44,P001,S,1,600,600,400,Card,Takeaway,B001
102693,04/06/2025,11:39,P016,L,3,1170,3510,900,Online,Takeaway,B002
102694,04/06/2025,11:58,P020,M,3,980,2940,700,Cash,Dine-in,B001
102695,04/06/2025,13:59,P002,M,2,975,1950,650,Cash,Takeaway,B001
102696,04/06/2025,16:27,P001,M,3,900,2700,600,Card,Dine-in,B003
102697,04/06/2025,20:34,P006,L,2,1320,2640,880,Cash,Takeaway,B002
102698,05/06/2025,19:46,P020,L,3,1400,4200,1000,Online,Takeaway,B001
102699,05/06/2025,18:22,P020,L,1,1400,1400,1000,Card,Takeaway,B001
102700,05/06/2025,12:10,P023,L,3,1840,5520,1150,Online,Delivery,B001
102701,05/06/2025,20:43,P015,S,2,980,1960,700,Card,Takeaway,B002
102702,05/06/2025,11:58,P003,XL,1,1545,1545,1030,Card,Takeaway,B002
102703,05/06/2025,12:40,P025,L,3,2160,6480,1350,Card,Delivery,B003
102704,05/06/2025,14:19,P003,XL,3,1545,4635,1030,Card,Takeaway,B003
102705,05/06/2025,12:38,P019,S,3,532,1596,380,Online,Takeaway,B001
102706,05/06/2025,18:31,P002,XL,2,1575,3150,1050,Cash,Delivery,B003
102707,05/06/2025,16:57,P017,M,3,868,2604,620,Online,Dine-in,B003
102708,05/06/2025,11:58,P010,M,2,990,1980,660,Online,Dine-in,B002
102709,05/06/2025,21:20,P007,XL,1,1665,1665,1110,Card,Dine-in,B001
102710,05/06/2025,13:43,P008,S,1,630,630,420,Online,Dine-in,B003
102711,05/06/2025,12:15,P011,XL,3,2100,6300,1500,Card,Delivery,B002
102712,05/06/2025,16:42,P022,L,2,1680,3360,1050,Online,Delivery,B003
102713,05/06/2025,17:05,P026,S,3,1360,4080,850,Card,Takeaway,B002
102714,05/06/2025,22:55,P007,XL,1,1665,1665,1110,Online,Delivery,B001
102715,05/06/2025,22:08,P008,S,1,630,630,420,Cash,Dine-in,B003
102716,06/06/2025,13:47,P001,S,1,600,600,400,Card,Takeaway,B001
102717,06/06/2025,21:08,P026,S,1,1360,1360,850,Card,Takeaway,B001
102718,06/06/2025,21:36,P023,XL,3,2320,6960,1450,Cash,Dine-in,B002
102719,06/06/2025,16:17,P010,XL,2,1590,3180,1060,Card,Delivery,B003
102720,06/06/2025,11:45,P007,L,3,1365,4095,910,Cash,Delivery,B002
102721,06/06/2025,20:16,P022,S,2,720,1440,450,Online,Dine-in,B002
102722,06/06/2025,17:50,P001,M,2,900,1800,600,Online,Delivery,B002
102723,06/06/2025,11:29,P017,XL,2,1708,3416,1220,Online,Takeaway,B003
102724,06/06/2025,13:25,P014,L,3,1792,5376,1280,Online,Takeaway,B002
102725,06/06/2025,21:15,P026,S,3,1360,4080,850,Cash,Delivery,B003
102726,06/06/2025,19:19,P018,M,3,910,2730,650,Cash,Delivery,B002
102727,06/06/2025,11:43,P018,XL,2,1750,3500,1250,Card,Delivery,B003
102728,06/06/2025,13:06,P022,S,2,720,1440,450,Cash,Dine-in,B001
102729,06/06/2025,14:42,P025,M,1,1680,1680,1050,Online,Dine-in,B001
102730,06/06/2025,20:51,P025,XL,1,2640,2640,1650,Cash,Dine-in,B001
102731,06/06/2025,19:29,P021,L,2,1520,3040,950,Cash,Delivery,B001
102732,06/06/2025,22:56,P005,S,3,690,2070,460,Card,Takeaway,B001
102733,07/06/2025,18:31,P019,S,2,532,1064,380,Online,Dine-in,B003
102734,07/06/2025,12:02,P001,XL,3,1500,4500,1000,Online,Delivery,B003
102735,07/06/2025,18:58,P022,S,3,720,2160,450,Online,Dine-in,B002
102736,07/06/2025,21:24,P011,L,2,1680,3360,1200,Online,Dine-in,B002
102737,07/06/2025,18:33,P026,S,3,1360,4080,850,Online,Delivery,B001
102738,07/06/2025,22:08,P016,M,3,780,2340,600,Cash,Takeaway,B003
102739,07/06/2025,17:06,P010,M,3,990,2970,660,Card,Delivery,B002
102740,07/06/2025,12:00,P017,M,3,868,2604,620,Online,Delivery,B001
102741,07/06/2025,12:44,P007,XL,3,1665,4995,1110,Cash,Takeaway,B002
102742,07/06/2025,18:48,P008,M,1,930,930,620,Online,Delivery,B003
102743,07/06/2025,11:43,P010,M,1,990,990,660,Cash,Takeaway,B003
102744,07/06/2025,13:32,P019,S,1,532,532,380,Online,Delivery,B001
102745,07/06/2025,21:03,P019,XL,1,1792,1792,1280,Card,Delivery,B002
102746,07/06/2025,17:38,P011,S,3,840,2520,600,Cash,Takeaway,B001
102747,07/06/2025,13:28,P012,S,1,910,910,650,Online,Delivery,B002
102748,07/06/2025,20:05,P008,S,3,630,1890,420,Online,Delivery,B002
102749,07/06/2025,12:40,P023,XL,1,2320,2320,1450,Cash,Takeaway,B002
102750,07/06/2025,22:44,P016,S,3,420,1260,300,Cash,Takeaway,B002
102751,08/06/2025,20:42,P015,L,1,1820,1820,1300,Online,Dine-in,B001
102752,08/06/2025,11:12,P006,L,2,1320,2640,880,Cash,Takeaway,B003
102753,08/06/2025,17:19,P002,M,2,975,1950,650,Cash,Dine-in,B002
102754,08/06/2025,16:56,P008,S,2,630,1260,420,Cash,Takeaway,B003
102755,08/06/2025,17:33,P025,L,3,2160,6480,1350,Card,Dine-in,B002
102756,08/06/2025,11:13,P020,S,3,560,1680,400,Cash,Dine-in,B001
102757,08/06/2025,17:13,P018,M,3,910,2730,650,Cash,Takeaway,B002
102758,08/06/2025,22:16,P024,M,2,1520,3040,950,Cash,Dine-in,B001
102759,08/06/2025,20:10,P026,L,1,2320,2320,1450,Online,Delivery,B002
102760,08/06/2025,20:49,P014,S,2,952,1904,680,Card,Dine-in,B002
102761,08/06/2025,13:44,P010,XL,1,1590,1590,1060,Cash,Delivery,B003
102762,08/06/2025,16:17,P003,S,2,645,1290,430,Online,Delivery,B001
102763,08/06/2025,13:37,P013,S,1,882,882,630,Online,Delivery,B002
102764,08/06/2025,21:03,P011,S,3,840,2520,600,Card,Delivery,B002
102765,08/06/2025,17:13,P002,M,1,975,975,650,Cash,Takeaway,B003
102766,08/06/2025,21:13,P015,XL,2,2240,4480,1600,Card,Delivery,B001
102767,08/06/2025,11:10,P003,XL,2,1545,3090,1030,Card,Delivery,B001
102768,09/06/2025,19:07,P012,L,3,1750,5250,1250,Online,Takeaway,B001
102769,09/06/2025,11:30,P004,XL,2,1650,3300,1100,Online,Delivery,B001
102770,09/06/2025,16:29,P017,S,2,448,896,320,Online,Delivery,B002
102771,09/06/2025,17:09,P010,M,1,990,990,660,Card,Dine-in,B001
102772,09/06/2025,21:12,P021,M,3,1040,3120,650,Cash,Dine-in,B003
102773,09/06/2025,20:51,P011,S,2,840,1680,600,Cash,Takeaway,B002
102774,09/06/2025,14:19,P012,S,1,910,910,650,Online,Delivery,B001
102775,09/06/2025,11:12,P017,M,1,868,868,620,Card,Dine-in,B003
102776,09/06/2025,14:40,P017,S,2,448,896,320,Cash,Delivery,B003
102777,09/06/2025,22:41,P020,M,2,980,1960,700,Cash,Dine-in,B003
102778,09/06/2025,21:47,P017,XL,3,1708,5124,1220,Cash,Dine-in,B001
102779,09/06/2025,18:52,P003,XL,2,1545,3090,1030,Cash,Delivery,B003
102780,09/06/2025,22:53,P013,S,1,882,882,630,Online,Takeaway,B003
102781,09/06/2025,21:53,P011,S,2,840,1680,600,Card,Dine-in,B002
102782,09/06/2025,21:03,P025,M,1,1680,1680,1050,Card,Dine-in,B001
102783,09/06/2025,22:04,P017,S,3,448,1344,320,Card,Delivery,B002
102784,09/06/2025,14:45,P013,S,2,882,1764,630,Cash,Delivery,B003
102785,10/06/2025,18:47,P011,M,1,1260,1260,900,Online,Takeaway,B001
102786,10/06/2025,19:50,P009,S,3,660,1980,440,Online,Takeaway,B003
102787,10/06/2025,15:57,P024,M,2,1520,3040,950,Card,Dine-in,B002
102788,10/06/2025,20:48,P003,XL,3,1545,4635,1030,Card,Takeaway,B001
102789,10/06/2025,12:37,P008,S,3,630,1890,420,Card,Dine-in,B003
102790,10/06/2025,15:07,P022,L,1,1680,1680,1050,Card,Dine-in,B002
102791,10/06/2025,16:34,P022,L,3,1680,5040,1050,Cash,Dine-in,B003
102792,10/06/2025,22:10,P005,M,2,990,1980,660,Cash,Dine-in,B002
102793,10/06/2025,18:49,P019,M,1,952,952,680,Card,Delivery,B002
102794,10/06/2025,17:28,P021,S,1,560,560,350,Cash,Dine-in,B002
102795,10/06/2025,18:22,P003,S,3,645,1935,430,Online,Takeaway,B003
102796,10/06/2025,17:45,P017,S,2,448,896,320,Card,Dine-in,B001
102797,10/06/2025,15:15,P026,L,1,2320,2320,1450,Online,Dine-in,B001
102798,10/06/2025,21:21,P021,XL,2,2000,4000,1250,Online,Dine-in,B001
102799,10/06/2025,14:52,P010,L,3,1290,3870,860,Card,Takeaway,B001
102800,10/06/2025,12:10,P019,M,1,952,952,680,Cash,Dine-in,B001
102801,10/06/2025,12:37,P019,XL,2,1792,3584,1280,Cash,Delivery,B002
102802,10/06/2025,21:35,P022,M,1,1200,1200,750,Online,Takeaway,B001
102803,11/06/2025,11:31,P018,M,1,910,910,650,Online,Dine-in,B001
102804,11/06/2025,11:40,P001,S,3,600,1800,400,Cash,Delivery,B001
102805,11/06/2025,17:01,P017,M,2,868,1736,620,Online,Delivery,B002
102806,11/06/2025,18:14,P012,XL,2,2170,4340,1550,Cash,Delivery,B003
102807,11/06/2025,21:08,P008,XL,1,1530,1530,1020,Online,Takeaway,B003
102808,11/06/2025,17:05,P020,M,1,980,980,700,Online,Delivery,B002
102809,11/06/2025,13:02,P008,M,1,930,930,620,Card,Takeaway,B003
102810,11/06/2025,21:39,P005,L,3,1290,3870,860,Card,Delivery,B001
102811,11/06/2025,19:20,P007,M,3,1065,3195,710,Card,Delivery,B003
102812,11/06/2025,21:23,P021,L,2,1520,3040,950,Card,Dine-in,B001
102813,11/06/2025,15:53,P013,M,3,1302,3906,930,Online,Takeaway,B002
102814,11/06/2025,14:31,P005,M,1,990,990,660,Card,Delivery,B003
102815,11/06/2025,13:39,P008,S,1,630,630,420,Cash,Dine-in,B001
102816,11/06/2025,13:09,P023,M,2,1360,2720,850,Cash,Dine-in,B002
102817,11/06/2025,17:30,P012,L,2,1750,3500,1250,Online,Dine-in,B002
102818,11/06/2025,15:05,P005,L,1,1290,1290,860,Online,Dine-in,B001
102819,11/06/2025,21:36,P019,L,1,1372,1372,980,Card,Delivery,B003
102820,12/06/2025,16:43,P001,M,1,900,900,600,Online,Takeaway,B002
102821,12/06/2025,16:33,P018,M,2,910,1820,650,Card,Dine-in,B003
102822,12/06/2025,15:12,P016,L,1,1170,1170,900,Card,Delivery,B001
102823,12/06/2025,20:35,P025,L,2,2160,4320,1350,Card,Takeaway,B002
102824,12/06/2025,15:41,P026,M,1,1840,1840,1150,Cash,Takeaway,B003
102825,12/06/2025,11:49,P021,S,1,560,560,350,Cash,Takeaway,B003
102826,12/06/2025,16:31,P024,XL,2,2480,4960,1550,Cash,Takeaway,B003
102827,12/06/2025,21:46,P026,XL,3,2800,8400,1750,Cash,Delivery,B002
102828,12/06/2025,17:58,P005,S,2,690,1380,460,Online,Delivery,B001
102829,12/06/2025,11:50,P002,M,3,975,2925,650,Card,Delivery,B003
102830,12/06/2025,11:06,P025,XL,3,2640,7920,1650,Card,Delivery,B003
102831,12/06/2025,13:25,P011,S,3,840,2520,600,Online,Dine-in,B001
102832,12/06/2025,18:08,P003,XL,2,1545,3090,1030,Cash,Takeaway,B002
102833,12/06/2025,11:52,P025,S,1,1200,1200,750,Cash,Dine-in,B003
102834,12/06/2025,18:08,P020,M,2,980,1960,700,Online,Dine-in,B002
102835,12/06/2025,16:42,P023,S,3,880,2640,550,Online,Dine-in,B003
102836,12/06/2025,20:15,P022,XL,3,2160,6480,1350,Cash,Takeaway,B003
102837,12/06/2025,20:12,P017,M,1,868,868,620,Cash,Dine-in,B003
102838,13/06/2025,13:41,P016,S,1,420,420,300,Card,Takeaway,B003
102839,13/06/2025,13:42,P026,M,3,1840,5520,1150,Online,Dine-in,B003
102840,13/06/2025,16:31,P026,S,1,1360,1360,850,Online,Dine-in,B001
102841,13/06/2025,13:04,P014,M,1,1372,1372,980,Card,Delivery,B001
102842,13/06/2025,16:14,P011,S,3,840,2520,600,Cash,Takeaway,B002
102843,13/06/2025,12:35,P012,S,1,910,910,650,Cash,Delivery,B002
102844,13/06/2025,16:52,P011,XL,2,2100,4200,1500,Online,Takeaway,B002
102845,13/06/2025,12:30,P018,L,1,1330,1330,950,Online,Dine-in,B003
102846,13/06/2025,16:42,P007,XL,1,1665,1665,1110,Online,Dine-in,B003
102847,13/06/2025,22:19,P002,XL,3,1575,4725,1050,Cash,Delivery,B002
102848,13/06/2025,11:03,P003,S,1,645,645,430,Card,Takeaway,B003
102849,13/06/2025,15:42,P012,M,1,1330,1330,950,Online,Delivery,B001
102850,13/06/2025,16:48,P001,S,1,600,600,400,Online,Dine-in,B002
102851,13/06/2025,17:58,P013,S,2,882,1764,630,Card,Delivery,B003
102852,13/06/2025,14:30,P012,XL,1,2170,2170,1550,Cash,Takeaway,B001
102853,13/06/2025,15:07,P003,L,3,1245,3735,830,Online,Delivery,B003
102854,13/06/2025,16:32,P008,S,2,630,1260,420,Cash,Dine-in,B001
102855,14/06/2025,11:37,P005,XL,1,1590,1590,1060,Cash,Takeaway,B001
102856,14/06/2025,21:20,P007,S,2,765,1530,510,Online,Dine-in,B002
102857,14/06/2025,17:43,P002,S,1,675,675,450,Cash,Delivery,B001
102858,14/06/2025,22:25,P003,L,2,1245,2490,830,Online,Dine-in,B002
102859,14/06/2025,18:02,P004,XL,3,1650,4950,1100,Online,Takeaway,B002
102860,14/06/2025,19:29,P005,XL,3,1590,4770,1060,Online,Delivery,B003
102861,14/06/2025,11:12,P018,L,1,1330,1330,950,Cash,Takeaway,B001
102862,14/06/2025,17:53,P011,S,1,840,840,600,Online,Takeaway,B001
102863,14/06/2025,17:26,P021,S,3,560,1680,350,Online,Delivery,B002
102864,14/06/2025,12:36,P023,L,1,1840,1840,1150,Cash,Dine-in,B002
102865,14/06/2025,13:21,P026,XL,2,2800,5600,1750,Online,Dine-in,B001
102866,14/06/2025,18:11,P011,M,2,1260,2520,900,Online,Takeaway,B001
102867,14/06/2025,20:58,P020,XL,1,1820,1820,1300,Online,Takeaway,B002
102868,14/06/2025,12:20,P011,S,3,840,2520,600,Card,Dine-in,B003
102869,14/06/2025,17:43,P005,L,3,1290,3870,860,Cash,Delivery,B001
102870,14/06/2025,15:33,P010,XL,3,1590,4770,1060,Card,Takeaway,B002
102871,14/06/2025,13:36,P014,L,3,1792,5376,1280,Online,Dine-in,B003
102872,15/06/2025,16:54,P010,S,3,690,2070,460,Online,Dine-in,B003
102873,15/06/2025,19:33,P015,XL,2,2240,4480,1600,Cash,Takeaway,B001
102874,15/06/2025,17:06,P023,XL,3,2320,6960,1450,Online,Delivery,B002
102875,15/06/2025,17:54,P016,M,3,780,2340,600,Cash,Takeaway,B001
102876,15/06/2025,20:02,P018,S,3,490,1470,350,Cash,Takeaway,B003
102877,15/06/2025,22:14,P021,S,1,560,560,350,Online,Takeaway,B001
102878,15/06/2025,17:10,P012,S,2,910,1820,650,Card,Takeaway,B003
102879,15/06/2025,15:00,P006,L,1,1320,1320,880,Card,Dine-in,B001
102880,15/06/2025,20:09,P011,L,1,1680,1680,1200,Card,Takeaway,B001
102881,15/06/2025,21:52,P004,S,3,750,2250,500,Online,Takeaway,B003
102882,15/06/2025,21:10,P014,M,2,1372,2744,980,Card,Takeaway,B001
102883,15/06/2025,19:26,P017,S,1,448,448,320,Online,Takeaway,B003
102884,15/06/2025,17:37,P002,XL,2,1575,3150,1050,Cash,Takeaway,B001
102885,15/06/2025,16:44,P001,M,2,900,1800,600,Online,Takeaway,B001
102886,15/06/2025,21:35,P004,XL,2,1650,3300,1100,Online,Dine-in,B003
102887,15/06/2025,13:59,P017,M,3,868,2604,620,Card,Delivery,B003
102888,15/06/2025,18:56,P007,S,2,765,1530,510,Card,Delivery,B001
102889,15/06/2025,17:00,P005,L,3,1290,3870,860,Cash,Delivery,B002
102890,16/06/2025,11:58,P009,XL,2,1560,3120,1040,Online,Delivery,B002
102891,16/06/2025,14:28,P002,S,3,675,2025,450,Card,Delivery,B001
102892,16/06/2025,16:35,P022,XL,2,2160,4320,1350,Card,Dine-in,B002
102893,16/06/2025,14:00,P018,XL,3,1750,5250,1250,Online,Delivery,B001
102894,16/06/2025,16:03,P015,L,3,1820,5460,1300,Online,Dine-in,B002
102895,16/06/2025,22:38,P018,M,3,910,2730,650,Online,Takeaway,B003
102896,16/06/2025,13:55,P018,M,3,910,2730,650,Card,Dine-in,B002
102897,16/06/2025,14:24,P007,S,1,765,765,510,Card,Delivery,B003
102898,16/06/2025,15:05,P026,S,2,1360,2720,850,Cash,Dine-in,B001
102899,16/06/2025,16:24,P023,L,3,1840,5520,1150,Online,Dine-in,B003
102900,16/06/2025,21:56,P011,S,2,840,1680,600,Online,Takeaway,B002
102901,16/06/2025,17:30,P021,S,1,560,560,350,Online,Delivery,B001
102902,16/06/2025,16:04,P025,L,1,2160,2160,1350,Cash,Takeaway,B003
102903,16/06/2025,14:33,P011,L,1,1680,1680,1200,Online,Dine-in,B002
102904,16/06/2025,21:37,P016,XL,2,1560,3120,1200,Online,Delivery,B001
102905,16/06/2025,12:51,P003,M,1,945,945,630,Cash,Takeaway,B002
102906,16/06/2025,13:16,P021,XL,2,2000,4000,1250,Card,Delivery,B002
102907,17/06/2025,15:08,P022,XL,1,2160,2160,1350,Online,Takeaway,B003
102908,17/06/2025,13:42,P022,M,3,1200,3600,750,Card,Dine-in,B003
102909,17/06/2025,15:33,P014,M,2,1372,2744,980,Online,Delivery,B003
102910,17/06/2025,20:05,P018,L,1,1330,1330,950,Online,Takeaway,B001
102911,17/06/2025,22:20,P024,M,2,1520,3040,950,Cash,Delivery,B001
102912,17/06/2025,21:52,P026,M,1,1840,1840,1150,Card,Delivery,B001
102913,17/06/2025,14:06,P025,M,3,1680,5040,1050,Cash,Dine-in,B001
102914,17/06/2025,12:44,P002,XL,1,1575,1575,1050,Online,Delivery,B001
102915,17/06/2025,13:47,P015,L,1,1820,1820,1300,Cash,Dine-in,B002
102916,17/06/2025,12:14,P005,M,1,990,990,660,Card,Takeaway,B003
102917,17/06/2025,22:48,P020,L,1,1400,1400,1000,Cash,Takeaway,B003
102918,17/06/2025,19:37,P010,S,2,690,1380,460,Online,Dine-in,B001
102919,17/06/2025,18:09,P016,XL,2,1560,3120,1200,Card,Delivery,B001
102920,17/06/2025,18:15,P020,L,3,1400,4200,1000,Card,Dine-in,B001
102921,17/06/2025,22:02,P010,L,2,1290,2580,860,Card,Takeaway,B001
102922,17/06/2025,13:28,P025,M,2,1680,3360,1050,Online,Delivery,B001
102923,17/06/2025,15:43,P007,S,1,765,765,510,Online,Delivery,B001
102924,17/06/2025,21:53,P016,XL,1,1560,1560,1200,Online,Takeaway,B003
102925,18/06/2025,15:38,P013,M,1,1302,1302,930,Cash,Delivery,B002
102926,18/06/2025,16:53,P006,M,2,1020,2040,680,Online,Dine-in,B002
102927,18/06/2025,18:10,P016,L,2,1170,2340,900,Card,Takeaway,B001
102928,18/06/2025,13:10,P003,XL,1,1545,1545,1030,Cash,Takeaway,B001
102929,18/06/2025,18:17,P016,XL,2,1560,3120,1200,Card,Delivery,B003
102930,18/06/2025,19:18,P010,M,3,990,2970,660,Online,Dine-in,B001
102931,18/06/2025,12:39,P026,M,3,1840,5520,1150,Online,Delivery,B003
102932,18/06/2025,13:51,P009,XL,3,1560,4680,1040,Card,Dine-in,B001
102933,18/06/2025,21:05,P004,S,1,750,750,500,Cash,Dine-in,B002
102934,18/06/2025,15:49,P009,XL,2,1560,3120,1040,Cash,Delivery,B001
102935,18/06/2025,11:29,P001,XL,2,1500,3000,1000,Online,Takeaway,B002
102936,18/06/2025,20:38,P018,M,2,910,1820,650,Cash,Delivery,B002
102937,18/06/2025,14:59,P010,M,1,990,990,660,Online,Delivery,B003
102938,18/06/2025,20:56,P018,XL,2,1750,3500,1250,Card,Dine-in,B003
102939,18/06/2025,15:51,P026,M,1,1840,1840,1150,Card,Delivery,B001
102940,18/06/2025,20:48,P025,S,1,1200,1200,750,Online,Dine-in,B001
102941,18/06/2025,18:55,P007,L,1,1365,1365,910,Online,Dine-in,B003
102942,19/06/2025,18:50,P009,L,2,1260,2520,840,Online,Delivery,B003
102943,19/06/2025,16:31,P001,XL,1,1500,1500,1000,Card,Takeaway,B002
102944,19/06/2025,22:20,P012,S,1,910,910,650,Card,Dine-in,B001
102945,19/06/2025,18:12,P013,L,2,1722,3444,1230,Cash,Delivery,B003
102946,19/06/2025,14:11,P010,XL,2,1590,3180,1060,Card,Delivery,B002
102947,19/06/2025,19:43,P023,S,3,880,2640,550,Cash,Delivery,B001
102948,19/06/2025,13:40,P021,S,1,560,560,350,Cash,Delivery,B002
102949,19/06/2025,18:37,P004,M,3,1050,3150,700,Cash,Takeaway,B001
102950,19/06/2025,22:24,P008,L,3,1230,3690,820,Online,Dine-in,B003
102951,19/06/2025,17:50,P025,XL,3,2640,7920,1650,Card,Takeaway,B001
102952,19/06/2025,18:57,P015,L,3,1820,5460,1300,Online,Takeaway,B001
102953,19/06/2025,18:51,P008,XL,1,1530,1530,1020,Cash,Delivery,B001
102954,19/06/2025,21:59,P007,S,1,765,765,510,Online,Delivery,B002
102955,19/06/2025,17:16,P014,L,2,1792,3584,1280,Online,Dine-in,B002
102956,19/06/2025,11:42,P010,S,1,690,690,460,Cash,Takeaway,B001
102957,19/06/2025,16:58,P022,M,3,1200,3600,750,Online,Delivery,B001
102958,19/06/2025,13:50,P018,XL,2,1750,3500,1250,Online,Takeaway,B003
102959,20/06/2025,19:11,P018,M,1,910,910,650,Cash,Dine-in,B003
102960,20/06/2025,18:02,P022,S,2,720,1440,450,Online,Dine-in,B003
102961,20/06/2025,19:28,P020,S,1,560,560,400,Online,Takeaway,B002
102962,20/06/2025,19:33,P009,M,1,960,960,640,Cash,Takeaway,B003
102963,20/06/2025,13:48,P010,XL,2,1590,3180,1060,Cash,Takeaway,B002
102964,20/06/2025,20:43,P016,L,1,1170,1170,900,Cash,Dine-in,B001
102965,20/06/2025,14:29,P020,S,3,560,1680,400,Card,Dine-in,B001
102966,20/06/2025,13:13,P011,S,3,840,2520,600,Cash,Delivery,B003
102967,20/06/2025,14:17,P017,S,2,448,896,320,Online,Dine-in,B003
102968,20/06/2025,12:37,P026,XL,3,2800,8400,1750,Card,Takeaway,B002
102969,20/06/2025,17:54,P004,M,2,1050,2100,700,Card,Dine-in,B003
102970,20/06/2025,19:22,P011,L,1,1680,1680,1200,Online,Dine-in,B003
102971,20/06/2025,21:33,P006,XL,1,1620,1620,1080,Card,Delivery,B002
102972,20/06/2025,12:35,P004,L,2,1350,2700,900,Card,Takeaway,B001
102973,20/06/2025,12:27,P021,XL,2,2000,4000,1250,Cash,Takeaway,B003
102974,20/06/2025,19:17,P022,XL,1,2160,2160,1350,Online,Takeaway,B003
102975,20/06/2025,22:13,P016,S,1,420,420,300,Online,Takeaway,B002
102976,20/06/2025,12:59,P005,S,1,690,690,460,Cash,Takeaway,B002
102977,21/06/2025,15:02,P007,M,3,1065,3195,710,Card,Delivery,B002
102978,21/06/2025,22:26,P022,L,3,1680,5040,1050,Card,Delivery,B003
102979,21/06/2025,11:34,P010,S,2,690,1380,460,Card,Delivery,B003
102980,21/06/2025,14:26,P024,S,3,1040,3120,650,Cash,Dine-in,B003
102981,21/06/2025,16:19,P019,S,1,532,532,380,Cash,Dine-in,B003
102982,21/06/2025,17:25,P021,M,2,1040,2080,650,Cash,Dine-in,B003
102983,21/06/2025,19:09,P019,S,1,532,532,380,Card,Delivery,B002
102984,21/06/2025,16:37,P016,L,2,1170,2340,900,Card,Dine-in,B002
102985,21/06/2025,22:40,P012,L,1,1750,1750,1250,Cash,Takeaway,B003
102986,21/06/2025,19:20,P015,S,3,980,2940,700,Online,Dine-in,B003
102987,21/06/2025,14:06,P005,S,1,690,690,460,Online,Delivery,B001
102988,21/06/2025,13:17,P014,S,1,952,952,680,Online,Dine-in,B001
102989,21/06/2025,22:45,P009,L,3,1260,3780,840,Online,Dine-in,B002
102990,21/06/2025,12:54,P009,XL,1,1560,1560,1040,Cash,Dine-in,B001
102991,21/06/2025,13:21,P004,S,3,750,2250,500,Online,Dine-in,B002
102992,21/06/2025,14:19,P003,XL,3,1545,4635,1030,Card,Delivery,B001
102993,21/06/2025,19:48,P013,XL,3,2142,6426,1530,Card,Dine-in,B002
102994,22/06/2025,18:26,P018,XL,2,1750,3500,1250,Online,Dine-in,B002
102995,22/06/2025,19:56,P012,S,3,910,2730,650,Cash,Takeaway,B002
102996,22/06/2025,11:47,P026,XL,2,2800,5600,1750,Cash,Delivery,B002
102997,22/06/2025,14:42,P021,XL,3,2000,6000,1250,Card,Delivery,B003
102998,22/06/2025,15:42,P011,M,1,1260,1260,900,Cash,Delivery,B003
102999,22/06/2025,15:10,P004,M,2,1050,2100,700,Online,Delivery,B001
103000,22/06/2025,18:04,P020,S,1,560,560,400,Card,Dine-in,B003
103001,22/06/2025,17:45,P017,XL,3,1708,5124,1220,Card,Dine-in,B002
103002,22/06/2025,16:09,P014,S,1,952,952,680,Cash,Delivery,B003
103003,22/06/2025,20:29,P025,M,3,1680,5040,1050,Card,Takeaway,B002
103004,22/06/2025,13:17,P021,XL,2,2000,4000,1250,Online,Dine-in,B002
103005,22/06/2025,19:30,P020,XL,1,1820,1820,1300,Cash,Takeaway,B001
103006,22/06/2025,19:12,P013,L,3,1722,5166,1230,Online,Takeaway,B003
103007,22/06/2025,12:27,P002,M,3,975,2925,650,Online,Takeaway,B003
103008,22/06/2025,21:25,P014,XL,1,2212,2212,1580,Online,Takeaway,B002
103009,22/06/2025,20:05,P020,L,2,1400,2800,1000,Online,Delivery,B003
103010,22/06/2025,15:12,P022,M,2,1200,2400,750,Online,Delivery,B003
103011,22/06/2025,19:17,P002,M,2,975,1950,650,Cash,Dine-in,B003
103012,23/06/2025,12:32,P012,M,3,1330,3990,950,Card,Dine-in,B001
103013,23/06/2025,20:59,P012,M,2,1330,2660,950,Online,Dine-in,B002
103014,23/06/2025,17:02,P018,XL,1,1750,1750,1250,Card,Delivery,B001
103015,23/06/2025,15:58,P011,XL,2,2100,4200,1500,Online,Dine-in,B002
103016,23/06/2025,20:48,P024,L,3,2000,6000,1250,Cash,Takeaway,B001
103017,23/06/2025,14:07,P003,L,1,1245,1245,830,Cash,Delivery,B003
103018,23/06/2025,18:29,P013,S,1,882,882,630,Cash,Delivery,B003
103019,23/06/2025,13:35,P001,L,3,1200,3600,800,Online,Dine-in,B003
103020,23/06/2025,22:57,P015,M,3,1400,4200,1000,Cash,Delivery,B002
103021,23/06/2025,21:29,P020,L,3,1400,4200,1000,Card,Takeaway,B001
103022,23/06/2025,22:15,P004,L,2,1350,2700,900,Card,Delivery,B003
103023,23/06/2025,17:08,P011,S,2,840,1680,600,Online,Dine-in,B001
103024,23/06/2025,12:39,P010,XL,3,1590,4770,1060,Cash,Dine-in,B003
103025,23/06/2025,15:30,P018,XL,3,1750,5250,1250,Online,Dine-in,B003
103026,23/06/2025,19:04,P015,S,2,980,1960,700,Cash,Delivery,B003
103027,23/06/2025,20:57,P024,S,3,1040,3120,650,Online,Delivery,B002
103028,23/06/2025,20:37,P006,S,1,720,720,480,Online,Takeaway,B003
103029,24/06/2025,11:30,P019,M,2,952,1904,680,Online,Takeaway,B001
103030,24/06/2025,22:45,P006,XL,3,1620,4860,1080,Online,Takeaway,B001
103031,24/06/2025,11:41,P026,XL,3,2800,8400,1750,Online,Dine-in,B001
103032,24/06/2025,15:15,P023,M,2,1360,2720,850,Card,Dine-in,B003
103033,24/06/2025,18:46,P012,XL,3,2170,6510,1550,Card,Dine-in,B003
103034,24/06/2025,22:59,P019,XL,3,1792,5376,1280,Online,Delivery,B003
103035,24/06/2025,15:35,P023,L,3,1840,5520,1150,Online,Dine-in,B001
103036,24/06/2025,18:09,P009,XL,3,1560,4680,1040,Online,Delivery,B001
103037,24/06/2025,11:29,P012,S,1,910,910,650,Online,Delivery,B001
103038,24/06/2025,13:27,P019,M,2,952,1904,680,Card,Dine-in,B001
103039,24/06/2025,17:56,P005,L,2,1290,2580,860,Cash,Delivery,B003
103040,24/06/2025,12:50,P017,XL,2,1708,3416,1220,Online,Delivery,B001
103041,24/06/2025,19:32,P002,S,3,675,2025,450,Card,Delivery,B001
103042,24/06/2025,16:29,P005,XL,1,1590,1590,1060,Online,Takeaway,B003
103043,24/06/2025,16:10,P006,M,1,1020,1020,680,Cash,Delivery,B003
103044,24/06/2025,15:09,P019,XL,3,1792,5376,1280,Online,Dine-in,B002
103045,24/06/2025,13:31,P012,L,1,1750,1750,1250,Cash,Takeaway,B002
103046,25/06/2025,12:30,P015,M,1,1400,1400,1000,Card,Delivery,B001
103047,25/06/2025,17:29,P006,S,1,720,720,480,Card,Takeaway,B003
103048,25/06/2025,17:36,P025,S,3,1200,3600,750,Card,Delivery,B002
103049,25/06/2025,15:35,P008,M,1,930,930,620,Card,Dine-in,B003
103050,25/06/2025,17:13,P010,M,3,990,2970,660,Online,Takeaway,B001
103051,25/06/2025,19:13,P026,M,2,1840,3680,1150,Online,Dine-in,B001
103052,25/06/2025,11:27,P007,XL,1,1665,1665,1110,Cash,Takeaway,B003
103053,25/06/2025,17:03,P010,S,1,690,690,460,Card,Takeaway,B003
103054,25/06/2025,21:53,P007,XL,2,1665,3330,1110,Cash,Takeaway,B002
103055,25/06/2025,12:16,P026,M,3,1840,5520,1150,Cash,Delivery,B002
103056,25/06/2025,11:35,P025,XL,2,2640,5280,1650,Online,Dine-in,B002
103057,25/06/2025,13:37,P014,L,1,1792,1792,1280,Online,Takeaway,B002
103058,25/06/2025,14:39,P012,L,1,1750,1750,1250,Card,Takeaway,B001
103059,25/06/2025,11:13,P010,XL,1,1590,1590,1060,Card,Delivery,B002
103060,25/06/2025,15:33,P009,M,2,960,1920,640,Online,Delivery,B002
103061,25/06/2025,17:07,P013,S,2,882,1764,630,Online,Delivery,B001
103062,25/06/2025,18:40,P001,S,1,600,600,400,Card,Takeaway,B001
103063,25/06/2025,12:22,P008,S,2,630,1260,420,Cash,Delivery,B001
103064,26/06/2025,22:53,P015,S,2,980,1960,700,Card,Takeaway,B002
103065,26/06/2025,11:44,P024,M,1,1520,1520,950,Online,Dine-in,B002
103066,26/06/2025,13:54,P014,S,2,952,1904,680,Online,Takeaway,B003
103067,26/06/2025,20:42,P013,S,1,882,882,630,Cash,Takeaway,B002
103068,26/06/2025,21:45,P004,S,1,750,750,500,Card,Dine-in,B002
103069,26/06/2025,12:18,P007,S,3,765,2295,510,Online,Delivery,B001
103070,26/06/2025,22:20,P012,XL,1,2170,2170,1550,Online,Dine-in,B002
103071,26/06/2025,14:27,P005,XL,1,1590,1590,1060,Cash,Takeaway,B002
103072,26/06/2025,15:41,P002,L,2,1275,2550,850,Online,Takeaway,B002
103073,26/06/2025,18:44,P025,L,1,2160,2160,1350,Online,Delivery,B003
103074,26/06/2025,21:19,P026,XL,3,2800,8400,1750,Card,Delivery,B002
103075,26/06/2025,20:03,P002,L,1,1275,1275,850,Online,Takeaway,B001
103076,26/06/2025,12:38,P019,S,2,532,1064,380,Cash,Dine-in,B003
103077,26/06/2025,13:50,P010,L,1,1290,1290,860,Card,Dine-in,B001
103078,26/06/2025,15:15,P004,L,2,1350,2700,900,Card,Takeaway,B002
103079,26/06/2025,11:27,P008,M,1,930,930,620,Card,Takeaway,B001
103080,26/06/2025,17:10,P002,L,3,1275,3825,850,Cash,Takeaway,B002
103081,27/06/2025,17:47,P012,L,3,1750,5250,1250,Card,Dine-in,B002
103082,27/06/2025,14:16,P016,S,2,420,840,300,Card,Dine-in,B003
103083,27/06/2025,22:55,P002,M,1,975,975,650,Online,Takeaway,B001
103084,27/06/2025,16:23,P010,XL,2,1590,3180,1060,Card,Takeaway,B003
103085,27/06/2025,15:18,P010,XL,2,1590,3180,1060,Online,Takeaway,B003
103086,27/06/2025,13:40,P019,XL,3,1792,5376,1280,Cash,Delivery,B003
103087,27/06/2025,21:53,P007,L,1,1365,1365,910,Card,Dine-in,B003
103088,27/06/2025,18:53,P006,S,1,720,720,480,Online,Delivery,B002
103089,27/06/2025,14:06,P015,S,3,980,2940,700,Online,Delivery,B002
103090,27/06/2025,17:14,P021,XL,2,2000,4000,1250,Online,Delivery,B001
103091,27/06/2025,15:08,P024,L,1,2000,2000,1250,Online,Delivery,B003
103092,27/06/2025,14:39,P009,XL,2,1560,3120,1040,Online,Delivery,B003
103093,27/06/2025,19:24,P017,L,3,1288,3864,920,Card,Delivery,B003
103094,27/06/2025,18:56,P025,L,1,2160,2160,1350,Online,Takeaway,B001
103095,27/06/2025,19:09,P003,M,2,945,1890,630,Online,Dine-in,B001
103096,27/06/2025,14:45,P010,M,2,990,1980,660,Online,Takeaway,B002
103097,27/06/2025,21:05,P023,L,2,1840,3680,1150,Cash,Takeaway,B003
103098,27/06/2025,21:19,P021,L,2,1520,3040,950,Online,Takeaway,B002
103099,28/06/2025,12:51,P026,XL,2,2800,5600,1750,Card,Dine-in,B001
103100,28/06/2025,16:53,P001,M,1,900,900,600,Card,Takeaway,B003
103101,28/06/2025,22:37,P022,M,2,1200,2400,750,Card,Takeaway,B003
103102,28/06/2025,21:56,P009,L,3,1260,3780,840,Online,Takeaway,B003
103103,28/06/2025,21:01,P024,M,2,1520,3040,950,Card,Delivery,B003
103104,28/06/2025,19:22,P024,XL,2,2480,4960,1550,Card,Takeaway,B002
103105,28/06/2025,12:13,P017,L,1,1288,1288,920,Online,Takeaway,B003
103106,28/06/2025,19:20,P003,L,2,1245,2490,830,Card,Delivery,B002
103107,28/06/2025,12:36,P020,M,1,980,980,700,Cash,Dine-in,B001
103108,28/06/2025,17:39,P002,L,1,1275,1275,850,Cash,Takeaway,B001
103109,28/06/2025,12:01,P017,M,3,868,2604,620,Cash,Dine-in,B002
103110,28/06/2025,11:25,P003,M,3,945,2835,630,Card,Takeaway,B003
103111,28/06/2025,15:32,P013,XL,3,2142,6426,1530,Cash,Takeaway,B002
103112,28/06/2025,11:20,P024,M,1,1520,1520,950,Card,Delivery,B003
103113,28/06/2025,11:55,P016,L,2,1170,2340,900,Cash,Takeaway,B001
103114,28/06/2025,17:17,P013,M,2,1302,2604,930,Card,Delivery,B001
103115,28/06/2025,18:52,P023,S,3,880,2640,550,Card,Takeaway,B001
103116,29/06/2025,15:40,P025,M,3,1680,5040,1050,Cash,Dine-in,B003
103117,29/06/2025,12:17,P024,S,2,1040,2080,650,Online,Dine-in,B002
103118,29/06/2025,14:09,P002,L,2,1275,2550,850,Card,Delivery,B001
103119,29/06/2025,13:58,P011,S,1,840,840,600,Card,Delivery,B003
103120,29/06/2025,13:29,P009,XL,1,1560,1560,1040,Card,Dine-in,B003
103121,29/06/2025,13:50,P011,XL,1,2100,2100,1500,Card,Dine-in,B002
103122,29/06/2025,19:07,P015,M,1,1400,1400,1000,Card,Dine-in,B002
103123,29/06/2025,20:01,P002,XL,1,1575,1575,1050,Cash,Dine-in,B003
103124,29/06/2025,19:06,P009,S,3,660,1980,440,Card,Takeaway,B003
103125,29/06/2025,19:10,P019,L,2,1372,2744,980,Online,Takeaway,B003
103126,29/06/2025,18:52,P022,L,2,1680,3360,1050,Cash,Dine-in,B002
103127,29/06/2025,11:03,P018,M,1,910,910,650,Cash,Delivery,B001
103128,29/06/2025,19:52,P006,S,1,720,720,480,Cash,Delivery,B001
103129,29/06/2025,19:06,P024,S,2,1040,2080,650,Card,Takeaway,B001
103130,29/06/2025,20:19,P006,M,2,1020,2040,680,Cash,Takeaway,B002
103131,29/06/2025,18:02,P024,XL,1,2480,2480,1550,Card,Delivery,B002
103132,29/06/2025,12:24,P006,S,3,720,2160,480,Card,Takeaway,B003
103133,30/06/2025,15:12,P021,M,1,1040,1040,650,Online,Dine-in,B003
103134,30/06/2025,15:33,P024,S,1,1040,1040,650,Card,Dine-in,B001
103135,30/06/2025,13:10,P009,M,1,960,960,640,Online,Takeaway,B002
103136,30/06/2025,13:44,P003,L,2,1245,2490,830,Card,Takeaway,B001
103137,30/06/2025,18:36,P007,L,3,1365,4095,910,Online,Delivery,B003
103138,30/06/2025,19:42,P006,S,3,720,2160,480,Online,Dine-in,B001
103139,30/06/2025,22:56,P009,L,3,1260,3780,840,Online,Takeaway,B003
103140,30/06/2025,20:18,P002,L,2,1275,2550,850,Cash,Delivery,B003
103141,30/06/2025,16:50,P011,M,1,1260,1260,900,Online,Takeaway,B002
103142,30/06/2025,12:41,P003,M,3,945,2835,630,Card,Dine-in,B003
103143,30/06/2025,11:41,P025,XL,2,2640,5280,1650,Card,Dine-in,B001
103144,30/06/2025,20:30,P013,XL,2,2142,4284,1530,Card,Takeaway,B002
103145,30/06/2025,18:52,P016,L,3,1170,3510,900,Online,Dine-in,B003
103146,30/06/2025,13:18,P010,M,2,990,1980,660,Cash,Delivery,B002
103147,30/06/2025,21:35,P018,M,2,910,1820,650,Online,Takeaway,B001
103148,30/06/2025,22:46,P018,S,1,490,490,350,Card,Takeaway,B002
103149,30/06/2025,19:10,P007,L,2,1365,2730,910,Online,Dine-in,B002
103150,30/06/2025,16:33,P015,XL,2,2240,4480,1600,Card,Dine-in,B003
103151,01/07/2025,20:48,P019,M,1,952,952,680,Card,Dine-in,B001
103152,01/07/2025,14:30,P014,L,2,1792,3584,1280,Card,Dine-in,B003
103153,01/07/2025,16:54,P006,L,3,1320,3960,880,Cash,Delivery,B001
103154,01/07/2025,21:19,P011,XL,3,2100,6300,1500,Online,Delivery,B001
103155,01/07/2025,13:08,P006,XL,3,1620,4860,1080,Online,Delivery,B003
103156,01/07/2025,19:53,P023,M,3,1360,4080,850,Online,Delivery,B002
103157,01/07/2025,17:42,P019,L,1,1372,1372,980,Card,Delivery,B003
103158,01/07/2025,11:13,P017,M,1,868,868,620,Cash,Takeaway,B001
103159,01/07/2025,20:09,P014,M,2,1372,2744,980,Online,Takeaway,B001
103160,01/07/2025,17:25,P011,S,2,840,1680,600,Online,Takeaway,B001
103161,01/07/2025,21:48,P005,M,1,990,990,660,Online,Takeaway,B003
103162,01/07/2025,11:20,P012,S,3,910,2730,650,Cash,Dine-in,B002
103163,01/07/2025,21:31,P019,M,1,952,952,680,Cash,Dine-in,B003
103164,01/07/2025,15:32,P009,M,2,960,1920,640,Online,Delivery,B002
103165,01/07/2025,19:58,P003,M,3,945,2835,630,Card,Delivery,B002
103166,01/07/2025,16:33,P020,L,2,1400,2800,1000,Online,Delivery,B002
103167,01/07/2025,14:59,P003,XL,2,1545,3090,1030,Online,Delivery,B002
103168,02/07/2025,11:42,P007,S,1,765,765,510,Card,Delivery,B002
103169,02/07/2025,11:57,P014,M,1,1372,1372,980,Cash,Dine-in,B002
103170,02/07/2025,21:42,P022,XL,3,2160,6480,1350,Cash,Takeaway,B002
103171,02/07/2025,13:37,P002,XL,2,1575,3150,1050,Cash,Dine-in,B003
103172,02/07/2025,12:26,P015,XL,3,2240,6720,1600,Online,Takeaway,B003
103173,02/07/2025,17:42,P013,XL,2,2142,4284,1530,Card,Dine-in,B002
103174,02/07/2025,19:05,P001,S,2,600,1200,400,Card,Takeaway,B002
103175,02/07/2025,12:55,P015,XL,2,2240,4480,1600,Cash,Dine-in,B001
103176,02/07/2025,15:19,P010,M,2,990,1980,660,Card,Takeaway,B002
103177,02/07/2025,19:26,P015,S,3,980,2940,700,Cash,Delivery,B003
103178,02/07/2025,14:11,P001,S,3,600,1800,400,Card,Takeaway,B001
103179,02/07/2025,16:44,P023,XL,3,2320,6960,1450,Card,Dine-in,B003
103180,02/07/2025,20:02,P002,L,3,1275,3825,850,Online,Delivery,B001
103181,02/07/2025,12:26,P005,L,1,1290,1290,860,Card,Delivery,B002
103182,02/07/2025,21:59,P025,L,2,2160,4320,1350,Card,Takeaway,B002
103183,02/07/2025,12:11,P009,M,3,960,2880,640,Cash,Dine-in,B003
103184,02/07/2025,20:10,P022,XL,3,2160,6480,1350,Card,Delivery,B002
103185,02/07/2025,19:11,P023,M,3,1360,4080,850,Online,Delivery,B001
103186,03/07/2025,20:12,P003,L,2,1245,2490,830,Online,Delivery,B003
103187,03/07/2025,19:02,P026,M,2,1840,3680,1150,Online,Dine-in,B002
103188,03/07/2025,15:13,P012,XL,3,2170,6510,1550,Card,Takeaway,B001
103189,03/07/2025,16:29,P005,M,2,990,1980,660,Cash,Dine-in,B003
103190,03/07/2025,21:00,P001,L,3,1200,3600,800,Online,Dine-in,B003
103191,03/07/2025,18:06,P002,L,3,1275,3825,850,Online,Dine-in,B001
103192,03/07/2025,12:36,P011,M,3,1260,3780,900,Online,Dine-in,B001
103193,03/07/2025,15:19,P023,L,1,1840,1840,1150,Card,Takeaway,B002
103194,03/07/2025,21:19,P007,M,3,1065,3195,710,Cash,Delivery,B002
103195,03/07/2025,11:13,P001,XL,2,1500,3000,1000,Cash,Dine-in,B003
103196,03/07/2025,14:27,P004,XL,3,1650,4950,1100,Cash,Delivery,B001
103197,03/07/2025,22:13,P001,M,2,900,1800,600,Online,Takeaway,B003
103198,03/07/2025,12:50,P008,S,2,630,1260,420,Cash,Delivery,B002
103199,03/07/2025,19:29,P021,M,1,1040,1040,650,Cash,Takeaway,B001
103200,03/07/2025,12:58,P021,M,1,1040,1040,650,Cash,Delivery,B001
103201,03/07/2025,12:35,P019,XL,1,1792,1792,1280,Online,Dine-in,B002
103202,03/07/2025,11:00,P011,L,1,1680,1680,1200,Online,Delivery,B003
103203,04/07/2025,16:28,P011,S,2,840,1680,600,Online,Delivery,B002
103204,04/07/2025,22:18,P017,XL,2,1708,3416,1220,Cash,Delivery,B001
103205,04/07/2025,14:14,P002,M,1,975,975,650,Card,Dine-in,B003
103206,04/07/2025,21:27,P006,XL,2,1620,3240,1080,Card,Takeaway,B003
103207,04/07/2025,18:20,P006,L,3,1320,3960,880,Cash,Dine-in,B001
103208,04/07/2025,21:05,P019,XL,2,1792,3584,1280,Cash,Dine-in,B003
103209,04/07/2025,15:25,P019,M,2,952,1904,680,Cash,Takeaway,B003
103210,04/07/2025,15:28,P008,L,2,1230,2460,820,Cash,Dine-in,B002
103211,04/07/2025,22:39,P014,XL,3,2212,6636,1580,Card,Takeaway,B001
103212,04/07/2025,14:27,P002,S,2,675,1350,450,Card,Takeaway,B003
103213,04/07/2025,18:34,P005,XL,3,1590,4770,1060,Card,Delivery,B002
103214,04/07/2025,13:08,P004,XL,2,1650,3300,1100,Cash,Dine-in,B003
103215,04/07/2025,22:06,P007,L,3,1365,4095,910,Card,Takeaway,B003
103216,04/07/2025,13:39,P009,XL,1,1560,1560,1040,Cash,Dine-in,B001
103217,04/07/2025,16:25,P020,M,2,980,1960,700,Online,Delivery,B003
103218,04/07/2025,22:18,P018,XL,3,1750,5250,1250,Online,Dine-in,B001
103219,04/07/2025,14:49,P007,S,3,765,2295,510,Online,Delivery,B001
103220,05/07/2025,12:43,P014,L,3,1792,5376,1280,Cash,Takeaway,B001
103221,05/07/2025,11:00,P002,S,3,675,2025,450,Card,Dine-in,B003
103222,05/07/2025,22:44,P022,S,3,720,2160,450,Card,Takeaway,B003
103223,05/07/2025,20:33,P018,XL,2,1750,3500,1250,Online,Takeaway,B003
103224,05/07/2025,13:17,P021,XL,2,2000,4000,1250,Online,Dine-in,B002
103225,05/07/2025,14:05,P016,S,2,420,840,300,Online,Delivery,B002
103226,05/07/2025,21:57,P016,M,1,780,780,600,Card,Delivery,B001
103227,05/07/2025,17:24,P021,XL,1,2000,2000,1250,Online,Delivery,B003
103228,05/07/2025,12:31,P013,M,1,1302,1302,930,Card,Dine-in,B002
103229,05/07/2025,20:53,P003,M,2,945,1890,630,Card,Takeaway,B003
103230,05/07/2025,13:24,P009,L,3,1260,3780,840,Card,Delivery,B002
103231,05/07/2025,19:51,P010,S,3,690,2070,460,Card,Dine-in,B002
103232,05/07/2025,12:32,P013,XL,3,2142,6426,1530,Online,Dine-in,B002
103233,05/07/2025,12:26,P019,XL,1,1792,1792,1280,Card,Delivery,B003
103234,05/07/2025,13:32,P010,M,2,990,1980,660,Card,Dine-in,B001
103235,05/07/2025,13:58,P021,M,3,1040,3120,650,Card,Takeaway,B003
103236,05/07/2025,13:50,P016,S,1,420,420,300,Online,Delivery,B003
103237,05/07/2025,22:09,P011,S,2,840,1680,600,Card,Delivery,B001
103238,06/07/2025,13:59,P020,L,1,1400,1400,1000,Cash,Takeaway,B001
103239,06/07/2025,15:04,P001,S,3,600,1800,400,Card,Delivery,B003
103240,06/07/2025,22:23,P005,L,1,1290,1290,860,Online,Takeaway,B001
103241,06/07/2025,15:02,P002,XL,1,1575,1575,1050,Card,Dine-in,B002
103242,06/07/2025,18:37,P013,XL,2,2142,4284,1530,Online,Takeaway,B003
103243,06/07/2025,19:01,P022,S,3,720,2160,450,Cash,Delivery,B001
103244,06/07/2025,18:23,P002,S,2,675,1350,450,Cash,Delivery,B003
103245,06/07/2025,15:21,P020,L,1,1400,1400,1000,Cash,Delivery,B002
103246,06/07/2025,11:56,P006,XL,1,1620,1620,1080,Cash,Takeaway,B001
103247,06/07/2025,18:18,P003,M,2,945,1890,630,Card,Delivery,B002
103248,06/07/2025,12:08,P018,XL,3,1750,5250,1250,Online,Dine-in,B002
103249,06/07/2025,20:38,P009,L,3,1260,3780,840,Cash,Takeaway,B002
103250,06/07/2025,21:20,P019,S,1,532,532,380,Online,Delivery,B001
103251,06/07/2025,22:13,P016,XL,2,1560,3120,1200,Card,Takeaway,B002
103252,06/07/2025,16:33,P006,XL,3,1620,4860,1080,Card,Takeaway,B003
103253,06/07/2025,21:22,P026,M,3,1840,5520,1150,Online,Delivery,B003
103254,06/07/2025,12:49,P024,L,1,2000,2000,1250,Card,Takeaway,B001
103255,07/07/2025,19:07,P025,XL,2,2640,5280,1650,Card,Takeaway,B003
103256,07/07/2025,20:21,P025,XL,1,2640,2640,1650,Online,Dine-in,B001
103257,07/07/2025,15:57,P026,M,3,1840,5520,1150,Online,Takeaway,B003
103258,07/07/2025,12:17,P018,S,3,490,1470,350,Cash,Delivery,B002
103259,07/07/2025,19:40,P018,XL,1,1750,1750,1250,Cash,Dine-in,B003
103260,07/07/2025,18:00,P013,L,3,1722,5166,1230,Cash,Takeaway,B002
103261,07/07/2025,20:58,P017,L,2,1288,2576,920,Online,Dine-in,B003
103262,07/07/2025,13:11,P003,L,3,1245,3735,830,Card,Delivery,B001
103263,07/07/2025,17:51,P019,L,2,1372,2744,980,Cash,Delivery,B003
103264,07/07/2025,22:43,P002,XL,2,1575,3150,1050,Cash,Dine-in,B001
103265,07/07/2025,14:37,P007,S,2,765,1530,510,Cash,Takeaway,B001
103266,07/07/2025,18:40,P015,S,3,980,2940,700,Online,Takeaway,B003
103267,07/07/2025,15:48,P026,L,1,2320,2320,1450,Online,Dine-in,B002
103268,07/07/2025,22:38,P010,S,3,690,2070,460,Cash,Takeaway,B001
103269,07/07/2025,22:10,P015,M,1,1400,1400,1000,Card,Delivery,B003
103270,07/07/2025,19:36,P006,XL,3,1620,4860,1080,Cash,Takeaway,B002
103271,07/07/2025,18:32,P026,L,1,2320,2320,1450,Cash,Takeaway,B003
103272,07/07/2025,17:04,P026,S,2,1360,2720,850,Card,Delivery,B003
103273,08/07/2025,18:30,P018,M,3,910,2730,650,Card,Takeaway,B003
103274,08/07/2025,19:11,P025,S,2,1200,2400,750,Online,Takeaway,B001
103275,08/07/2025,14:20,P002,M,2,975,1950,650,Card,Takeaway,B003
103276,08/07/2025,17:36,P014,M,1,1372,1372,980,Online,Delivery,B001
103277,08/07/2025,14:00,P006,S,3,720,2160,480,Cash,Dine-in,B001
103278,08/07/2025,11:43,P013,S,1,882,882,630,Card,Takeaway,B002
103279,08/07/2025,15:11,P022,L,1,1680,1680,1050,Cash,Takeaway,B001
103280,08/07/2025,15:29,P025,L,1,2160,2160,1350,Card,Delivery,B003
103281,08/07/2025,18:48,P018,XL,2,1750,3500,1250,Online,Delivery,B003
103282,08/07/2025,18:56,P007,L,1,1365,1365,910,Cash,Dine-in,B002
103283,08/07/2025,12:49,P013,XL,3,2142,6426,1530,Online,Takeaway,B002
103284,08/07/2025,22:59,P017,M,3,868,2604,620,Online,Takeaway,B002
103285,08/07/2025,19:07,P025,L,1,2160,2160,1350,Online,Delivery,B003
103286,08/07/2025,14:28,P015,L,3,1820,5460,1300,Cash,Takeaway,B003
103287,08/07/2025,11:25,P005,M,1,990,990,660,Card,Delivery,B002
103288,08/07/2025,15:16,P007,S,2,765,1530,510,Online,Dine-in,B002
103289,08/07/2025,17:16,P009,S,2,660,1320,440,Online,Takeaway,B003
103290,09/07/2025,19:00,P015,S,2,980,1960,700,Cash,Takeaway,B001
103291,09/07/2025,15:14,P017,XL,1,1708,1708,1220,Cash,Dine-in,B002
103292,09/07/2025,13:59,P010,XL,2,1590,3180,1060,Card,Dine-in,B002
103293,09/07/2025,19:55,P003,L,2,1245,2490,830,Card,Takeaway,B003
103294,09/07/2025,17:05,P020,M,1,980,980,700,Card,Takeaway,B001
103295,09/07/2025,17:24,P011,M,2,1260,2520,900,Online,Takeaway,B003
103296,09/07/2025,11:24,P025,M,3,1680,5040,1050,Cash,Delivery,B001
103297,09/07/2025,11:50,P009,L,1,1260,1260,840,Card,Delivery,B002
103298,09/07/2025,22:43,P004,L,2,1350,2700,900,Cash,Dine-in,B003
103299,09/07/2025,20:58,P004,L,2,1350,2700,900,Card,Dine-in,B001
103300,09/07/2025,22:01,P006,S,3,720,2160,480,Online,Dine-in,B002
103301,09/07/2025,17:01,P017,M,3,868,2604,620,Online,Delivery,B001
103302,09/07/2025,22:49,P020,S,2,560,1120,400,Online,Delivery,B003
103303,09/07/2025,11:13,P018,L,2,1330,2660,950,Cash,Delivery,B003
103304,09/07/2025,20:48,P025,M,1,1680,1680,1050,Cash,Delivery,B001
103305,09/07/2025,15:33,P023,M,1,1360,1360,850,Online,Delivery,B001
103306,09/07/2025,22:12,P025,XL,2,2640,5280,1650,Online,Delivery,B003
103307,10/07/2025,12:54,P021,XL,1,2000,2000,1250,Online,Delivery,B003
103308,10/07/2025,12:50,P009,L,1,1260,1260,840,Card,Dine-in,B002
103309,10/07/2025,12:21,P020,S,2,560,1120,400,Cash,Takeaway,B002
103310,10/07/2025,20:47,P012,L,2,1750,3500,1250,Online,Dine-in,B003
103311,10/07/2025,17:36,P015,L,1,1820,1820,1300,Card,Takeaway,B001
103312,10/07/2025,18:49,P026,S,3,1360,4080,850,Card,Takeaway,B002
103313,10/07/2025,20:32,P003,M,1,945,945,630,Cash,Takeaway,B001
103314,10/07/2025,18:57,P009,S,3,660,1980,440,Card,Delivery,B003
103315,10/07/2025,15:39,P014,XL,3,2212,6636,1580,Card,Dine-in,B003
103316,10/07/2025,18:56,P004,M,1,1050,1050,700,Cash,Dine-in,B002
103317,10/07/2025,16:41,P001,XL,2,1500,3000,1000,Cash,Dine-in,B001
103318,10/07/2025,19:59,P004,M,3,1050,3150,700,Online,Dine-in,B003
103319,10/07/2025,16:00,P005,M,3,990,2970,660,Online,Delivery,B002
103320,10/07/2025,14:35,P022,L,3,1680,5040,1050,Card,Delivery,B003
103321,10/07/2025,18:44,P014,M,1,1372,1372,980,Card,Dine-in,B002
103322,10/07/2025,11:45,P023,L,2,1840,3680,1150,Card,Takeaway,B002
103323,10/07/2025,18:29,P004,L,3,1350,4050,900,Online,Delivery,B001
103324,10/07/2025,22:19,P021,XL,2,2000,4000,1250,Online,Dine-in,B002
103325,11/07/2025,22:34,P007,M,3,1065,3195,710,Online,Dine-in,B003
103326,11/07/2025,17:11,P004,M,3,1050,3150,700,Online,Delivery,B001
103327,11/07/2025,21:39,P006,XL,1,1620,1620,1080,Cash,Takeaway,B002
103328,11/07/2025,17:30,P026,S,1,1360,1360,850,Online,Takeaway,B003
103329,11/07/2025,19:53,P009,L,3,1260,3780,840,Online,Takeaway,B003
103330,11/07/2025,18:07,P024,XL,2,2480,4960,1550,Card,Delivery,B002
103331,11/07/2025,22:26,P015,XL,3,2240,6720,1600,Online,Delivery,B002
103332,11/07/2025,12:14,P019,XL,3,1792,5376,1280,Cash,Dine-in,B003
103333,11/07/2025,20:16,P002,M,1,975,975,650,Cash,Takeaway,B001
103334,11/07/2025,15:07,P011,M,1,1260,1260,900,Cash,Delivery,B001
103335,11/07/2025,22:45,P018,L,1,1330,1330,950,Card,Delivery,B001
103336,11/07/2025,13:36,P021,M,1,1040,1040,650,Cash,Dine-in,B001
103337,11/07/2025,16:39,P004,M,3,1050,3150,700,Online,Delivery,B002
103338,11/07/2025,16:56,P023,L,1,1840,1840,1150,Card,Takeaway,B002
103339,11/07/2025,22:07,P010,M,2,990,1980,660,Online,Takeaway,B001
103340,11/07/2025,21:01,P001,S,3,600,1800,400,Online,Delivery,B003
103341,11/07/2025,22:16,P003,XL,1,1545,1545,1030,Card,Dine-in,B002
103342,12/07/2025,20:42,P020,S,2,560,1120,400,Cash,Delivery,B003
103343,12/07/2025,18:00,P018,L,3,1330,3990,950,Online,Dine-in,B002
103344,12/07/2025,21:03,P002,XL,1,1575,1575,1050,Online,Delivery,B002
103345,12/07/2025,13:54,P024,M,2,1520,3040,950,Card,Delivery,B001
103346,12/07/2025,13:46,P014,XL,3,2212,6636,1580,Cash,Takeaway,B002
103347,12/07/2025,11:18,P025,M,1,1680,1680,1050,Cash,Dine-in,B001
103348,12/07/2025,18:02,P024,S,3,1040,3120,650,Online,Delivery,B003
103349,12/07/2025,15:48,P015,XL,2,2240,4480,1600,Online,Dine-in,B001
103350,12/07/2025,12:06,P018,S,3,490,1470,350,Card,Takeaway,B002
103351,12/07/2025,15:17,P024,L,2,2000,4000,1250,Card,Dine-in,B002
103352,12/07/2025,19:15,P005,XL,1,1590,1590,1060,Cash,Delivery,B001
103353,12/07/2025,20:07,P012,M,2,1330,2660,950,Card,Dine-in,B003
103354,12/07/2025,22:18,P026,L,1,2320,2320,1450,Card,Delivery,B002
103355,12/07/2025,12:31,P001,S,3,600,1800,400,Online,Dine-in,B003
103356,12/07/2025,21:52,P002,M,3,975,2925,650,Online,Takeaway,B003
103357,12/07/2025,12:06,P009,M,1,960,960,640,Online,Takeaway,B001
103358,12/07/2025,15:17,P023,M,2,1360,2720,850,Cash,Dine-in,B002
103359,12/07/2025,15:52,P002,S,3,675,2025,450,Online,Delivery,B002
103360,13/07/2025,14:20,P024,M,1,1520,1520,950,Card,Takeaway,B002
103361,13/07/2025,15:24,P023,XL,2,2320,4640,1450,Cash,Delivery,B001
103362,13/07/2025,16:01,P018,XL,2,1750,3500,1250,Cash,Dine-in,B003
103363,13/07/2025,17:35,P017,S,3,448,1344,320,Card,Takeaway,B002
103364,13/07/2025,18:46,P024,L,2,2000,4000,1250,Online,Delivery,B001
103365,13/07/2025,22:17,P007,L,1,1365,1365,910,Online,Delivery,B001
103366,13/07/2025,13:59,P019,S,2,532,1064,380,Card,Takeaway,B003
103367,13/07/2025,15:53,P024,S,3,1040,3120,650,Cash,Dine-in,B003
103368,13/07/2025,19:28,P015,S,1,980,980,700,Online,Dine-in,B003
103369,13/07/2025,16:40,P020,S,3,560,1680,400,Cash,Takeaway,B001
103370,13/07/2025,19:22,P014,S,3,952,2856,680,Online,Takeaway,B001
103371,13/07/2025,15:47,P023,L,2,1840,3680,1150,Cash,Dine-in,B001
103372,13/07/2025,14:20,P011,M,3,1260,3780,900,Card,Delivery,B001
103373,13/07/2025,20:30,P026,L,1,2320,2320,1450,Card,Delivery,B001
103374,13/07/2025,19:14,P015,M,3,1400,4200,1000,Cash,Dine-in,B001
103375,13/07/2025,17:57,P020,S,1,560,560,400,Card,Delivery,B001
103376,13/07/2025,16:16,P023,S,1,880,880,550,Online,Takeaway,B002
103377,14/07/2025,14:00,P004,XL,2,1650,3300,1100,Cash,Dine-in,B002
103378,14/07/2025,12:37,P001,XL,1,1500,1500,1000,Online,Delivery,B003
103379,14/07/2025,17:25,P003,M,3,945,2835,630,Card,Takeaway,B002
103380,14/07/2025,16:47,P015,S,2,980,1960,700,Card,Dine-in,B003
103381,14/07/2025,17:39,P013,L,2,1722,3444,1230,Cash,Dine-in,B001
103382,14/07/2025,11:33,P005,L,2,1290,2580,860,Online,Delivery,B001
103383,14/07/2025,13:34,P025,L,2,2160,4320,1350,Card,Dine-in,B002
103384,14/07/2025,11:31,P024,XL,3,2480,7440,1550,Online,Dine-in,B002
103385,14/07/2025,20:11,P010,S,1,690,690,460,Card,Takeaway,B001
103386,14/07/2025,19:18,P014,L,3,1792,5376,1280,Online,Delivery,B003
103387,14/07/2025,17:32,P026,S,3,1360,4080,850,Card,Takeaway,B001
103388,14/07/2025,22:59,P020,L,1,1400,1400,1000,Cash,Dine-in,B002
103389,14/07/2025,15:35,P017,L,2,1288,2576,920,Cash,Delivery,B002
103390,14/07/2025,18:59,P017,M,3,868,2604,620,Card,Delivery,B002
103391,14/07/2025,22:19,P022,L,1,1680,1680,1050,Online,Delivery,B001
103392,14/07/2025,20:49,P014,XL,1,2212,2212,1580,Card,Dine-in,B002
103393,14/07/2025,19:18,P014,S,2,952,1904,680,Card,Dine-in,B003
103394,15/07/2025,20:28,P021,M,2,1040,2080,650,Card,Dine-in,B002
103395,15/07/2025,19:17,P007,S,2,765,1530,510,Cash,Delivery,B002
103396,15/07/2025,19:25,P001,S,1,600,600,400,Cash,Dine-in,B002
103397,15/07/2025,15:02,P018,S,1,490,490,350,Card,Dine-in,B002
103398,15/07/2025,22:02,P014,M,2,1372,2744,980,Cash,Takeaway,B001
103399,15/07/2025,15:21,P003,M,2,945,1890,630,Cash,Takeaway,B001
103400,15/07/2025,15:37,P015,XL,3,2240,6720,1600,Card,Delivery,B001
103401,15/07/2025,18:51,P007,XL,2,1665,3330,1110,Cash,Delivery,B002
103402,15/07/2025,19:11,P004,L,3,1350,4050,900,Card,Takeaway,B002
103403,15/07/2025,17:21,P001,XL,2,1500,3000,1000,Card,Delivery,B002
103404,15/07/2025,18:07,P012,XL,3,2170,6510,1550,Card,Dine-in,B002
103405,15/07/2025,16:11,P012,XL,2,2170,4340,1550,Online,Delivery,B003
103406,15/07/2025,18:21,P002,M,1,975,975,650,Card,Takeaway,B003
103407,15/07/2025,13:27,P017,S,2,448,896,320,Card,Takeaway,B003
103408,15/07/2025,21:11,P003,XL,2,1545,3090,1030,Online,Delivery,B003
103409,15/07/2025,11:12,P008,S,1,630,630,420,Card,Dine-in,B001
103410,15/07/2025,22:29,P025,S,1,1200,1200,750,Online,Dine-in,B002
103411,15/07/2025,12:47,P020,M,1,980,980,700,Online,Dine-in,B002
103412,16/07/2025,19:08,P015,S,1,980,980,700,Cash,Dine-in,B001
103413,16/07/2025,21:37,P025,S,2,1200,2400,750,Online,Dine-in,B003
103414,16/07/2025,13:46,P016,M,1,780,780,600,Online,Takeaway,B002
103415,16/07/2025,15:32,P024,XL,1,2480,2480,1550,Cash,Delivery,B001
103416,16/07/2025,20:25,P008,S,3,630,1890,420,Cash,Delivery,B003
103417,16/07/2025,12:07,P022,L,2,1680,3360,1050,Cash,Dine-in,B001
103418,16/07/2025,14:03,P020,XL,3,1820,5460,1300,Online,Takeaway,B003
103419,16/07/2025,20:54,P023,L,1,1840,1840,1150,Cash,Takeaway,B002
103420,16/07/2025,18:38,P003,S,1,645,645,430,Cash,Dine-in,B003
103421,16/07/2025,18:00,P016,XL,2,1560,3120,1200,Card,Dine-in,B001
103422,16/07/2025,21:34,P015,XL,1,2240,2240,1600,Card,Delivery,B001
103423,16/07/2025,14:48,P021,S,2,560,1120,350,Card,Takeaway,B003
103424,16/07/2025,15:03,P025,L,2,2160,4320,1350,Card,Delivery,B002
103425,16/07/2025,16:01,P014,L,3,1792,5376,1280,Card,Delivery,B002
103426,16/07/2025,18:05,P014,S,3,952,2856,680,Cash,Dine-in,B002
103427,16/07/2025,20:20,P014,M,1,1372,1372,980,Cash,Takeaway,B002
103428,16/07/2025,14:16,P003,S,3,645,1935,430,Card,Delivery,B002
103429,17/07/2025,17:50,P012,XL,3,2170,6510,1550,Online,Takeaway,B003
103430,17/07/2025,12:20,P024,S,3,1040,3120,650,Card,Delivery,B003
103431,17/07/2025,14:39,P003,S,3,645,1935,430,Cash,Takeaway,B002
103432,17/07/2025,18:50,P006,XL,2,1620,3240,1080,Online,Delivery,B001
103433,17/07/2025,22:12,P012,M,1,1330,1330,950,Online,Dine-in,B001
103434,17/07/2025,14:56,P008,XL,3,1530,4590,1020,Cash,Delivery,B002
103435,17/07/2025,22:14,P003,L,2,1245,2490,830,Card,Dine-in,B003
103436,17/07/2025,12:01,P022,S,1,720,720,450,Online,Dine-in,B002
103437,17/07/2025,22:40,P018,M,1,910,910,650,Card,Takeaway,B003
103438,17/07/2025,21:32,P026,XL,1,2800,2800,1750,Card,Takeaway,B003
103439,17/07/2025,19:41,P025,S,2,1200,2400,750,Cash,Takeaway,B001
103440,17/07/2025,21:39,P010,L,2,1290,2580,860,Cash,Takeaway,B002
103441,17/07/2025,17:34,P006,L,3,1320,3960,880,Cash,Dine-in,B001
103442,17/07/2025,21:05,P005,L,1,1290,1290,860,Online,Dine-in,B002
103443,17/07/2025,20:18,P003,L,2,1245,2490,830,Cash,Takeaway,B002
103444,17/07/2025,22:27,P012,XL,1,2170,2170,1550,Card,Takeaway,B001
103445,17/07/2025,20:23,P015,S,2,980,1960,700,Online,Delivery,B001
103446,17/07/2025,21:10,P016,S,1,420,420,300,Cash,Dine-in,B003
103447,18/07/2025,13:50,P025,L,1,2160,2160,1350,Online,Delivery,B001
103448,18/07/2025,17:18,P016,M,1,780,780,600,Card,Takeaway,B002
103449,18/07/2025,16:47,P006,XL,2,1620,3240,1080,Cash,Dine-in,B003
103450,18/07/2025,17:01,P007,XL,3,1665,4995,1110,Cash,Dine-in,B003
103451,18/07/2025,21:39,P017,L,2,1288,2576,920,Cash,Dine-in,B002
103452,18/07/2025,11:53,P018,L,2,1330,2660,950,Online,Dine-in,B001
103453,18/07/2025,14:59,P019,S,2,532,1064,380,Online,Delivery,B003
103454,18/07/2025,14:07,P016,XL,3,1560,4680,1200,Cash,Delivery,B003
103455,18/07/2025,20:28,P004,S,1,750,750,500,Card,Takeaway,B002
103456,18/07/2025,19:12,P004,XL,2,1650,3300,1100,Online,Takeaway,B002
103457,18/07/2025,20:03,P021,M,1,1040,1040,650,Cash,Dine-in,B002
103458,18/07/2025,20:12,P003,S,1,645,645,430,Card,Takeaway,B003
103459,18/07/2025,16:59,P024,XL,3,2480,7440,1550,Online,Dine-in,B002
103460,18/07/2025,11:39,P020,XL,3,1820,5460,1300,Online,Takeaway,B003
103461,18/07/2025,15:56,P011,S,3,840,2520,600,Card,Delivery,B002
103462,18/07/2025,22:14,P014,S,3,952,2856,680,Cash,Dine-in,B002
103463,18/07/2025,20:46,P011,XL,3,2100,6300,1500,Cash,Dine-in,B001
103464,19/07/2025,11:37,P018,S,2,490,980,350,Card,Dine-in,B002
103465,19/07/2025,11:39,P002,S,3,675,2025,450,Cash,Delivery,B002
103466,19/07/2025,19:19,P012,L,1,1750,1750,1250,Cash,Takeaway,B001
103467,19/07/2025,13:03,P006,L,2,1320,2640,880,Cash,Dine-in,B003
103468,19/07/2025,12:16,P016,L,2,1170,2340,900,Cash,Dine-in,B002
103469,19/07/2025,16:53,P005,M,1,990,990,660,Card,Dine-in,B001
103470,19/07/2025,13:53,P020,M,1,980,980,700,Cash,Dine-in,B003
103471,19/07/2025,22:07,P019,M,1,952,952,680,Card,Takeaway,B001
103472,19/07/2025,18:48,P001,L,2,1200,2400,800,Online,Takeaway,B002
103473,19/07/2025,15:45,P019,S,1,532,532,380,Card,Dine-in,B002
103474,19/07/2025,21:32,P021,M,1,1040,1040,650,Online,Takeaway,B002
103475,19/07/2025,14:31,P015,L,2,1820,3640,1300,Cash,Takeaway,B002
103476,19/07/2025,22:29,P014,L,1,1792,1792,1280,Cash,Delivery,B001
103477,19/07/2025,21:19,P014,L,3,1792,5376,1280,Cash,Takeaway,B002
103478,19/07/2025,17:26,P017,S,3,448,1344,320,Online,Dine-in,B003
103479,19/07/2025,19:40,P005,XL,1,1590,1590,1060,Card,Dine-in,B001
103480,19/07/2025,19:06,P015,S,2,980,1960,700,Card,Dine-in,B003
103481,20/07/2025,22:46,P002,L,1,1275,1275,850,Online,Dine-in,B001
103482,20/07/2025,17:41,P010,M,2,990,1980,660,Online,Dine-in,B003
103483,20/07/2025,13:22,P026,S,2,1360,2720,850,Cash,Delivery,B001
103484,20/07/2025,14:50,P017,L,1,1288,1288,920,Cash,Dine-in,B002
103485,20/07/2025,18:10,P017,XL,1,1708,1708,1220,Cash,Takeaway,B001
103486,20/07/2025,22:26,P018,S,3,490,1470,350,Card,Dine-in,B001
103487,20/07/2025,17:57,P006,S,2,720,1440,480,Card,Dine-in,B001
103488,20/07/2025,19:34,P004,S,1,750,750,500,Online,Dine-in,B003
103489,20/07/2025,12:20,P001,XL,2,1500,3000,1000,Card,Dine-in,B002
103490,20/07/2025,15:46,P006,S,2,720,1440,480,Online,Dine-in,B002
103491,20/07/2025,20:37,P018,M,3,910,2730,650,Cash,Takeaway,B003
103492,20/07/2025,20:06,P010,L,1,1290,1290,860,Online,Takeaway,B002
103493,20/07/2025,17:52,P019,L,2,1372,2744,980,Card,Dine-in,B001
103494,20/07/2025,19:18,P005,M,2,990,1980,660,Online,Dine-in,B001
103495,20/07/2025,16:59,P010,S,3,690,2070,460,Cash,Delivery,B002
103496,20/07/2025,15:10,P012,XL,2,2170,4340,1550,Online,Delivery,B002
103497,20/07/2025,13:15,P013,S,2,882,1764,630,Online,Delivery,B003
103498,20/07/2025,14:57,P012,M,1,1330,1330,950,Cash,Delivery,B001
103499,21/07/2025,11:17,P012,L,1,1750,1750,1250,Card,Takeaway,B002
103500,21/07/2025,22:26,P018,M,2,910,1820,650,Card,Dine-in,B001
103501,21/07/2025,19:44,P020,M,3,980,2940,700,Cash,Takeaway,B002
103502,21/07/2025,21:25,P001,L,2,1200,2400,800,Card,Takeaway,B003
103503,21/07/2025,12:35,P004,S,3,750,2250,500,Cash,Takeaway,B003
103504,21/07/2025,21:09,P011,M,1,1260,1260,900,Cash,Dine-in,B002
103505,21/07/2025,17:47,P005,S,3,690,2070,460,Card,Takeaway,B001
103506,21/07/2025,16:34,P014,XL,1,2212,2212,1580,Card,Delivery,B001
103507,21/07/2025,20:36,P002,XL,3,1575,4725,1050,Card,Takeaway,B003
103508,21/07/2025,15:05,P026,S,3,1360,4080,850,Online,Dine-in,B002
103509,21/07/2025,17:08,P023,S,1,880,880,550,Online,Takeaway,B002
103510,21/07/2025,15:30,P011,S,3,840,2520,600,Card,Takeaway,B002
103511,21/07/2025,14:07,P021,S,3,560,1680,350,Card,Takeaway,B003
103512,21/07/2025,17:43,P011,L,1,1680,1680,1200,Card,Takeaway,B001
103513,21/07/2025,21:07,P011,M,3,1260,3780,900,Online,Delivery,B002
103514,21/07/2025,20:42,P018,XL,3,1750,5250,1250,Cash,Dine-in,B002
103515,21/07/2025,19:13,P012,XL,2,2170,4340,1550,Cash,Delivery,B001
103516,22/07/2025,13:37,P026,XL,3,2800,8400,1750,Cash,Delivery,B002
103517,22/07/2025,18:59,P023,L,3,1840,5520,1150,Card,Delivery,B003
103518,22/07/2025,12:48,P019,XL,1,1792,1792,1280,Online,Dine-in,B002
103519,22/07/2025,18:33,P026,M,2,1840,3680,1150,Online,Takeaway,B003
103520,22/07/2025,21:08,P008,L,1,1230,1230,820,Online,Dine-in,B003
103521,22/07/2025,19:59,P026,M,1,1840,1840,1150,Online,Takeaway,B001
103522,22/07/2025,13:06,P020,S,2,560,1120,400,Online,Takeaway,B003
103523,22/07/2025,14:35,P011,XL,2,2100,4200,1500,Card,Dine-in,B003
103524,22/07/2025,14:17,P023,S,2,880,1760,550,Cash,Delivery,B003
103525,22/07/2025,12:34,P023,L,1,1840,1840,1150,Cash,Takeaway,B001
103526,22/07/2025,17:11,P009,L,2,1260,2520,840,Card,Takeaway,B002
103527,22/07/2025,22:42,P024,M,3,1520,4560,950,Cash,Delivery,B002
103528,22/07/2025,21:27,P008,XL,3,1530,4590,1020,Online,Dine-in,B003
103529,22/07/2025,16:59,P013,M,3,1302,3906,930,Cash,Takeaway,B003
103530,22/07/2025,17:31,P016,XL,2,1560,3120,1200,Online,Dine-in,B003
103531,22/07/2025,15:59,P019,XL,2,1792,3584,1280,Card,Dine-in,B001
103532,22/07/2025,16:11,P021,S,2,560,1120,350,Cash,Delivery,B003
103533,22/07/2025,16:23,P023,XL,3,2320,6960,1450,Cash,Takeaway,B001
103534,23/07/2025,20:52,P002,L,2,1275,2550,850,Cash,Dine-in,B003
103535,23/07/2025,13:49,P021,L,2,1520,3040,950,Online,Dine-in,B003
103536,23/07/2025,12:56,P016,XL,3,1560,4680,1200,Online,Takeaway,B001
103537,23/07/2025,20:25,P019,M,2,952,1904,680,Online,Dine-in,B002
103538,23/07/2025,13:12,P003,L,1,1245,1245,830,Card,Takeaway,B001
103539,23/07/2025,16:23,P010,L,3,1290,3870,860,Cash,Dine-in,B003
103540,23/07/2025,20:10,P001,XL,2,1500,3000,1000,Cash,Takeaway,B003
103541,23/07/2025,21:39,P017,S,2,448,896,320,Cash,Takeaway,B001
103542,23/07/2025,12:21,P001,XL,3,1500,4500,1000,Cash,Dine-in,B001
103543,23/07/2025,12:31,P026,S,2,1360,2720,850,Online,Dine-in,B001
103544,23/07/2025,15:16,P024,XL,3,2480,7440,1550,Online,Takeaway,B002
103545,23/07/2025,13:09,P005,M,3,990,2970,660,Card,Delivery,B002
103546,23/07/2025,15:13,P021,XL,3,2000,6000,1250,Cash,Delivery,B001
103547,23/07/2025,11:48,P010,S,1,690,690,460,Card,Dine-in,B003
103548,23/07/2025,20:14,P024,XL,1,2480,2480,1550,Cash,Delivery,B003
103549,23/07/2025,11:25,P013,S,2,882,1764,630,Online,Takeaway,B003
103550,23/07/2025,18:37,P012,M,2,1330,2660,950,Card,Takeaway,B002
103551,24/07/2025,20:08,P019,XL,1,1792,1792,1280,Card,Dine-in,B002
103552,24/07/2025,15:25,P020,XL,2,1820,3640,1300,Online,Takeaway,B003
103553,24/07/2025,13:48,P011,S,3,840,2520,600,Online,Takeaway,B001
103554,24/07/2025,12:07,P016,S,3,420,1260,300,Online,Takeaway,B003
103555,24/07/2025,20:27,P022,S,1,720,720,450,Card,Delivery,B002
103556,24/07/2025,17:41,P021,XL,3,2000,6000,1250,Online,Dine-in,B001
103557,24/07/2025,16:38,P023,L,1,1840,1840,1150,Card,Delivery,B001
103558,24/07/2025,17:47,P016,S,3,420,1260,300,Online,Takeaway,B002
103559,24/07/2025,15:43,P009,S,1,660,660,440,Online,Dine-in,B002
103560,24/07/2025,14:14,P015,M,2,1400,2800,1000,Cash,Dine-in,B003
103561,24/07/2025,17:22,P006,XL,3,1620,4860,1080,Online,Dine-in,B001
103562,24/07/2025,21:10,P005,M,2,990,1980,660,Cash,Dine-in,B003
103563,24/07/2025,13:12,P001,XL,1,1500,1500,1000,Online,Dine-in,B001
103564,24/07/2025,21:13,P006,S,2,720,1440,480,Cash,Delivery,B001
103565,24/07/2025,11:42,P015,L,2,1820,3640,1300,Cash,Dine-in,B002
103566,24/07/2025,21:04,P011,XL,3,2100,6300,1500,Card,Dine-in,B002
103567,24/07/2025,20:51,P020,XL,1,1820,1820,1300,Card,Delivery,B002
103568,25/07/2025,19:51,P021,L,1,1520,1520,950,Cash,Delivery,B001
103569,25/07/2025,21:49,P009,XL,1,1560,1560,1040,Card,Takeaway,B001
103570,25/07/2025,12:13,P005,L,2,1290,2580,860,Card,Takeaway,B002
103571,25/07/2025,16:26,P016,XL,2,1560,3120,1200,Online,Takeaway,B002
103572,25/07/2025,11:08,P004,L,2,1350,2700,900,Cash,Takeaway,B003
103573,25/07/2025,16:11,P015,XL,3,2240,6720,1600,Card,Takeaway,B001
103574,25/07/2025,11:14,P014,XL,1,2212,2212,1580,Card,Takeaway,B001
103575,25/07/2025,16:18,P006,S,1,720,720,480,Online,Delivery,B001
103576,25/07/2025,16:04,P005,M,3,990,2970,660,Cash,Takeaway,B003
103577,25/07/2025,17:16,P007,S,3,765,2295,510,Card,Delivery,B001
103578,25/07/2025,13:56,P007,M,2,1065,2130,710,Card,Delivery,B003
103579,25/07/2025,22:42,P003,M,2,945,1890,630,Online,Dine-in,B001
103580,25/07/2025,17:45,P011,L,1,1680,1680,1200,Card,Delivery,B001
103581,25/07/2025,17:59,P015,S,1,980,980,700,Cash,Dine-in,B002
103582,25/07/2025,22:42,P004,S,2,750,1500,500,Cash,Dine-in,B002
103583,25/07/2025,18:51,P020,M,3,980,2940,700,Card,Dine-in,B003
103584,25/07/2025,11:42,P009,L,3,1260,3780,840,Card,Takeaway,B001
103585,25/07/2025,21:38,P020,L,3,1400,4200,1000,Online,Dine-in,B002
103586,26/07/2025,14:21,P007,L,1,1365,1365,910,Cash,Dine-in,B003
103587,26/07/2025,17:03,P011,L,2,1680,3360,1200,Cash,Delivery,B002
103588,26/07/2025,15:43,P017,L,2,1288,2576,920,Cash,Takeaway,B001
103589,26/07/2025,22:56,P004,S,1,750,750,500,Card,Takeaway,B002
103590,26/07/2025,18:50,P009,XL,1,1560,1560,1040,Card,Delivery,B002
103591,26/07/2025,15:26,P007,S,1,765,765,510,Online,Takeaway,B001
103592,26/07/2025,22:12,P008,M,3,930,2790,620,Online,Dine-in,B001
103593,26/07/2025,20:01,P024,XL,2,2480,4960,1550,Cash,Dine-in,B003
103594,26/07/2025,12:43,P012,XL,1,2170,2170,1550,Online,Takeaway,B001
103595,26/07/2025,16:37,P020,M,3,980,2940,700,Cash,Takeaway,B001
103596,26/07/2025,21:37,P005,S,2,690,1380,460,Cash,Delivery,B003
103597,26/07/2025,21:53,P007,L,2,1365,2730,910,Online,Takeaway,B001
103598,26/07/2025,18:36,P006,XL,3,1620,4860,1080,Card,Delivery,B002
103599,26/07/2025,13:55,P004,M,1,1050,1050,700,Card,Dine-in,B001
103600,26/07/2025,16:12,P006,S,2,720,1440,480,Online,Takeaway,B002
103601,26/07/2025,13:54,P018,M,1,910,910,650,Cash,Dine-in,B002
103602,26/07/2025,20:59,P004,M,1,1050,1050,700,Online,Dine-in,B003
103603,27/07/2025,11:47,P005,L,1,1290,1290,860,Online,Dine-in,B001
103604,27/07/2025,15:32,P010,L,1,1290,1290,860,Cash,Takeaway,B001
103605,27/07/2025,22:38,P024,S,3,1040,3120,650,Online,Takeaway,B001
103606,27/07/2025,12:38,P026,L,2,2320,4640,1450,Cash,Delivery,B001
103607,27/07/2025,17:03,P015,L,1,1820,1820,1300,Cash,Takeaway,B001
103608,27/07/2025,14:56,P008,S,2,630,1260,420,Cash,Delivery,B003
103609,27/07/2025,12:03,P002,M,3,975,2925,650,Cash,Dine-in,B002
103610,27/07/2025,16:19,P011,XL,2,2100,4200,1500,Cash,Delivery,B001
103611,27/07/2025,16:19,P008,M,1,930,930,620,Cash,Takeaway,B003
103612,27/07/2025,17:44,P003,M,2,945,1890,630,Card,Takeaway,B003
103613,27/07/2025,11:50,P012,S,2,910,1820,650,Online,Takeaway,B002
103614,27/07/2025,11:19,P003,S,2,645,1290,430,Cash,Dine-in,B001
103615,27/07/2025,14:14,P017,XL,2,1708,3416,1220,Online,Takeaway,B003
103616,27/07/2025,12:16,P015,XL,1,2240,2240,1600,Online,Takeaway,B001
103617,27/07/2025,19:21,P025,M,1,1680,1680,1050,Cash,Takeaway,B002
103618,27/07/2025,18:10,P003,S,3,645,1935,430,Cash,Takeaway,B003
103619,27/07/2025,12:12,P026,L,3,2320,6960,1450,Card,Dine-in,B003
103620,27/07/2025,11:10,P023,M,3,1360,4080,850,Card,Takeaway,B001
103621,28/07/2025,22:33,P004,S,2,750,1500,500,Cash,Dine-in,B003
103622,28/07/2025,17:51,P009,XL,1,1560,1560,1040,Online,Delivery,B003
103623,28/07/2025,19:28,P004,M,1,1050,1050,700,Online,Delivery,B003
103624,28/07/2025,18:10,P010,L,2,1290,2580,860,Cash,Dine-in,B001
103625,28/07/2025,13:13,P009,S,2,660,1320,440,Online,Delivery,B003
103626,28/07/2025,19:01,P014,M,1,1372,1372,980,Online,Delivery,B003
103627,28/07/2025,22:45,P002,L,3,1275,3825,850,Online,Takeaway,B002
103628,28/07/2025,14:54,P010,M,2,990,1980,660,Card,Delivery,B002
103629,28/07/2025,19:23,P019,S,1,532,532,380,Cash,Delivery,B002
103630,28/07/2025,13:32,P012,XL,3,2170,6510,1550,Card,Takeaway,B001
103631,28/07/2025,15:41,P007,S,3,765,2295,510,Card,Takeaway,B001
103632,28/07/2025,15:42,P001,L,2,1200,2400,800,Cash,Delivery,B003
103633,28/07/2025,17:12,P002,XL,1,1575,1575,1050,Online,Takeaway,B003
103634,28/07/2025,20:08,P012,M,2,1330,2660,950,Online,Delivery,B001
103635,28/07/2025,15:29,P024,L,1,2000,2000,1250,Online,Delivery,B003
103636,28/07/2025,17:51,P023,S,1,880,880,550,Card,Dine-in,B002
103637,28/07/2025,11:17,P003,L,3,1245,3735,830,Cash,Delivery,B003
103638,29/07/2025,13:49,P009,S,3,660,1980,440,Online,Takeaway,B001
103639,29/07/2025,20:19,P019,S,2,532,1064,380,Card,Dine-in,B002
103640,29/07/2025,12:21,P007,M,3,1065,3195,710,Cash,Takeaway,B003
103641,29/07/2025,21:39,P017,L,2,1288,2576,920,Cash,Delivery,B001
103642,29/07/2025,20:10,P021,S,1,560,560,350,Card,Delivery,B003
103643,29/07/2025,17:29,P019,XL,2,1792,3584,1280,Card,Dine-in,B003
103644,29/07/2025,12:43,P023,L,1,1840,1840,1150,Cash,Delivery,B001
103645,29/07/2025,13:37,P006,S,3,720,2160,480,Cash,Takeaway,B001
103646,29/07/2025,18:08,P006,L,1,1320,1320,880,Card,Takeaway,B001
103647,29/07/2025,17:40,P016,XL,2,1560,3120,1200,Online,Dine-in,B003
103648,29/07/2025,18:16,P018,L,3,1330,3990,950,Card,Takeaway,B003
103649,29/07/2025,16:10,P003,L,3,1245,3735,830,Card,Delivery,B001
103650,29/07/2025,11:15,P006,L,2,1320,2640,880,Cash,Delivery,B003
103651,29/07/2025,14:22,P012,M,1,1330,1330,950,Cash,Delivery,B003
103652,29/07/2025,21:36,P020,M,1,980,980,700,Card,Dine-in,B001
103653,29/07/2025,22:24,P024,S,3,1040,3120,650,Cash,Dine-in,B001
103654,29/07/2025,13:20,P023,S,3,880,2640,550,Card,Delivery,B001
103655,30/07/2025,14:45,P006,L,3,1320,3960,880,Card,Delivery,B002
103656,30/07/2025,12:30,P023,L,2,1840,3680,1150,Card,Takeaway,B002
103657,30/07/2025,18:13,P025,XL,1,2640,2640,1650,Card,Dine-in,B001
103658,30/07/2025,11:24,P006,M,3,1020,3060,680,Card,Takeaway,B001
103659,30/07/2025,11:36,P004,L,1,1350,1350,900,Online,Delivery,B001
103660,30/07/2025,20:59,P016,S,2,420,840,300,Cash,Dine-in,B003
103661,30/07/2025,21:34,P017,S,1,448,448,320,Online,Delivery,B003
103662,30/07/2025,16:50,P019,M,2,952,1904,680,Card,Dine-in,B002
103663,30/07/2025,16:19,P021,XL,3,2000,6000,1250,Online,Delivery,B003
103664,30/07/2025,19:27,P013,L,3,1722,5166,1230,Card,Takeaway,B003
103665,30/07/2025,22:21,P009,M,3,960,2880,640,Card,Takeaway,B002
103666,30/07/2025,17:07,P019,XL,3,1792,5376,1280,Card,Dine-in,B001
103667,30/07/2025,21:25,P017,M,1,868,868,620,Online,Takeaway,B001
103668,30/07/2025,11:30,P025,L,2,2160,4320,1350,Online,Delivery,B003
103669,30/07/2025,17:46,P016,S,2,420,840,300,Card,Delivery,B003
103670,30/07/2025,16:08,P002,L,1,1275,1275,850,Cash,Delivery,B001
103671,30/07/2025,17:56,P008,M,2,930,1860,620,Cash,Delivery,B002
103672,30/07/2025,19:38,P003,M,3,945,2835,630,Card,Dine-in,B003
103673,31/07/2025,19:40,P003,L,1,1245,1245,830,Card,Delivery,B001
103674,31/07/2025,15:00,P001,L,2,1200,2400,800,Online,Takeaway,B002
103675,31/07/2025,18:29,P021,L,1,1520,1520,950,Cash,Dine-in,B002
103676,31/07/2025,16:16,P018,L,2,1330,2660,950,Cash,Takeaway,B003
103677,31/07/2025,15:46,P008,S,2,630,1260,420,Card,Takeaway,B001
103678,31/07/2025,21:40,P007,M,1,1065,1065,710,Cash,Delivery,B003
103679,31/07/2025,16:33,P003,XL,3,1545,4635,1030,Cash,Takeaway,B001
103680,31/07/2025,17:43,P025,S,1,1200,1200,750,Card,Dine-in,B001
103681,31/07/2025,17:53,P009,XL,1,1560,1560,1040,Card,Dine-in,B003
103682,31/07/2025,15:47,P009,XL,3,1560,4680,1040,Online,Dine-in,B002
103683,31/07/2025,15:23,P016,M,1,780,780,600,Card,Takeaway,B003
103684,31/07/2025,21:24,P024,M,1,1520,1520,950,Cash,Dine-in,B003
103685,31/07/2025,18:30,P018,XL,1,1750,1750,1250,Card,Delivery,B001
103686,31/07/2025,19:57,P003,XL,3,1545,4635,1030,Cash,Delivery,B003
103687,31/07/2025,18:20,P008,L,2,1230,2460,820,Online,Dine-in,B001
103688,31/07/2025,20:28,P002,S,2,675,1350,450,Online,Takeaway,B002
103689,31/07/2025,17:34,P009,L,3,1260,3780,840,Cash,Takeaway,B002
103690,01/08/2025,16:54,P011,L,2,1680,3360,1200,Card,Delivery,B001
103691,01/08/2025,11:21,P017,XL,1,1708,1708,1220,Cash,Dine-in,B003
103692,01/08/2025,12:00,P010,M,1,990,990,660,Online,Takeaway,B003
103693,01/08/2025,17:10,P004,S,1,750,750,500,Card,Takeaway,B003
103694,01/08/2025,12:53,P006,XL,3,1620,4860,1080,Cash,Takeaway,B002
103695,01/08/2025,15:10,P020,M,3,980,2940,700,Online,Delivery,B001
103696,01/08/2025,14:28,P001,XL,1,1500,1500,1000,Online,Takeaway,B003
103697,01/08/2025,22:08,P021,M,3,1040,3120,650,Card,Delivery,B001
103698,01/08/2025,21:51,P024,M,3,1520,4560,950,Cash,Dine-in,B002
103699,01/08/2025,13:21,P025,L,1,2160,2160,1350,Card,Delivery,B001
103700,01/08/2025,20:26,P020,L,2,1400,2800,1000,Card,Dine-in,B002
103701,01/08/2025,13:56,P011,XL,2,2100,4200,1500,Cash,Delivery,B002
103702,01/08/2025,14:58,P006,S,3,720,2160,480,Online,Takeaway,B002
103703,01/08/2025,13:30,P019,S,3,532,1596,380,Online,Delivery,B002
103704,01/08/2025,18:45,P025,M,1,1680,1680,1050,Cash,Delivery,B002
103705,01/08/2025,19:30,P025,L,2,2160,4320,1350,Cash,Delivery,B003
103706,01/08/2025,14:21,P006,XL,2,1620,3240,1080,Cash,Takeaway,B003
103707,01/08/2025,15:54,P024,M,1,1520,1520,950,Cash,Takeaway,B003
103708,02/08/2025,20:01,P003,S,3,645,1935,430,Cash,Dine-in,B001
103709,02/08/2025,19:00,P014,XL,1,2212,2212,1580,Online,Delivery,B002
103710,02/08/2025,22:24,P008,XL,3,1530,4590,1020,Online,Takeaway,B001
103711,02/08/2025,18:02,P012,XL,1,2170,2170,1550,Cash,Delivery,B003
103712,02/08/2025,12:26,P011,S,1,840,840,600,Online,Takeaway,B003
103713,02/08/2025,21:29,P013,M,3,1302,3906,930,Online,Dine-in,B003
103714,02/08/2025,20:06,P012,XL,1,2170,2170,1550,Cash,Delivery,B002
103715,02/08/2025,20:09,P015,M,2,1400,2800,1000,Cash,Dine-in,B002
103716,02/08/2025,13:43,P007,M,2,1065,2130,710,Cash,Takeaway,B002
103717,02/08/2025,16:58,P011,L,3,1680,5040,1200,Cash,Dine-in,B003
103718,02/08/2025,17:03,P007,XL,2,1665,3330,1110,Cash,Dine-in,B003
103719,02/08/2025,19:24,P002,M,1,975,975,650,Online,Delivery,B001
103720,02/08/2025,15:02,P019,L,3,1372,4116,980,Card,Takeaway,B003
103721,02/08/2025,21:43,P026,XL,3,2800,8400,1750,Online,Takeaway,B002
103722,02/08/2025,22:16,P020,M,2,980,1960,700,Online,Delivery,B002
103723,02/08/2025,14:31,P021,S,2,560,1120,350,Card,Delivery,B003
103724,02/08/2025,17:46,P021,L,1,1520,1520,950,Online,Takeaway,B002
103725,03/08/2025,19:36,P021,XL,1,2000,2000,1250,Online,Dine-in,B003
103726,03/08/2025,13:33,P003,M,3,945,2835,630,Cash,Dine-in,B002
103727,03/08/2025,13:35,P023,S,3,880,2640,550,Cash,Delivery,B002
103728,03/08/2025,18:39,P020,S,1,560,560,400,Online,Delivery,B002
103729,03/08/2025,22:48,P012,XL,2,2170,4340,1550,Card,Takeaway,B002
103730,03/08/2025,20:25,P002,L,1,1275,1275,850,Cash,Takeaway,B001
103731,03/08/2025,13:19,P011,S,3,840,2520,600,Online,Delivery,B002
103732,03/08/2025,11:58,P013,M,1,1302,1302,930,Online,Takeaway,B003
103733,03/08/2025,11:08,P011,M,2,1260,2520,900,Cash,Delivery,B002
103734,03/08/2025,21:56,P019,S,2,532,1064,380,Card,Takeaway,B003
103735,03/08/2025,13:11,P008,S,3,630,1890,420,Cash,Delivery,B003
103736,03/08/2025,13:30,P014,S,1,952,952,680,Card,Delivery,B002
103737,03/08/2025,15:13,P009,M,1,960,960,640,Online,Takeaway,B003
103738,03/08/2025,15:49,P025,M,2,1680,3360,1050,Cash,Delivery,B002
103739,03/08/2025,18:45,P024,S,1,1040,1040,650,Online,Dine-in,B002
103740,03/08/2025,21:14,P003,L,2,1245,2490,830,Card,Dine-in,B003
103741,03/08/2025,12:15,P020,S,1,560,560,400,Card,Delivery,B001
103742,04/08/2025,17:58,P022,XL,1,2160,2160,1350,Online,Delivery,B001
103743,04/08/2025,18:10,P023,M,2,1360,2720,850,Cash,Delivery,B001
103744,04/08/2025,14:42,P005,S,3,690,2070,460,Online,Dine-in,B001
103745,04/08/2025,15:46,P006,XL,3,1620,4860,1080,Cash,Takeaway,B003
103746,04/08/2025,18:34,P025,M,1,1680,1680,1050,Cash,Dine-in,B001
103747,04/08/2025,16:39,P023,XL,1,2320,2320,1450,Card,Takeaway,B003
103748,04/08/2025,19:46,P021,XL,3,2000,6000,1250,Cash,Delivery,B001
103749,04/08/2025,20:54,P013,XL,1,2142,2142,1530,Card,Dine-in,B003
103750,04/08/2025,19:49,P011,M,3,1260,3780,900,Card,Takeaway,B002
103751,04/08/2025,16:25,P017,M,2,868,1736,620,Card,Takeaway,B003
103752,04/08/2025,18:06,P002,M,3,975,2925,650,Online,Delivery,B001
103753,04/08/2025,22:53,P002,S,3,675,2025,450,Card,Delivery,B003
103754,04/08/2025,16:36,P024,M,2,1520,3040,950,Online,Takeaway,B003
103755,04/08/2025,12:40,P015,XL,1,2240,2240,1600,Card,Delivery,B003
103756,04/08/2025,12:22,P018,XL,2,1750,3500,1250,Card,Delivery,B002
103757,04/08/2025,13:46,P023,S,2,880,1760,550,Online,Delivery,B003
103758,04/08/2025,20:23,P019,XL,1,1792,1792,1280,Cash,Takeaway,B002
103759,04/08/2025,22:20,P005,XL,2,1590,3180,1060,Cash,Takeaway,B003
103760,05/08/2025,18:32,P023,M,2,1360,2720,850,Online,Delivery,B002
103761,05/08/2025,19:24,P006,M,1,1020,1020,680,Cash,Dine-in,B001
103762,05/08/2025,16:51,P021,XL,1,2000,2000,1250,Cash,Takeaway,B001
103763,05/08/2025,20:11,P026,S,3,1360,4080,850,Cash,Dine-in,B002
103764,05/08/2025,19:10,P026,XL,1,2800,2800,1750,Cash,Dine-in,B001
103765,05/08/2025,19:07,P021,XL,2,2000,4000,1250,Cash,Delivery,B001
103766,05/08/2025,20:58,P025,XL,1,2640,2640,1650,Online,Delivery,B001
103767,05/08/2025,17:03,P018,M,2,910,1820,650,Online,Takeaway,B002
103768,05/08/2025,22:32,P019,XL,1,1792,1792,1280,Card,Delivery,B003
103769,05/08/2025,20:43,P023,S,1,880,880,550,Cash,Delivery,B001
103770,05/08/2025,12:01,P014,XL,2,2212,4424,1580,Online,Dine-in,B002
103771,05/08/2025,15:16,P009,M,1,960,960,640,Card,Dine-in,B003
103772,05/08/2025,20:11,P002,S,1,675,675,450,Card,Dine-in,B001
103773,05/08/2025,19:50,P022,M,3,1200,3600,750,Card,Dine-in,B002
103774,05/08/2025,20:43,P014,XL,1,2212,2212,1580,Online,Takeaway,B002
103775,05/08/2025,21:56,P022,M,3,1200,3600,750,Cash,Takeaway,B003
103776,05/08/2025,18:52,P023,XL,2,2320,4640,1450,Card,Dine-in,B001
103777,06/08/2025,13:21,P011,L,3,1680,5040,1200,Card,Delivery,B001
103778,06/08/2025,11:28,P010,L,3,1290,3870,860,Card,Dine-in,B002
103779,06/08/2025,17:35,P010,XL,1,1590,1590,1060,Online,Takeaway,B001
103780,06/08/2025,15:08,P016,L,2,1170,2340,900,Card,Takeaway,B003
103781,06/08/2025,20:17,P022,S,2,720,1440,450,Card,Dine-in,B002
103782,06/08/2025,17:54,P014,S,2,952,1904,680,Cash,Takeaway,B002
103783,06/08/2025,18:48,P006,S,3,720,2160,480,Card,Takeaway,B001
103784,06/08/2025,20:26,P012,XL,3,2170,6510,1550,Online,Dine-in,B001
103785,06/08/2025,13:57,P015,XL,1,2240,2240,1600,Cash,Dine-in,B001
103786,06/08/2025,18:13,P011,XL,1,2100,2100,1500,Card,Dine-in,B001
103787,06/08/2025,12:30,P014,XL,3,2212,6636,1580,Card,Takeaway,B003
103788,06/08/2025,13:47,P011,M,2,1260,2520,900,Online,Dine-in,B003
103789,06/08/2025,19:46,P002,M,1,975,975,650,Cash,Takeaway,B002
103790,06/08/2025,16:08,P004,L,1,1350,1350,900,Cash,Dine-in,B002
103791,06/08/2025,21:10,P009,M,2,960,1920,640,Online,Delivery,B003
103792,06/08/2025,15:15,P016,S,2,420,840,300,Online,Delivery,B001
103793,06/08/2025,22:42,P007,L,2,1365,2730,910,Online,Dine-in,B001
103794,06/08/2025,19:18,P009,XL,3,1560,4680,1040,Card,Dine-in,B003
103795,07/08/2025,20:59,P013,S,2,882,1764,630,Cash,Delivery,B002
103796,07/08/2025,19:10,P017,XL,1,1708,1708,1220,Online,Dine-in,B002
103797,07/08/2025,20:36,P003,L,3,1245,3735,830,Cash,Delivery,B002
103798,07/08/2025,11:55,P023,S,2,880,1760,550,Card,Dine-in,B003
103799,07/08/2025,13:31,P010,XL,1,1590,1590,1060,Cash,Dine-in,B001
103800,07/08/2025,22:39,P002,L,1,1275,1275,850,Online,Takeaway,B003
103801,07/08/2025,14:03,P022,XL,2,2160,4320,1350,Online,Dine-in,B003
103802,07/08/2025,17:13,P025,S,3,1200,3600,750,Card,Takeaway,B002
103803,07/08/2025,22:28,P018,XL,2,1750,3500,1250,Card,Dine-in,B003
103804,07/08/2025,11:13,P024,L,2,2000,4000,1250,Card,Dine-in,B001
103805,07/08/2025,13:06,P011,L,3,1680,5040,1200,Cash,Dine-in,B002
103806,07/08/2025,20:29,P025,L,1,2160,2160,1350,Card,Takeaway,B001
103807,07/08/2025,18:12,P010,XL,1,1590,1590,1060,Online,Delivery,B002
103808,07/08/2025,15:10,P004,M,2,1050,2100,700,Online,Takeaway,B001
103809,07/08/2025,15:57,P012,L,3,1750,5250,1250,Online,Dine-in,B002
103810,07/08/2025,22:22,P009,XL,1,1560,1560,1040,Card,Delivery,B001
103811,07/08/2025,21:01,P005,S,1,690,690,460,Card,Delivery,B002
103812,08/08/2025,22:13,P008,L,3,1230,3690,820,Cash,Dine-in,B001
103813,08/08/2025,20:17,P015,XL,2,2240,4480,1600,Cash,Takeaway,B002
103814,08/08/2025,18:03,P011,L,1,1680,1680,1200,Card,Takeaway,B003
103815,08/08/2025,12:33,P007,L,1,1365,1365,910,Cash,Delivery,B001
103816,08/08/2025,18:54,P011,XL,1,2100,2100,1500,Cash,Delivery,B001
103817,08/08/2025,21:36,P018,M,1,910,910,650,Cash,Delivery,B001
103818,08/08/2025,17:58,P003,M,2,945,1890,630,Online,Takeaway,B002
103819,08/08/2025,19:15,P006,S,3,720,2160,480,Online,Takeaway,B002
103820,08/08/2025,17:47,P013,S,1,882,882,630,Online,Dine-in,B002
103821,08/08/2025,22:48,P017,S,3,448,1344,320,Card,Delivery,B001
103822,08/08/2025,19:13,P009,L,1,1260,1260,840,Online,Dine-in,B001
103823,08/08/2025,13:16,P006,M,2,1020,2040,680,Online,Takeaway,B003
103824,08/08/2025,17:36,P015,M,2,1400,2800,1000,Cash,Takeaway,B003
103825,08/08/2025,12:14,P002,M,3,975,2925,650,Online,Delivery,B001
103826,08/08/2025,21:37,P018,S,2,490,980,350,Cash,Delivery,B001
103827,08/08/2025,20:24,P018,XL,3,1750,5250,1250,Online,Takeaway,B002
103828,08/08/2025,19:48,P025,L,3,2160,6480,1350,Online,Dine-in,B001
103829,09/08/2025,16:06,P011,L,2,1680,3360,1200,Online,Takeaway,B003
103830,09/08/2025,18:51,P008,XL,2,1530,3060,1020,Online,Delivery,B001
103831,09/08/2025,13:12,P007,S,3,765,2295,510,Online,Dine-in,B003
103832,09/08/2025,22:37,P022,XL,3,2160,6480,1350,Cash,Takeaway,B003
103833,09/08/2025,18:05,P011,S,2,840,1680,600,Cash,Dine-in,B002
103834,09/08/2025,12:57,P023,M,1,1360,1360,850,Cash,Dine-in,B003
103835,09/08/2025,11:47,P002,XL,2,1575,3150,1050,Online,Delivery,B001
103836,09/08/2025,16:17,P005,S,1,690,690,460,Cash,Takeaway,B001
103837,09/08/2025,18:04,P010,M,3,990,2970,660,Online,Takeaway,B001
103838,09/08/2025,14:04,P010,M,1,990,990,660,Cash,Delivery,B003
103839,09/08/2025,12:48,P011,L,3,1680,5040,1200,Cash,Takeaway,B002
103840,09/08/2025,13:48,P006,L,1,1320,1320,880,Online,Takeaway,B001
103841,09/08/2025,13:59,P003,L,2,1245,2490,830,Cash,Dine-in,B001
103842,09/08/2025,11:37,P002,L,2,1275,2550,850,Card,Dine-in,B002
103843,09/08/2025,19:09,P025,XL,3,2640,7920,1650,Online,Takeaway,B001
103844,09/08/2025,17:32,P025,S,1,1200,1200,750,Card,Takeaway,B001
103845,09/08/2025,14:03,P015,XL,1,2240,2240,1600,Card,Dine-in,B002
103846,09/08/2025,14:40,P012,M,1,1330,1330,950,Card,Takeaway,B001
103847,10/08/2025,16:09,P015,S,1,980,980,700,Online,Dine-in,B001
103848,10/08/2025,12:53,P023,XL,3,2320,6960,1450,Online,Dine-in,B003
103849,10/08/2025,15:16,P004,S,2,750,1500,500,Cash,Delivery,B002
103850,10/08/2025,14:58,P015,S,1,980,980,700,Online,Dine-in,B001
103851,10/08/2025,20:06,P024,M,1,1520,1520,950,Card,Takeaway,B002
103852,10/08/2025,19:41,P011,S,2,840,1680,600,Online,Dine-in,B002
103853,10/08/2025,16:17,P026,XL,1,2800,2800,1750,Card,Delivery,B003
103854,10/08/2025,17:41,P025,XL,3,2640,7920,1650,Cash,Takeaway,B002
103855,10/08/2025,15:25,P021,M,1,1040,1040,650,Card,Takeaway,B002
103856,10/08/2025,18:44,P005,M,2,990,1980,660,Cash,Takeaway,B002
103857,10/08/2025,14:44,P013,XL,1,2142,2142,1530,Card,Delivery,B003
103858,10/08/2025,19:35,P024,M,2,1520,3040,950,Cash,Dine-in,B001
103859,10/08/2025,15:06,P004,XL,2,1650,3300,1100,Cash,Dine-in,B002
103860,10/08/2025,16:59,P003,L,2,1245,2490,830,Cash,Takeaway,B002
103861,10/08/2025,16:04,P013,S,3,882,2646,630,Cash,Delivery,B002
103862,10/08/2025,14:42,P013,M,2,1302,2604,930,Card,Dine-in,B001
103863,10/08/2025,16:19,P010,L,1,1290,1290,860,Online,Dine-in,B003
103864,11/08/2025,21:17,P010,XL,1,1590,1590,1060,Cash,Delivery,B001
103865,11/08/2025,11:58,P014,S,2,952,1904,680,Cash,Delivery,B002
103866,11/08/2025,14:44,P013,S,1,882,882,630,Cash,Dine-in,B002
103867,11/08/2025,16:14,P001,M,1,900,900,600,Card,Dine-in,B002
103868,11/08/2025,17:32,P018,M,3,910,2730,650,Online,Dine-in,B002
103869,11/08/2025,12:28,P021,M,3,1040,3120,650,Card,Takeaway,B002
103870,11/08/2025,20:18,P006,M,1,1020,1020,680,Cash,Takeaway,B002
103871,11/08/2025,21:22,P007,S,2,765,1530,510,Online,Dine-in,B003
103872,11/08/2025,13:00,P026,M,3,1840,5520,1150,Cash,Takeaway,B003
103873,11/08/2025,19:27,P024,L,3,2000,6000,1250,Card,Delivery,B003
103874,11/08/2025,15:25,P024,XL,3,2480,7440,1550,Cash,Dine-in,B002
103875,11/08/2025,14:05,P009,L,3,1260,3780,840,Card,Takeaway,B002
103876,11/08/2025,13:07,P015,L,3,1820,5460,1300,Online,Takeaway,B002
103877,11/08/2025,16:19,P015,L,2,1820,3640,1300,Cash,Dine-in,B003
103878,11/08/2025,14:13,P004,S,2,750,1500,500,Card,Takeaway,B003
103879,11/08/2025,19:07,P012,L,2,1750,3500,1250,Card,Dine-in,B003
103880,11/08/2025,22:35,P009,XL,2,1560,3120,1040,Online,Dine-in,B001
103881,11/08/2025,21:13,P024,M,1,1520,1520,950,Cash,Dine-in,B003
103882,12/08/2025,13:34,P008,L,2,1230,2460,820,Online,Delivery,B003
103883,12/08/2025,20:49,P023,S,1,880,880,550,Online,Takeaway,B001
103884,12/08/2025,19:22,P008,L,2,1230,2460,820,Card,Takeaway,B002
103885,12/08/2025,18:50,P019,S,3,532,1596,380,Cash,Delivery,B002
103886,12/08/2025,14:49,P009,XL,2,1560,3120,1040,Online,Takeaway,B001
103887,12/08/2025,14:04,P007,M,2,1065,2130,710,Cash,Delivery,B003
103888,12/08/2025,17:00,P012,XL,1,2170,2170,1550,Cash,Takeaway,B003
103889,12/08/2025,15:44,P009,M,3,960,2880,640,Card,Delivery,B002
103890,12/08/2025,14:13,P023,L,2,1840,3680,1150,Card,Takeaway,B003
103891,12/08/2025,19:16,P008,M,1,930,930,620,Cash,Delivery,B002
103892,12/08/2025,22:54,P024,L,2,2000,4000,1250,Cash,Takeaway,B002
103893,12/08/2025,13:59,P015,S,2,980,1960,700,Card,Takeaway,B002
103894,12/08/2025,21:09,P020,S,2,560,1120,400,Cash,Dine-in,B002
103895,12/08/2025,22:08,P011,S,1,840,840,600,Card,Dine-in,B003
103896,12/08/2025,15:52,P008,S,1,630,630,420,Card,Delivery,B001
103897,12/08/2025,11:50,P012,XL,3,2170,6510,1550,Online,Dine-in,B003
103898,12/08/2025,13:21,P017,M,2,868,1736,620,Card,Delivery,B003
103899,13/08/2025,15:29,P004,S,2,750,1500,500,Online,Dine-in,B003
103900,13/08/2025,19:50,P001,S,2,600,1200,400,Online,Takeaway,B003
103901,13/08/2025,12:42,P007,XL,3,1665,4995,1110,Card,Delivery,B003
103902,13/08/2025,11:54,P009,XL,3,1560,4680,1040,Card,Dine-in,B002
103903,13/08/2025,22:26,P009,L,2,1260,2520,840,Online,Delivery,B003
103904,13/08/2025,19:36,P006,M,1,1020,1020,680,Online,Takeaway,B001
103905,13/08/2025,16:14,P009,L,3,1260,3780,840,Online,Takeaway,B003
103906,13/08/2025,15:28,P014,L,3,1792,5376,1280,Card,Dine-in,B002
103907,13/08/2025,18:28,P007,S,2,765,1530,510,Card,Delivery,B001
103908,13/08/2025,20:58,P001,S,3,600,1800,400,Cash,Dine-in,B003
103909,13/08/2025,15:26,P025,S,2,1200,2400,750,Online,Takeaway,B001
103910,13/08/2025,15:38,P021,XL,3,2000,6000,1250,Card,Takeaway,B001
103911,13/08/2025,18:03,P021,XL,2,2000,4000,1250,Online,Dine-in,B003
103912,13/08/2025,18:15,P019,M,3,952,2856,680,Cash,Delivery,B001
103913,13/08/2025,21:32,P017,L,3,1288,3864,920,Card,Delivery,B001
103914,13/08/2025,20:35,P010,M,2,990,1980,660,Online,Dine-in,B001
103915,13/08/2025,18:55,P004,S,1,750,750,500,Cash,Dine-in,B003
103916,14/08/2025,21:56,P010,L,3,1290,3870,860,Cash,Delivery,B003
103917,14/08/2025,14:06,P017,M,1,868,868,620,Card,Dine-in,B002
103918,14/08/2025,21:17,P019,XL,3,1792,5376,1280,Cash,Delivery,B003
103919,14/08/2025,15:13,P019,XL,3,1792,5376,1280,Cash,Dine-in,B001
103920,14/08/2025,12:05,P003,XL,1,1545,1545,1030,Online,Delivery,B003
103921,14/08/2025,17:01,P008,S,2,630,1260,420,Online,Takeaway,B001
103922,14/08/2025,13:12,P015,S,1,980,980,700,Cash,Dine-in,B002
103923,14/08/2025,21:58,P004,S,3,750,2250,500,Card,Dine-in,B003
103924,14/08/2025,21:07,P019,S,2,532,1064,380,Cash,Takeaway,B003
103925,14/08/2025,16:08,P019,L,1,1372,1372,980,Online,Dine-in,B001
103926,14/08/2025,17:45,P021,XL,2,2000,4000,1250,Online,Takeaway,B003
103927,14/08/2025,22:22,P022,M,2,1200,2400,750,Card,Takeaway,B002
103928,14/08/2025,18:55,P002,XL,1,1575,1575,1050,Card,Delivery,B001
103929,14/08/2025,15:39,P020,L,2,1400,2800,1000,Cash,Delivery,B002
103930,14/08/2025,11:04,P009,S,2,660,1320,440,Cash,Takeaway,B001
103931,14/08/2025,22:12,P009,S,2,660,1320,440,Card,Takeaway,B003
103932,14/08/2025,20:14,P015,M,1,1400,1400,1000,Online,Dine-in,B002
103933,14/08/2025,13:38,P009,M,1,960,960,640,Cash,Dine-in,B001
103934,15/08/2025,16:07,P003,L,1,1245,1245,830,Card,Dine-in,B001
103935,15/08/2025,20:53,P020,S,2,560,1120,400,Cash,Dine-in,B002
103936,15/08/2025,22:25,P020,M,1,980,980,700,Cash,Takeaway,B003
103937,15/08/2025,19:25,P002,S,2,675,1350,450,Card,Delivery,B002
103938,15/08/2025,21:28,P010,XL,3,1590,4770,1060,Online,Delivery,B002
103939,15/08/2025,19:56,P005,S,1,690,690,460,Online,Delivery,B003
103940,15/08/2025,22:23,P013,XL,2,2142,4284,1530,Card,Dine-in,B003
103941,15/08/2025,11:38,P015,L,1,1820,1820,1300,Card,Takeaway,B002
103942,15/08/2025,19:24,P002,XL,1,1575,1575,1050,Cash,Takeaway,B001
103943,15/08/2025,19:07,P003,S,1,645,645,430,Cash,Dine-in,B003
103944,15/08/2025,13:21,P004,S,2,750,1500,500,Cash,Takeaway,B001
103945,15/08/2025,16:03,P021,L,3,1520,4560,950,Online,Takeaway,B001
103946,15/08/2025,20:10,P009,L,3,1260,3780,840,Card,Dine-in,B001
103947,15/08/2025,14:38,P007,L,2,1365,2730,910,Cash,Takeaway,B002
103948,15/08/2025,20:40,P017,M,2,868,1736,620,Online,Dine-in,B001
103949,15/08/2025,17:23,P020,XL,2,1820,3640,1300,Card,Delivery,B001
103950,15/08/2025,11:50,P022,XL,3,2160,6480,1350,Card,Delivery,B001
103951,16/08/2025,21:49,P025,S,2,1200,2400,750,Card,Delivery,B001
103952,16/08/2025,21:32,P006,L,2,1320,2640,880,Online,Dine-in,B002
103953,16/08/2025,13:39,P001,M,1,900,900,600,Online,Takeaway,B001
103954,16/08/2025,13:02,P018,L,3,1330,3990,950,Online,Delivery,B003
103955,16/08/2025,17:12,P019,XL,3,1792,5376,1280,Card,Takeaway,B002
103956,16/08/2025,21:53,P020,XL,1,1820,1820,1300,Card,Delivery,B001
103957,16/08/2025,11:48,P019,XL,3,1792,5376,1280,Cash,Dine-in,B003
103958,16/08/2025,20:25,P007,L,2,1365,2730,910,Online,Takeaway,B003
103959,16/08/2025,20:14,P024,L,1,2000,2000,1250,Online,Takeaway,B003
103960,16/08/2025,16:38,P023,L,3,1840,5520,1150,Online,Takeaway,B003
103961,16/08/2025,14:05,P013,M,1,1302,1302,930,Cash,Dine-in,B002
103962,16/08/2025,21:19,P010,M,3,990,2970,660,Card,Dine-in,B003
103963,16/08/2025,21:13,P004,S,2,750,1500,500,Card,Delivery,B003
103964,16/08/2025,13:24,P020,XL,3,1820,5460,1300,Card,Takeaway,B003
103965,16/08/2025,22:22,P018,M,2,910,1820,650,Online,Dine-in,B002
103966,16/08/2025,18:46,P007,M,1,1065,1065,710,Cash,Takeaway,B003
103967,16/08/2025,13:20,P004,L,2,1350,2700,900,Cash,Takeaway,B003
103968,16/08/2025,21:41,P012,S,2,910,1820,650,Card,Dine-in,B001
103969,17/08/2025,11:52,P008,S,1,630,630,420,Card,Dine-in,B001
103970,17/08/2025,12:32,P020,M,2,980,1960,700,Card,Dine-in,B003
103971,17/08/2025,14:41,P008,L,3,1230,3690,820,Online,Delivery,B001
103972,17/08/2025,21:05,P014,S,1,952,952,680,Online,Dine-in,B002
103973,17/08/2025,19:41,P006,L,2,1320,2640,880,Cash,Delivery,B001
103974,17/08/2025,20:35,P001,S,1,600,600,400,Online,Dine-in,B003
103975,17/08/2025,14:10,P004,L,2,1350,2700,900,Online,Takeaway,B001
103976,17/08/2025,15:27,P015,M,1,1400,1400,1000,Cash,Dine-in,B001
103977,17/08/2025,20:02,P019,L,3,1372,4116,980,Cash,Dine-in,B003
103978,17/08/2025,20:53,P024,M,3,1520,4560,950,Online,Takeaway,B003
103979,17/08/2025,18:17,P006,M,3,1020,3060,680,Cash,Dine-in,B001
103980,17/08/2025,20:12,P017,L,2,1288,2576,920,Card,Dine-in,B001
103981,17/08/2025,16:59,P011,XL,1,2100,2100,1500,Online,Takeaway,B001
103982,17/08/2025,22:59,P008,S,2,630,1260,420,Cash,Takeaway,B003
103983,17/08/2025,17:16,P010,M,3,990,2970,660,Online,Takeaway,B002
103984,17/08/2025,19:36,P020,XL,1,1820,1820,1300,Online,Dine-in,B003
103985,17/08/2025,11:21,P018,L,1,1330,1330,950,Online,Dine-in,B002
103986,18/08/2025,17:48,P024,XL,1,2480,2480,1550,Cash,Delivery,B003
103987,18/08/2025,17:09,P025,S,1,1200,1200,750,Card,Delivery,B001
103988,18/08/2025,21:53,P023,S,2,880,1760,550,Online,Delivery,B003
103989,18/08/2025,15:54,P011,L,2,1680,3360,1200,Cash,Dine-in,B002
103990,18/08/2025,11:03,P014,L,1,1792,1792,1280,Online,Dine-in,B001
103991,18/08/2025,11:47,P012,M,1,1330,1330,950,Cash,Delivery,B001
103992,18/08/2025,11:18,P020,L,1,1400,1400,1000,Card,Takeaway,B002
103993,18/08/2025,17:57,P026,XL,1,2800,2800,1750,Online,Dine-in,B003
103994,18/08/2025,17:07,P021,M,2,1040,2080,650,Online,Delivery,B001
103995,18/08/2025,21:10,P010,M,3,990,2970,660,Cash,Takeaway,B002
103996,18/08/2025,16:10,P011,XL,2,2100,4200,1500,Card,Delivery,B002
103997,18/08/2025,12:18,P021,S,3,560,1680,350,Cash,Takeaway,B003
103998,18/08/2025,11:46,P008,S,1,630,630,420,Cash,Takeaway,B001
103999,18/08/2025,22:02,P015,L,3,1820,5460,1300,Card,Delivery,B003
104000,18/08/2025,17:41,P013,M,2,1302,2604,930,Online,Dine-in,B001
104001,18/08/2025,11:22,P025,M,1,1680,1680,1050,Online,Takeaway,B002
104002,18/08/2025,22:54,P006,XL,2,1620,3240,1080,Cash,Takeaway,B001
104003,19/08/2025,16:41,P008,XL,1,1530,1530,1020,Online,Takeaway,B002
104004,19/08/2025,11:39,P003,S,2,645,1290,430,Online,Dine-in,B002
104005,19/08/2025,16:37,P015,L,2,1820,3640,1300,Card,Takeaway,B003
104006,19/08/2025,12:45,P004,M,1,1050,1050,700,Online,Dine-in,B002
104007,19/08/2025,21:37,P013,L,2,1722,3444,1230,Card,Dine-in,B003
104008,19/08/2025,22:21,P018,L,2,1330,2660,950,Card,Dine-in,B002
104009,19/08/2025,12:16,P007,M,1,1065,1065,710,Card,Takeaway,B002
104010,19/08/2025,11:14,P022,S,1,720,720,450,Online,Delivery,B002
104011,19/08/2025,14:02,P018,M,1,910,910,650,Card,Takeaway,B003
104012,19/08/2025,22:02,P003,M,1,945,945,630,Cash,Dine-in,B001
104013,19/08/2025,16:15,P009,L,2,1260,2520,840,Card,Dine-in,B001
104014,19/08/2025,16:48,P016,L,3,1170,3510,900,Card,Delivery,B003
104015,19/08/2025,22:41,P024,M,3,1520,4560,950,Cash,Delivery,B003
104016,19/08/2025,20:17,P012,L,2,1750,3500,1250,Card,Delivery,B003
104017,19/08/2025,15:02,P024,M,3,1520,4560,950,Online,Takeaway,B002
104018,19/08/2025,11:13,P012,S,2,910,1820,650,Online,Delivery,B002
104019,19/08/2025,11:37,P021,M,3,1040,3120,650,Online,Delivery,B003
104020,19/08/2025,20:26,P010,S,3,690,2070,460,Cash,Takeaway,B003
104021,20/08/2025,16:12,P012,L,2,1750,3500,1250,Online,Dine-in,B002
104022,20/08/2025,22:47,P021,M,2,1040,2080,650,Online,Dine-in,B002
104023,20/08/2025,15:40,P009,M,1,960,960,640,Card,Dine-in,B003
104024,20/08/2025,13:09,P025,L,1,2160,2160,1350,Cash,Delivery,B003
104025,20/08/2025,20:10,P021,XL,3,2000,6000,1250,Cash,Dine-in,B003
104026,20/08/2025,11:10,P024,XL,3,2480,7440,1550,Cash,Takeaway,B002
104027,20/08/2025,17:53,P019,XL,3,1792,5376,1280,Cash,Takeaway,B002
104028,20/08/2025,18:19,P011,S,3,840,2520,600,Cash,Dine-in,B003
104029,20/08/2025,20:44,P002,L,3,1275,3825,850,Online,Takeaway,B003
104030,20/08/2025,17:11,P022,M,2,1200,2400,750,Cash,Dine-in,B002
104031,20/08/2025,22:46,P023,S,2,880,1760,550,Cash,Delivery,B002
104032,20/08/2025,13:51,P005,L,3,1290,3870,860,Online,Dine-in,B003
104033,20/08/2025,18:03,P013,S,3,882,2646,630,Cash,Delivery,B003
104034,20/08/2025,19:54,P023,S,2,880,1760,550,Online,Takeaway,B002
104035,20/08/2025,15:15,P002,L,3,1275,3825,850,Online,Delivery,B001
104036,20/08/2025,18:27,P002,M,1,975,975,650,Online,Delivery,B001
104037,20/08/2025,17:03,P026,XL,3,2800,8400,1750,Cash,Dine-in,B001
104038,21/08/2025,15:48,P016,M,3,780,2340,600,Cash,Delivery,B001
104039,21/08/2025,14:14,P012,M,3,1330,3990,950,Online,Takeaway,B003
104040,21/08/2025,17:02,P017,S,1,448,448,320,Card,Delivery,B003
104041,21/08/2025,14:39,P026,L,1,2320,2320,1450,Online,Dine-in,B002
104042,21/08/2025,12:17,P012,XL,1,2170,2170,1550,Online,Delivery,B003
104043,21/08/2025,19:51,P006,L,2,1320,2640,880,Cash,Delivery,B001
104044,21/08/2025,14:19,P024,XL,1,2480,2480,1550,Cash,Delivery,B003
104045,21/08/2025,15:50,P002,L,1,1275,1275,850,Online,Delivery,B002
104046,21/08/2025,21:38,P018,L,2,1330,2660,950,Card,Takeaway,B001
104047,21/08/2025,15:00,P001,M,2,900,1800,600,Cash,Dine-in,B001
104048,21/08/2025,11:15,P005,M,3,990,2970,660,Card,Takeaway,B002
104049,21/08/2025,17:19,P016,S,3,420,1260,300,Cash,Delivery,B003
104050,21/08/2025,21:13,P024,L,2,2000,4000,1250,Online,Delivery,B001
104051,21/08/2025,20:21,P016,S,2,420,840,300,Card,Delivery,B002
104052,21/08/2025,16:19,P001,M,2,900,1800,600,Cash,Dine-in,B002
104053,21/08/2025,20:41,P003,XL,2,1545,3090,1030,Cash,Takeaway,B002
104054,21/08/2025,12:50,P014,L,1,1792,1792,1280,Online,Delivery,B002
104055,21/08/2025,11:54,P021,L,3,1520,4560,950,Cash,Takeaway,B001
104056,22/08/2025,12:09,P015,S,2,980,1960,700,Cash,Delivery,B003
104057,22/08/2025,16:53,P013,M,3,1302,3906,930,Cash,Takeaway,B003
104058,22/08/2025,15:26,P010,M,2,990,1980,660,Cash,Dine-in,B001
104059,22/08/2025,18:49,P002,M,1,975,975,650,Cash,Takeaway,B002
104060,22/08/2025,16:20,P001,L,1,1200,1200,800,Online,Takeaway,B003
104061,22/08/2025,12:43,P007,XL,3,1665,4995,1110,Cash,Takeaway,B002
104062,22/08/2025,16:36,P018,L,1,1330,1330,950,Cash,Delivery,B002
104063,22/08/2025,19:43,P016,S,3,420,1260,300,Online,Delivery,B002
104064,22/08/2025,13:06,P025,M,2,1680,3360,1050,Online,Delivery,B002
104065,22/08/2025,14:51,P023,L,3,1840,5520,1150,Card,Dine-in,B003
104066,22/08/2025,21:55,P019,XL,1,1792,1792,1280,Online,Delivery,B002
104067,22/08/2025,19:05,P014,M,2,1372,2744,980,Online,Delivery,B001
104068,22/08/2025,13:02,P010,S,2,690,1380,460,Card,Takeaway,B001
104069,22/08/2025,13:15,P013,M,2,1302,2604,930,Cash,Takeaway,B001
104070,22/08/2025,11:01,P019,L,3,1372,4116,980,Online,Takeaway,B002
104071,22/08/2025,13:58,P024,S,1,1040,1040,650,Online,Takeaway,B003
104072,22/08/2025,17:02,P006,XL,2,1620,3240,1080,Online,Delivery,B003
104073,23/08/2025,12:37,P017,S,1,448,448,320,Online,Delivery,B003
104074,23/08/2025,22:29,P024,XL,1,2480,2480,1550,Cash,Takeaway,B002
104075,23/08/2025,11:30,P019,M,3,952,2856,680,Card,Dine-in,B003
104076,23/08/2025,17:35,P015,S,3,980,2940,700,Cash,Delivery,B001
104077,23/08/2025,14:37,P008,S,2,630,1260,420,Card,Delivery,B001
104078,23/08/2025,15:29,P018,S,3,490,1470,350,Cash,Delivery,B001
104079,23/08/2025,20:11,P002,S,3,675,2025,450,Cash,Delivery,B001
104080,23/08/2025,20:49,P023,L,2,1840,3680,1150,Card,Takeaway,B002
104081,23/08/2025,21:57,P001,XL,2,1500,3000,1000,Cash,Dine-in,B003
104082,23/08/2025,19:27,P005,M,1,990,990,660,Cash,Delivery,B003
104083,23/08/2025,21:02,P006,XL,2,1620,3240,1080,Online,Delivery,B002
104084,23/08/2025,13:34,P012,M,3,1330,3990,950,Online,Dine-in,B002
104085,23/08/2025,11:03,P014,S,2,952,1904,680,Online,Dine-in,B001
104086,23/08/2025,21:00,P008,S,3,630,1890,420,Online,Takeaway,B001
104087,23/08/2025,17:45,P004,XL,3,1650,4950,1100,Card,Dine-in,B003
104088,23/08/2025,17:05,P011,S,3,840,2520,600,Cash,Takeaway,B002
104089,23/08/2025,18:12,P011,S,3,840,2520,600,Online,Delivery,B001
104090,24/08/2025,17:32,P021,M,3,1040,3120,650,Card,Takeaway,B003
104091,24/08/2025,22:50,P011,S,3,840,2520,600,Online,Dine-in,B003
104092,24/08/2025,21:35,P023,XL,3,2320,6960,1450,Cash,Takeaway,B001
104093,24/08/2025,21:33,P012,XL,3,2170,6510,1550,Cash,Dine-in,B002
104094,24/08/2025,15:58,P018,S,1,490,490,350,Online,Takeaway,B002
104095,24/08/2025,22:17,P016,S,1,420,420,300,Online,Takeaway,B002
104096,24/08/2025,21:38,P020,S,1,560,560,400,Card,Takeaway,B002
104097,24/08/2025,16:37,P006,S,3,720,2160,480,Cash,Dine-in,B003
104098,24/08/2025,12:43,P020,L,1,1400,1400,1000,Card,Delivery,B003
104099,24/08/2025,12:49,P013,M,2,1302,2604,930,Online,Takeaway,B001
104100,24/08/2025,16:59,P016,XL,3,1560,4680,1200,Card,Dine-in,B002
104101,24/08/2025,12:28,P019,S,2,532,1064,380,Cash,Dine-in,B001
104102,24/08/2025,15:54,P022,M,1,1200,1200,750,Cash,Delivery,B001
104103,24/08/2025,14:22,P002,S,2,675,1350,450,Cash,Takeaway,B001
104104,24/08/2025,17:40,P024,M,2,1520,3040,950,Cash,Dine-in,B003
104105,24/08/2025,14:23,P013,XL,3,2142,6426,1530,Online,Delivery,B003
104106,24/08/2025,17:00,P006,S,2,720,1440,480,Online,Delivery,B002
104107,24/08/2025,18:39,P014,XL,3,2212,6636,1580,Card,Dine-in,B002
104108,25/08/2025,14:32,P020,S,1,560,560,400,Online,Dine-in,B003
104109,25/08/2025,19:54,P014,M,1,1372,1372,980,Online,Dine-in,B002
104110,25/08/2025,19:25,P011,L,1,1680,1680,1200,Cash,Delivery,B001
104111,25/08/2025,11:41,P009,L,2,1260,2520,840,Cash,Takeaway,B003
104112,25/08/2025,18:50,P024,M,1,1520,1520,950,Cash,Takeaway,B003
104113,25/08/2025,16:16,P022,XL,3,2160,6480,1350,Online,Dine-in,B003
104114,25/08/2025,16:24,P025,M,2,1680,3360,1050,Online,Takeaway,B002
104115,25/08/2025,12:37,P014,L,1,1792,1792,1280,Cash,Takeaway,B001
104116,25/08/2025,21:50,P004,M,2,1050,2100,700,Card,Takeaway,B003
104117,25/08/2025,12:15,P022,XL,3,2160,6480,1350,Cash,Takeaway,B002
104118,25/08/2025,22:36,P012,XL,3,2170,6510,1550,Card,Dine-in,B003
104119,25/08/2025,18:27,P003,S,1,645,645,430,Cash,Dine-in,B003
104120,25/08/2025,17:03,P005,S,1,690,690,460,Card,Takeaway,B002
104121,25/08/2025,21:43,P017,L,3,1288,3864,920,Cash,Takeaway,B001
104122,25/08/2025,20:45,P019,XL,1,1792,1792,1280,Card,Delivery,B003
104123,25/08/2025,18:41,P006,L,3,1320,3960,880,Online,Takeaway,B001
104124,25/08/2025,20:20,P005,XL,3,1590,4770,1060,Online,Delivery,B002
104125,26/08/2025,15:10,P025,XL,2,2640,5280,1650,Online,Dine-in,B002
104126,26/08/2025,20:28,P020,L,2,1400,2800,1000,Cash,Takeaway,B003
104127,26/08/2025,21:18,P014,M,3,1372,4116,980,Card,Dine-in,B002
104128,26/08/2025,19:30,P003,M,3,945,2835,630,Online,Delivery,B001
104129,26/08/2025,17:09,P010,XL,3,1590,4770,1060,Online,Takeaway,B003
104130,26/08/2025,20:46,P003,XL,1,1545,1545,1030,Online,Delivery,B003
104131,26/08/2025,18:15,P024,XL,1,2480,2480,1550,Card,Delivery,B003
104132,26/08/2025,17:47,P007,XL,1,1665,1665,1110,Cash,Delivery,B002
104133,26/08/2025,12:33,P025,M,3,1680,5040,1050,Online,Delivery,B003
104134,26/08/2025,22:24,P012,XL,3,2170,6510,1550,Online,Takeaway,B001
104135,26/08/2025,12:12,P019,S,1,532,532,380,Cash,Dine-in,B003
104136,26/08/2025,21:16,P018,XL,2,1750,3500,1250,Online,Delivery,B003
104137,26/08/2025,14:58,P019,S,1,532,532,380,Online,Dine-in,B002
104138,26/08/2025,16:18,P020,M,1,980,980,700,Card,Delivery,B001
104139,26/08/2025,17:08,P016,S,1,420,420,300,Online,Delivery,B002
104140,26/08/2025,21:15,P018,L,2,1330,2660,950,Online,Takeaway,B002
104141,26/08/2025,22:37,P012,S,2,910,1820,650,Online,Takeaway,B001
104142,26/08/2025,22:07,P005,S,3,690,2070,460,Cash,Takeaway,B003
104143,27/08/2025,12:21,P016,L,1,1170,1170,900,Online,Delivery,B002
104144,27/08/2025,21:41,P010,L,3,1290,3870,860,Card,Takeaway,B002
104145,27/08/2025,20:02,P017,L,1,1288,1288,920,Card,Dine-in,B003
104146,27/08/2025,20:08,P019,XL,3,1792,5376,1280,Online,Dine-in,B003
104147,27/08/2025,18:27,P012,S,2,910,1820,650,Online,Dine-in,B001
104148,27/08/2025,22:11,P020,S,1,560,560,400,Online,Takeaway,B001
104149,27/08/2025,17:07,P026,S,2,1360,2720,850,Card,Delivery,B003
104150,27/08/2025,18:02,P024,XL,1,2480,2480,1550,Online,Dine-in,B003
104151,27/08/2025,21:48,P018,L,2,1330,2660,950,Online,Takeaway,B003
104152,27/08/2025,13:38,P021,M,3,1040,3120,650,Online,Dine-in,B001
104153,27/08/2025,19:27,P022,S,1,720,720,450,Cash,Takeaway,B002
104154,27/08/2025,20:09,P019,M,2,952,1904,680,Online,Takeaway,B001
104155,27/08/2025,14:19,P013,XL,2,2142,4284,1530,Card,Takeaway,B003
104156,27/08/2025,14:13,P014,M,1,1372,1372,980,Cash,Takeaway,B002
104157,27/08/2025,15:29,P018,M,1,910,910,650,Online,Delivery,B001
104158,27/08/2025,14:27,P002,L,1,1275,1275,850,Cash,Takeaway,B002
104159,27/08/2025,18:27,P025,M,2,1680,3360,1050,Card,Takeaway,B003
104160,28/08/2025,21:44,P003,XL,2,1545,3090,1030,Card,Takeaway,B002
104161,28/08/2025,19:21,P021,M,3,1040,3120,650,Online,Dine-in,B002
104162,28/08/2025,20:40,P021,M,3,1040,3120,650,Card,Takeaway,B001
104163,28/08/2025,18:02,P004,M,3,1050,3150,700,Cash,Takeaway,B002
104164,28/08/2025,15:58,P003,M,3,945,2835,630,Online,Takeaway,B003
104165,28/08/2025,15:03,P005,S,3,690,2070,460,Card,Takeaway,B003
104166,28/08/2025,12:22,P017,XL,2,1708,3416,1220,Online,Delivery,B002
104167,28/08/2025,19:25,P002,L,1,1275,1275,850,Cash,Takeaway,B003
104168,28/08/2025,19:08,P017,M,3,868,2604,620,Online,Dine-in,B001
104169,28/08/2025,20:39,P013,S,1,882,882,630,Online,Delivery,B001
104170,28/08/2025,22:21,P015,L,2,1820,3640,1300,Cash,Delivery,B001
104171,28/08/2025,18:35,P007,XL,1,1665,1665,1110,Online,Takeaway,B003
104172,28/08/2025,18:59,P001,S,2,600,1200,400,Online,Takeaway,B003
104173,28/08/2025,11:24,P023,XL,1,2320,2320,1450,Cash,Delivery,B002
104174,28/08/2025,18:17,P013,XL,2,2142,4284,1530,Online,Takeaway,B002
104175,28/08/2025,15:19,P005,S,3,690,2070,460,Cash,Takeaway,B002
104176,28/08/2025,22:45,P011,XL,2,2100,4200,1500,Online,Delivery,B001
104177,29/08/2025,13:19,P018,S,1,490,490,350,Cash,Dine-in,B001
104178,29/08/2025,22:30,P005,M,3,990,2970,660,Cash,Delivery,B003
104179,29/08/2025,15:28,P006,S,3,720,2160,480,Cash,Dine-in,B003
104180,29/08/2025,19:25,P011,L,3,1680,5040,1200,Card,Dine-in,B001
104181,29/08/2025,20:53,P009,M,2,960,1920,640,Online,Delivery,B002
104182,29/08/2025,17:23,P020,XL,1,1820,1820,1300,Cash,Dine-in,B001
104183,29/08/2025,18:04,P019,XL,3,1792,5376,1280,Card,Takeaway,B002
104184,29/08/2025,12:31,P006,XL,1,1620,1620,1080,Cash,Takeaway,B001
104185,29/08/2025,15:55,P003,S,3,645,1935,430,Cash,Takeaway,B001
104186,29/08/2025,18:02,P018,M,2,910,1820,650,Cash,Delivery,B002
104187,29/08/2025,13:23,P001,S,3,600,1800,400,Online,Dine-in,B001
104188,29/08/2025,22:51,P022,M,1,1200,1200,750,Online,Takeaway,B003
104189,29/08/2025,18:16,P004,M,1,1050,1050,700,Online,Dine-in,B002
104190,29/08/2025,15:01,P002,L,2,1275,2550,850,Cash,Delivery,B001
104191,29/08/2025,22:38,P018,S,1,490,490,350,Cash,Takeaway,B001
104192,29/08/2025,16:18,P006,S,1,720,720,480,Online,Delivery,B001
104193,29/08/2025,15:43,P013,L,1,1722,1722,1230,Cash,Dine-in,B002
104194,29/08/2025,18:26,P023,L,1,1840,1840,1150,Cash,Dine-in,B002
104195,30/08/2025,22:24,P020,M,1,980,980,700,Card,Delivery,B003
104196,30/08/2025,19:23,P025,L,3,2160,6480,1350,Cash,Delivery,B002
104197,30/08/2025,12:16,P005,XL,3,1590,4770,1060,Cash,Dine-in,B002
104198,30/08/2025,18:46,P013,M,2,1302,2604,930,Card,Takeaway,B003
104199,30/08/2025,14:25,P019,M,1,952,952,680,Cash,Dine-in,B003
104200,30/08/2025,18:21,P017,L,1,1288,1288,920,Card,Delivery,B003
104201,30/08/2025,19:07,P012,XL,1,2170,2170,1550,Cash,Takeaway,B001
104202,30/08/2025,11:34,P024,S,2,1040,2080,650,Cash,Takeaway,B002
104203,30/08/2025,13:17,P017,M,2,868,1736,620,Cash,Delivery,B003
104204,30/08/2025,16:35,P005,M,3,990,2970,660,Online,Dine-in,B001
104205,30/08/2025,14:53,P008,L,1,1230,1230,820,Online,Dine-in,B003
104206,30/08/2025,15:33,P022,M,3,1200,3600,750,Cash,Delivery,B003
104207,30/08/2025,12:40,P007,L,1,1365,1365,910,Card,Dine-in,B002
104208,30/08/2025,22:13,P010,M,3,990,2970,660,Card,Takeaway,B001
104209,30/08/2025,16:10,P023,M,3,1360,4080,850,Card,Delivery,B001
104210,30/08/2025,11:59,P021,M,3,1040,3120,650,Card,Delivery,B003
104211,30/08/2025,20:03,P005,S,2,690,1380,460,Card,Takeaway,B001
104212,31/08/2025,13:51,P013,M,1,1302,1302,930,Online,Takeaway,B002
104213,31/08/2025,22:51,P013,S,2,882,1764,630,Cash,Dine-in,B002
104214,31/08/2025,12:35,P018,XL,3,1750,5250,1250,Online,Takeaway,B001
104215,31/08/2025,12:51,P024,S,1,1040,1040,650,Card,Dine-in,B001
104216,31/08/2025,21:02,P018,L,2,1330,2660,950,Online,Dine-in,B002
104217,31/08/2025,15:12,P010,L,1,1290,1290,860,Cash,Dine-in,B002
104218,31/08/2025,17:35,P012,L,1,1750,1750,1250,Cash,Takeaway,B003
104219,31/08/2025,15:54,P015,S,2,980,1960,700,Online,Delivery,B001
104220,31/08/2025,17:58,P003,M,1,945,945,630,Online,Delivery,B001
104221,31/08/2025,19:20,P007,M,1,1065,1065,710,Cash,Delivery,B001
104222,31/08/2025,16:28,P005,XL,1,1590,1590,1060,Online,Takeaway,B001
104223,31/08/2025,16:42,P001,L,3,1200,3600,800,Card,Delivery,B003
104224,31/08/2025,14:26,P002,M,1,975,975,650,Card,Dine-in,B003
104225,31/08/2025,22:15,P012,XL,2,2170,4340,1550,Cash,Delivery,B001
104226,31/08/2025,15:29,P021,L,1,1520,1520,950,Online,Takeaway,B001
104227,31/08/2025,19:20,P025,M,1,1680,1680,1050,Cash,Takeaway,B001
104228,31/08/2025,19:58,P019,L,1,1372,1372,980,Online,Delivery,B002
104229,31/08/2025,14:28,P020,L,2,1400,2800,1000,Card,Takeaway,B003
104230,01/09/2025,22:21,P004,L,1,1350,1350,900,Card,Delivery,B003
104231,01/09/2025,18:07,P018,M,1,910,910,650,Cash,Dine-in,B001
104232,01/09/2025,15:11,P023,S,2,880,1760,550,Online,Takeaway,B003
104233,01/09/2025,12:30,P021,XL,2,2000,4000,1250,Card,Dine-in,B001
104234,01/09/2025,16:11,P008,S,1,630,630,420,Cash,Takeaway,B001
104235,01/09/2025,18:11,P023,S,3,880,2640,550,Card,Takeaway,B003
104236,01/09/2025,18:01,P008,L,1,1230,1230,820,Card,Takeaway,B002
104237,01/09/2025,20:15,P004,M,2,1050,2100,700,Card,Dine-in,B001
104238,01/09/2025,17:56,P021,XL,1,2000,2000,1250,Online,Takeaway,B003
104239,01/09/2025,19:00,P019,M,3,952,2856,680,Card,Takeaway,B002
104240,01/09/2025,20:15,P015,S,3,980,2940,700,Cash,Dine-in,B002
104241,01/09/2025,14:04,P022,L,1,1680,1680,1050,Card,Dine-in,B001
104242,01/09/2025,18:00,P006,L,3,1320,3960,880,Cash,Dine-in,B002
104243,01/09/2025,16:54,P025,M,1,1680,1680,1050,Cash,Delivery,B002
104244,01/09/2025,17:28,P024,L,3,2000,6000,1250,Card,Dine-in,B001
104245,01/09/2025,16:57,P001,M,2,900,1800,600,Card,Dine-in,B003
104246,01/09/2025,11:44,P009,XL,1,1560,1560,1040,Online,Dine-in,B002
104247,02/09/2025,19:22,P019,XL,2,1792,3584,1280,Cash,Delivery,B001
104248,02/09/2025,20:05,P018,L,2,1330,2660,950,Cash,Takeaway,B001
104249,02/09/2025,16:36,P021,M,2,1040,2080,650,Online,Takeaway,B003
104250,02/09/2025,20:55,P011,XL,2,2100,4200,1500,Online,Takeaway,B001
104251,02/09/2025,20:15,P023,M,3,1360,4080,850,Online,Dine-in,B003
104252,02/09/2025,19:05,P026,L,3,2320,6960,1450,Card,Dine-in,B002
104253,02/09/2025,21:45,P007,XL,2,1665,3330,1110,Card,Takeaway,B003
104254,02/09/2025,22:28,P021,L,3,1520,4560,950,Cash,Dine-in,B001
104255,02/09/2025,19:04,P026,M,3,1840,5520,1150,Online,Delivery,B003
104256,02/09/2025,13:46,P020,M,2,980,1960,700,Cash,Takeaway,B003
104257,02/09/2025,17:00,P013,L,1,1722,1722,1230,Online,Takeaway,B002
104258,02/09/2025,11:06,P023,XL,3,2320,6960,1450,Online,Takeaway,B002
104259,02/09/2025,21:06,P020,S,2,560,1120,400,Cash,Takeaway,B003
104260,02/09/2025,17:00,P014,XL,3,2212,6636,1580,Cash,Dine-in,B002
104261,02/09/2025,12:51,P003,L,2,1245,2490,830,Cash,Delivery,B001
104262,02/09/2025,15:52,P004,XL,2,1650,3300,1100,Cash,Delivery,B001
104263,02/09/2025,13:03,P013,M,1,1302,1302,930,Card,Takeaway,B001
104264,03/09/2025,22:57,P026,L,1,2320,2320,1450,Online,Delivery,B002
104265,03/09/2025,22:58,P023,M,1,1360,1360,850,Online,Dine-in,B002
104266,03/09/2025,20:53,P020,S,1,560,560,400,Online,Delivery,B002
104267,03/09/2025,11:10,P022,M,3,1200,3600,750,Card,Takeaway,B001
104268,03/09/2025,21:53,P024,M,1,1520,1520,950,Online,Dine-in,B002
104269,03/09/2025,20:49,P002,L,2,1275,2550,850,Cash,Dine-in,B001
104270,03/09/2025,20:55,P016,M,1,780,780,600,Card,Dine-in,B003
104271,03/09/2025,14:23,P004,S,3,750,2250,500,Cash,Takeaway,B001
104272,03/09/2025,15:25,P004,M,2,1050,2100,700,Cash,Dine-in,B003
104273,03/09/2025,20:03,P003,M,3,945,2835,630,Cash,Delivery,B003
104274,03/09/2025,22:20,P014,S,1,952,952,680,Online,Takeaway,B003
104275,03/09/2025,18:53,P007,M,1,1065,1065,710,Card,Delivery,B003
104276,03/09/2025,16:36,P006,XL,2,1620,3240,1080,Online,Dine-in,B003
104277,03/09/2025,13:06,P026,L,1,2320,2320,1450,Online,Delivery,B003
104278,03/09/2025,18:54,P017,L,2,1288,2576,920,Cash,Delivery,B002
104279,03/09/2025,14:43,P007,S,3,765,2295,510,Card,Takeaway,B003
104280,03/09/2025,16:54,P013,M,2,1302,2604,930,Online,Takeaway,B001
104281,03/09/2025,21:36,P011,L,3,1680,5040,1200,Card,Dine-in,B001
104282,04/09/2025,21:37,P011,XL,1,2100,2100,1500,Online,Delivery,B003
104283,04/09/2025,11:06,P025,S,1,1200,1200,750,Card,Dine-in,B003
104284,04/09/2025,11:49,P011,XL,3,2100,6300,1500,Card,Dine-in,B002
104285,04/09/2025,13:41,P017,L,3,1288,3864,920,Cash,Takeaway,B003
104286,04/09/2025,13:31,P002,L,3,1275,3825,850,Online,Dine-in,B002
104287,04/09/2025,18:23,P001,XL,2,1500,3000,1000,Online,Dine-in,B001
104288,04/09/2025,14:11,P013,M,1,1302,1302,930,Card,Takeaway,B001
104289,04/09/2025,18:24,P010,L,3,1290,3870,860,Card,Dine-in,B002
104290,04/09/2025,17:08,P012,M,1,1330,1330,950,Online,Takeaway,B003
104291,04/09/2025,18:46,P009,S,3,660,1980,440,Online,Takeaway,B001
104292,04/09/2025,11:07,P015,L,2,1820,3640,1300,Card,Dine-in,B003
104293,04/09/2025,14:01,P002,L,1,1275,1275,850,Online,Dine-in,B002
104294,04/09/2025,12:33,P016,S,1,420,420,300,Card,Dine-in,B002
104295,04/09/2025,15:04,P015,S,2,980,1960,700,Card,Delivery,B003
104296,04/09/2025,19:26,P016,S,1,420,420,300,Card,Takeaway,B003
104297,04/09/2025,19:14,P003,L,3,1245,3735,830,Card,Delivery,B002
104298,04/09/2025,15:58,P018,L,3,1330,3990,950,Cash,Delivery,B003
104299,05/09/2025,16:08,P003,L,2,1245,2490,830,Online,Dine-in,B002
104300,05/09/2025,11:00,P008,XL,2,1530,3060,1020,Cash,Dine-in,B002
104301,05/09/2025,18:09,P025,L,2,2160,4320,1350,Online,Takeaway,B002
104302,05/09/2025,17:34,P002,M,2,975,1950,650,Cash,Delivery,B003
104303,05/09/2025,12:15,P010,M,3,990,2970,660,Online,Delivery,B001
104304,05/09/2025,19:39,P026,S,1,1360,1360,850,Cash,Takeaway,B002
104305,05/09/2025,17:31,P024,XL,2,2480,4960,1550,Online,Takeaway,B002
104306,05/09/2025,14:47,P026,S,2,1360,2720,850,Card,Takeaway,B002
104307,05/09/2025,14:05,P002,XL,3,1575,4725,1050,Card,Dine-in,B002
104308,05/09/2025,19:21,P002,S,1,675,675,450,Card,Delivery,B002
104309,05/09/2025,15:42,P012,L,1,1750,1750,1250,Card,Dine-in,B003
104310,05/09/2025,19:17,P016,L,3,1170,3510,900,Cash,Delivery,B001
104311,05/09/2025,15:53,P017,M,2,868,1736,620,Card,Delivery,B002
104312,05/09/2025,11:45,P015,S,2,980,1960,700,Cash,Dine-in,B002
104313,05/09/2025,18:02,P008,L,1,1230,1230,820,Card,Takeaway,B003
104314,05/09/2025,11:54,P020,M,3,980,2940,700,Online,Delivery,B002
104315,05/09/2025,15:56,P025,M,2,1680,3360,1050,Cash,Delivery,B002
104316,05/09/2025,14:46,P008,L,3,1230,3690,820,Cash,Dine-in,B002
104317,06/09/2025,14:46,P007,M,2,1065,2130,710,Cash,Delivery,B001
104318,06/09/2025,17:54,P017,S,2,448,896,320,Online,Dine-in,B002
104319,06/09/2025,18:15,P005,M,3,990,2970,660,Online,Takeaway,B002
104320,06/09/2025,12:02,P004,M,2,1050,2100,700,Online,Dine-in,B003
104321,06/09/2025,12:01,P003,M,1,945,945,630,Card,Dine-in,B002
104322,06/09/2025,21:41,P009,XL,2,1560,3120,1040,Card,Delivery,B001
104323,06/09/2025,17:06,P013,L,3,1722,5166,1230,Cash,Dine-in,B002
104324,06/09/2025,16:15,P004,L,2,1350,2700,900,Online,Takeaway,B001
104325,06/09/2025,14:12,P015,L,3,1820,5460,1300,Online,Dine-in,B002
104326,06/09/2025,18:06,P022,M,3,1200,3600,750,Online,Dine-in,B002
104327,06/09/2025,20:13,P021,M,3,1040,3120,650,Online,Dine-in,B001
104328,06/09/2025,21:24,P026,M,1,1840,1840,1150,Online,Takeaway,B001
104329,06/09/2025,13:25,P025,S,2,1200,2400,750,Cash,Delivery,B002
104330,06/09/2025,21:07,P010,XL,2,1590,3180,1060,Online,Takeaway,B002
104331,06/09/2025,22:48,P011,M,1,1260,1260,900,Card,Takeaway,B003
104332,06/09/2025,12:13,P010,L,1,1290,1290,860,Cash,Dine-in,B001
104333,06/09/2025,17:25,P025,M,3,1680,5040,1050,Online,Takeaway,B002
104334,07/09/2025,14:27,P009,S,2,660,1320,440,Card,Delivery,B003
104335,07/09/2025,20:54,P017,L,3,1288,3864,920,Card,Takeaway,B003
104336,07/09/2025,13:24,P014,L,1,1792,1792,1280,Cash,Takeaway,B003
104337,07/09/2025,20:09,P003,XL,2,1545,3090,1030,Card,Delivery,B001
104338,07/09/2025,13:50,P014,S,1,952,952,680,Card,Delivery,B002
104339,07/09/2025,20:27,P019,L,1,1372,1372,980,Online,Dine-in,B003
104340,07/09/2025,14:49,P025,S,2,1200,2400,750,Cash,Delivery,B001
104341,07/09/2025,11:14,P007,XL,1,1665,1665,1110,Card,Delivery,B002
104342,07/09/2025,13:12,P004,S,2,750,1500,500,Cash,Takeaway,B003
104343,07/09/2025,16:16,P001,L,3,1200,3600,800,Cash,Dine-in,B002
104344,07/09/2025,18:10,P026,XL,3,2800,8400,1750,Cash,Takeaway,B002
104345,07/09/2025,12:29,P017,XL,1,1708,1708,1220,Card,Takeaway,B002
104346,07/09/2025,13:37,P021,XL,3,2000,6000,1250,Card,Delivery,B003
104347,07/09/2025,18:22,P011,XL,2,2100,4200,1500,Cash,Takeaway,B001
104348,07/09/2025,19:50,P007,M,2,1065,2130,710,Cash,Dine-in,B003
104349,07/09/2025,22:22,P016,M,3,780,2340,600,Card,Delivery,B001
104350,07/09/2025,11:09,P016,S,2,420,840,300,Cash,Takeaway,B002
104351,08/09/2025,22:15,P025,S,3,1200,3600,750,Online,Dine-in,B002
104352,08/09/2025,20:54,P011,L,2,1680,3360,1200,Cash,Delivery,B002
104353,08/09/2025,19:30,P022,XL,3,2160,6480,1350,Online,Delivery,B003
104354,08/09/2025,21:28,P020,M,1,980,980,700,Online,Delivery,B001
104355,08/09/2025,16:00,P011,XL,1,2100,2100,1500,Cash,Takeaway,B001
104356,08/09/2025,21:55,P022,S,2,720,1440,450,Online,Delivery,B002
104357,08/09/2025,18:55,P020,M,3,980,2940,700,Online,Delivery,B002
104358,08/09/2025,14:07,P008,M,3,930,2790,620,Online,Delivery,B001
104359,08/09/2025,19:04,P011,M,2,1260,2520,900,Cash,Takeaway,B002
104360,08/09/2025,13:33,P023,XL,3,2320,6960,1450,Cash,Dine-in,B001
104361,08/09/2025,22:57,P007,L,3,1365,4095,910,Cash,Takeaway,B001
104362,08/09/2025,12:56,P011,M,3,1260,3780,900,Online,Takeaway,B001
104363,08/09/2025,19:22,P021,L,3,1520,4560,950,Card,Delivery,B001
104364,08/09/2025,15:39,P024,L,2,2000,4000,1250,Online,Dine-in,B001
104365,08/09/2025,16:54,P023,L,1,1840,1840,1150,Cash,Delivery,B002
104366,08/09/2025,16:08,P025,L,1,2160,2160,1350,Card,Delivery,B002
104367,08/09/2025,20:34,P009,S,1,660,660,440,Online,Delivery,B001
104368,08/09/2025,13:42,P006,M,3,1020,3060,680,Card,Dine-in,B001
104369,09/09/2025,21:34,P012,L,3,1750,5250,1250,Cash,Delivery,B002
104370,09/09/2025,13:09,P005,M,2,990,1980,660,Card,Dine-in,B002
104371,09/09/2025,20:16,P021,M,2,1040,2080,650,Card,Takeaway,B003
104372,09/09/2025,22:59,P026,XL,2,2800,5600,1750,Card,Takeaway,B003
104373,09/09/2025,18:11,P007,L,1,1365,1365,910,Card,Takeaway,B002
104374,09/09/2025,11:16,P006,M,1,1020,1020,680,Card,Takeaway,B003
104375,09/09/2025,16:27,P002,L,2,1275,2550,850,Card,Dine-in,B001
104376,09/09/2025,11:58,P013,L,2,1722,3444,1230,Cash,Takeaway,B002
104377,09/09/2025,19:33,P006,XL,3,1620,4860,1080,Online,Delivery,B003
104378,09/09/2025,13:38,P007,L,2,1365,2730,910,Card,Dine-in,B001
104379,09/09/2025,16:03,P008,S,2,630,1260,420,Card,Dine-in,B002
104380,09/09/2025,12:58,P016,L,2,1170,2340,900,Online,Takeaway,B003
104381,09/09/2025,11:24,P021,L,3,1520,4560,950,Online,Delivery,B001
104382,09/09/2025,15:30,P014,XL,3,2212,6636,1580,Card,Takeaway,B001
104383,09/09/2025,11:58,P023,S,1,880,880,550,Cash,Takeaway,B001
104384,09/09/2025,14:40,P009,XL,3,1560,4680,1040,Cash,Delivery,B002
104385,09/09/2025,20:58,P002,L,3,1275,3825,850,Online,Delivery,B002
104386,10/09/2025,20:40,P001,M,3,900,2700,600,Card,Dine-in,B002
104387,10/09/2025,14:04,P005,L,2,1290,2580,860,Card,Delivery,B001
104388,10/09/2025,20:37,P010,M,2,990,1980,660,Online,Delivery,B003
104389,10/09/2025,21:13,P024,M,3,1520,4560,950,Online,Takeaway,B001
104390,10/09/2025,15:34,P018,XL,1,1750,1750,1250,Online,Dine-in,B003
104391,10/09/2025,16:29,P009,S,2,660,1320,440,Online,Takeaway,B001
104392,10/09/2025,22:52,P008,M,3,930,2790,620,Online,Dine-in,B002
104393,10/09/2025,15:04,P012,S,1,910,910,650,Online,Dine-in,B003
104394,10/09/2025,13:23,P007,S,3,765,2295,510,Card,Takeaway,B003
104395,10/09/2025,21:15,P003,L,3,1245,3735,830,Card,Takeaway,B002
104396,10/09/2025,14:17,P005,S,3,690,2070,460,Online,Dine-in,B002
104397,10/09/2025,18:18,P010,L,1,1290,1290,860,Card,Delivery,B001
104398,10/09/2025,14:13,P014,S,2,952,1904,680,Online,Dine-in,B001
104399,10/09/2025,15:29,P018,S,2,490,980,350,Card,Takeaway,B003
104400,10/09/2025,16:52,P012,M,3,1330,3990,950,Card,Takeaway,B001
104401,10/09/2025,13:09,P005,M,3,990,2970,660,Cash,Dine-in,B002
104402,10/09/2025,13:26,P016,XL,3,1560,4680,1200,Cash,Dine-in,B003
104403,10/09/2025,21:53,P010,L,1,1290,1290,860,Online,Dine-in,B001
104404,11/09/2025,20:29,P010,XL,1,1590,1590,1060,Card,Takeaway,B003
104405,11/09/2025,14:57,P025,XL,1,2640,2640,1650,Online,Takeaway,B001
104406,11/09/2025,11:43,P010,XL,1,1590,1590,1060,Cash,Delivery,B003
104407,11/09/2025,11:01,P002,XL,2,1575,3150,1050,Card,Dine-in,B002
104408,11/09/2025,20:10,P012,L,3,1750,5250,1250,Online,Dine-in,B003
104409,11/09/2025,14:26,P019,S,2,532,1064,380,Online,Takeaway,B001
104410,11/09/2025,18:58,P009,M,1,960,960,640,Card,Dine-in,B003
104411,11/09/2025,13:26,P019,S,3,532,1596,380,Online,Delivery,B003
104412,11/09/2025,16:07,P016,L,2,1170,2340,900,Online,Takeaway,B001
104413,11/09/2025,11:36,P024,L,2,2000,4000,1250,Card,Takeaway,B002
104414,11/09/2025,11:21,P009,S,1,660,660,440,Online,Takeaway,B001
104415,11/09/2025,17:36,P013,L,3,1722,5166,1230,Card,Takeaway,B001
104416,11/09/2025,11:50,P015,XL,2,2240,4480,1600,Cash,Delivery,B002
104417,11/09/2025,14:00,P006,M,3,1020,3060,680,Cash,Delivery,B002
104418,11/09/2025,21:37,P014,S,3,952,2856,680,Online,Dine-in,B002
104419,11/09/2025,11:58,P015,L,1,1820,1820,1300,Cash,Dine-in,B002
104420,11/09/2025,13:17,P007,L,2,1365,2730,910,Cash,Delivery,B002
104421,12/09/2025,15:57,P010,XL,1,1590,1590,1060,Cash,Takeaway,B001
104422,12/09/2025,19:25,P002,XL,3,1575,4725,1050,Card,Dine-in,B003
104423,12/09/2025,20:54,P008,M,2,930,1860,620,Card,Takeaway,B002
104424,12/09/2025,16:27,P026,S,2,1360,2720,850,Online,Takeaway,B001
104425,12/09/2025,14:41,P018,XL,2,1750,3500,1250,Card,Delivery,B002
104426,12/09/2025,14:31,P020,M,3,980,2940,700,Online,Takeaway,B001
104427,12/09/2025,14:02,P012,S,2,910,1820,650,Card,Takeaway,B003
104428,12/09/2025,17:08,P002,S,3,675,2025,450,Cash,Dine-in,B001
104429,12/09/2025,18:16,P001,M,3,900,2700,600,Online,Delivery,B003
104430,12/09/2025,22:28,P015,L,1,1820,1820,1300,Online,Delivery,B002
104431,12/09/2025,11:13,P022,S,2,720,1440,450,Online,Takeaway,B003
104432,12/09/2025,13:03,P022,S,3,720,2160,450,Cash,Delivery,B002
104433,12/09/2025,11:58,P019,M,2,952,1904,680,Cash,Delivery,B001
104434,12/09/2025,17:43,P022,XL,3,2160,6480,1350,Online,Dine-in,B003
104435,12/09/2025,18:16,P020,L,3,1400,4200,1000,Cash,Takeaway,B003
104436,12/09/2025,22:39,P004,S,3,750,2250,500,Card,Dine-in,B002
104437,12/09/2025,16:59,P015,L,3,1820,5460,1300,Online,Takeaway,B003
104438,13/09/2025,16:25,P024,S,1,1040,1040,650,Card,Takeaway,B003
104439,13/09/2025,15:05,P013,XL,1,2142,2142,1530,Cash,Dine-in,B002
104440,13/09/2025,22:17,P012,S,3,910,2730,650,Card,Takeaway,B003
104441,13/09/2025,21:22,P011,L,3,1680,5040,1200,Cash,Dine-in,B003
104442,13/09/2025,15:29,P008,XL,1,1530,1530,1020,Cash,Dine-in,B001
104443,13/09/2025,17:18,P003,L,2,1245,2490,830,Cash,Dine-in,B002
104444,13/09/2025,16:38,P015,XL,1,2240,2240,1600,Cash,Delivery,B002
104445,13/09/2025,22:37,P008,S,1,630,630,420,Online,Takeaway,B003
104446,13/09/2025,11:05,P019,S,1,532,532,380,Cash,Delivery,B002
104447,13/09/2025,17:22,P004,S,1,750,750,500,Cash,Dine-in,B001
104448,13/09/2025,11:34,P006,XL,2,1620,3240,1080,Card,Delivery,B001
104449,13/09/2025,16:12,P004,XL,1,1650,1650,1100,Cash,Takeaway,B001
104450,13/09/2025,13:02,P002,S,2,675,1350,450,Online,Dine-in,B001
104451,13/09/2025,19:00,P021,L,3,1520,4560,950,Cash,Delivery,B002
104452,13/09/2025,16:23,P014,L,2,1792,3584,1280,Cash,Delivery,B002
104453,13/09/2025,15:15,P025,XL,2,2640,5280,1650,Cash,Delivery,B001
104454,13/09/2025,13:55,P021,M,1,1040,1040,650,Cash,Takeaway,B001
104455,13/09/2025,13:59,P025,S,2,1200,2400,750,Cash,Dine-in,B002
104456,14/09/2025,14:06,P008,XL,2,1530,3060,1020,Card,Dine-in,B002
104457,14/09/2025,19:52,P001,S,2,600,1200,400,Cash,Dine-in,B001
104458,14/09/2025,13:37,P002,XL,1,1575,1575,1050,Card,Takeaway,B001
104459,14/09/2025,14:22,P016,XL,1,1560,1560,1200,Card,Takeaway,B003
104460,14/09/2025,20:22,P001,XL,2,1500,3000,1000,Cash,Dine-in,B003
104461,14/09/2025,20:51,P009,M,2,960,1920,640,Card,Dine-in,B003
104462,14/09/2025,13:47,P015,XL,3,2240,6720,1600,Cash,Delivery,B003
104463,14/09/2025,13:00,P019,S,3,532,1596,380,Cash,Dine-in,B002
104464,14/09/2025,15:31,P010,L,1,1290,1290,860,Card,Takeaway,B003
104465,14/09/2025,20:53,P006,S,3,720,2160,480,Online,Dine-in,B002
104466,14/09/2025,16:01,P014,XL,1,2212,2212,1580,Online,Dine-in,B001
104467,14/09/2025,11:09,P018,XL,2,1750,3500,1250,Cash,Delivery,B001
104468,14/09/2025,22:24,P012,L,3,1750,5250,1250,Card,Delivery,B002
104469,14/09/2025,21:25,P006,XL,3,1620,4860,1080,Card,Dine-in,B001
104470,14/09/2025,12:26,P012,L,1,1750,1750,1250,Cash,Dine-in,B001
104471,14/09/2025,18:29,P009,XL,1,1560,1560,1040,Cash,Dine-in,B002
104472,14/09/2025,16:18,P021,M,2,1040,2080,650,Card,Delivery,B001
104473,15/09/2025,18:25,P026,L,3,2320,6960,1450,Card,Dine-in,B002
104474,15/09/2025,17:08,P016,L,3,1170,3510,900,Card,Delivery,B001
104475,15/09/2025,16:18,P014,L,1,1792,1792,1280,Cash,Dine-in,B001
104476,15/09/2025,13:44,P015,XL,2,2240,4480,1600,Online,Dine-in,B001
104477,15/09/2025,15:32,P002,S,2,675,1350,450,Card,Takeaway,B001
104478,15/09/2025,20:04,P011,XL,3,2100,6300,1500,Cash,Takeaway,B001
104479,15/09/2025,20:12,P015,M,2,1400,2800,1000,Card,Dine-in,B002
104480,15/09/2025,17:07,P011,S,2,840,1680,600,Cash,Dine-in,B002
104481,15/09/2025,11:10,P023,XL,2,2320,4640,1450,Card,Takeaway,B001
104482,15/09/2025,16:53,P013,M,3,1302,3906,930,Online,Delivery,B003
104483,15/09/2025,11:49,P023,XL,3,2320,6960,1450,Online,Dine-in,B002
104484,15/09/2025,20:03,P007,S,2,765,1530,510,Card,Delivery,B003
104485,15/09/2025,18:38,P008,XL,3,1530,4590,1020,Card,Takeaway,B001
104486,15/09/2025,15:57,P025,XL,1,2640,2640,1650,Card,Dine-in,B002
104487,15/09/2025,18:01,P011,L,2,1680,3360,1200,Cash,Takeaway,B003
104488,15/09/2025,15:21,P005,L,2,1290,2580,860,Card,Dine-in,B003
104489,15/09/2025,14:12,P014,XL,3,2212,6636,1580,Cash,Delivery,B003
104490,15/09/2025,13:17,P020,XL,1,1820,1820,1300,Card,Delivery,B002
104491,16/09/2025,21:36,P014,S,3,952,2856,680,Online,Delivery,B003
104492,16/09/2025,21:11,P025,XL,1,2640,2640,1650,Cash,Delivery,B002
104493,16/09/2025,15:25,P004,M,3,1050,3150,700,Online,Delivery,B001
104494,16/09/2025,22:10,P005,M,1,990,990,660,Cash,Delivery,B003
104495,16/09/2025,11:03,P006,S,3,720,2160,480,Cash,Dine-in,B001
104496,16/09/2025,20:49,P018,S,3,490,1470,350,Card,Takeaway,B001
104497,16/09/2025,16:01,P002,L,3,1275,3825,850,Cash,Delivery,B002
104498,16/09/2025,14:00,P024,XL,2,2480,4960,1550,Cash,Dine-in,B001
104499,16/09/2025,12:04,P008,XL,1,1530,1530,1020,Online,Delivery,B003
104500,16/09/2025,17:41,P021,L,3,1520,4560,950,Cash,Takeaway,B003
104501,16/09/2025,22:42,P015,M,3,1400,4200,1000,Online,Takeaway,B003
104502,16/09/2025,14:56,P001,L,3,1200,3600,800,Online,Delivery,B002
104503,16/09/2025,14:31,P017,M,2,868,1736,620,Card,Takeaway,B002
104504,16/09/2025,17:51,P019,M,3,952,2856,680,Online,Delivery,B003
104505,16/09/2025,21:13,P014,L,1,1792,1792,1280,Card,Delivery,B001
104506,16/09/2025,18:25,P019,M,2,952,1904,680,Card,Delivery,B003
104507,16/09/2025,16:37,P012,M,2,1330,2660,950,Card,Takeaway,B003
104508,17/09/2025,19:30,P026,S,3,1360,4080,850,Cash,Dine-in,B003
104509,17/09/2025,14:55,P005,L,2,1290,2580,860,Card,Takeaway,B002
104510,17/09/2025,11:17,P010,XL,1,1590,1590,1060,Cash,Takeaway,B003
104511,17/09/2025,21:21,P022,S,2,720,1440,450,Online,Takeaway,B003
104512,17/09/2025,19:57,P018,M,1,910,910,650,Cash,Dine-in,B002
104513,17/09/2025,21:17,P017,L,3,1288,3864,920,Online,Dine-in,B003
104514,17/09/2025,20:36,P013,L,3,1722,5166,1230,Cash,Dine-in,B003
104515,17/09/2025,21:25,P010,S,2,690,1380,460,Cash,Takeaway,B003
104516,17/09/2025,15:14,P002,XL,2,1575,3150,1050,Online,Takeaway,B002
104517,17/09/2025,18:34,P013,XL,3,2142,6426,1530,Card,Delivery,B003
104518,17/09/2025,20:47,P021,XL,1,2000,2000,1250,Card,Takeaway,B002
104519,17/09/2025,21:14,P022,M,1,1200,1200,750,Card,Takeaway,B002
104520,17/09/2025,12:32,P021,S,1,560,560,350,Online,Takeaway,B003
104521,17/09/2025,13:38,P008,S,1,630,630,420,Online,Dine-in,B003
104522,17/09/2025,14:11,P026,S,3,1360,4080,850,Card,Takeaway,B001
104523,17/09/2025,18:39,P019,M,1,952,952,680,Online,Takeaway,B001
104524,17/09/2025,22:24,P007,XL,1,1665,1665,1110,Online,Delivery,B003
104525,18/09/2025,16:13,P005,M,2,990,1980,660,Online,Dine-in,B002
104526,18/09/2025,19:10,P008,XL,2,1530,3060,1020,Card,Takeaway,B001
104527,18/09/2025,21:20,P022,XL,2,2160,4320,1350,Online,Takeaway,B001
104528,18/09/2025,14:18,P022,XL,3,2160,6480,1350,Online,Takeaway,B001
104529,18/09/2025,16:11,P012,S,3,910,2730,650,Online,Dine-in,B002
104530,18/09/2025,14:56,P008,M,1,930,930,620,Cash,Delivery,B003
104531,18/09/2025,17:26,P005,S,3,690,2070,460,Online,Takeaway,B003
104532,18/09/2025,14:55,P012,M,2,1330,2660,950,Online,Takeaway,B002
104533,18/09/2025,17:47,P020,S,2,560,1120,400,Card,Dine-in,B001
104534,18/09/2025,22:57,P011,M,1,1260,1260,900,Card,Delivery,B002
104535,18/09/2025,19:11,P024,XL,2,2480,4960,1550,Cash,Delivery,B003
104536,18/09/2025,16:12,P008,S,2,630,1260,420,Card,Takeaway,B003
104537,18/09/2025,12:51,P003,S,3,645,1935,430,Online,Dine-in,B003
104538,18/09/2025,12:19,P014,S,3,952,2856,680,Online,Dine-in,B001
104539,18/09/2025,15:48,P001,M,2,900,1800,600,Cash,Delivery,B003
104540,18/09/2025,13:34,P014,L,3,1792,5376,1280,Cash,Delivery,B003
104541,18/09/2025,21:36,P005,XL,2,1590,3180,1060,Cash,Delivery,B001
104542,18/09/2025,20:55,P018,L,3,1330,3990,950,Online,Delivery,B002
104543,19/09/2025,14:30,P003,M,1,945,945,630,Cash,Dine-in,B002
104544,19/09/2025,15:40,P007,L,1,1365,1365,910,Card,Dine-in,B001
104545,19/09/2025,16:14,P002,XL,3,1575,4725,1050,Cash,Dine-in,B001
104546,19/09/2025,20:04,P021,S,2,560,1120,350,Online,Delivery,B003
104547,19/09/2025,16:38,P010,M,1,990,990,660,Cash,Delivery,B001
104548,19/09/2025,21:57,P005,L,3,1290,3870,860,Cash,Dine-in,B001
104549,19/09/2025,13:18,P003,S,1,645,645,430,Cash,Takeaway,B001
104550,19/09/2025,14:14,P011,L,2,1680,3360,1200,Card,Delivery,B003
104551,19/09/2025,20:53,P025,L,1,2160,2160,1350,Card,Takeaway,B003
104552,19/09/2025,19:46,P019,M,1,952,952,680,Online,Dine-in,B002
104553,19/09/2025,17:20,P004,L,3,1350,4050,900,Online,Dine-in,B003
104554,19/09/2025,13:19,P026,L,1,2320,2320,1450,Card,Takeaway,B002
104555,19/09/2025,12:46,P012,M,2,1330,2660,950,Cash,Delivery,B003
104556,19/09/2025,13:49,P010,S,2,690,1380,460,Card,Takeaway,B003
104557,19/09/2025,14:17,P020,S,3,560,1680,400,Card,Delivery,B002
104558,19/09/2025,18:18,P022,XL,3,2160,6480,1350,Online,Takeaway,B001
104559,19/09/2025,16:36,P008,M,2,930,1860,620,Cash,Delivery,B003
104560,20/09/2025,20:04,P024,L,2,2000,4000,1250,Online,Dine-in,B002
104561,20/09/2025,12:49,P025,S,3,1200,3600,750,Cash,Delivery,B003
104562,20/09/2025,18:52,P021,XL,3,2000,6000,1250,Cash,Takeaway,B002
104563,20/09/2025,17:04,P016,XL,1,1560,1560,1200,Cash,Dine-in,B001
104564,20/09/2025,15:06,P016,M,3,780,2340,600,Online,Delivery,B001
104565,20/09/2025,11:22,P001,M,2,900,1800,600,Online,Dine-in,B003
104566,20/09/2025,16:05,P006,M,1,1020,1020,680,Card,Takeaway,B001
104567,20/09/2025,17:07,P019,M,2,952,1904,680,Card,Delivery,B001
104568,20/09/2025,12:55,P025,M,2,1680,3360,1050,Online,Takeaway,B001
104569,20/09/2025,19:54,P015,M,2,1400,2800,1000,Cash,Dine-in,B001
104570,20/09/2025,12:06,P013,M,2,1302,2604,930,Card,Delivery,B003
104571,20/09/2025,19:14,P002,L,1,1275,1275,850,Cash,Delivery,B001
104572,20/09/2025,16:19,P005,L,1,1290,1290,860,Cash,Dine-in,B001
104573,20/09/2025,15:30,P005,S,3,690,2070,460,Card,Takeaway,B003
104574,20/09/2025,13:35,P005,S,3,690,2070,460,Cash,Delivery,B003
104575,20/09/2025,14:45,P015,S,2,980,1960,700,Card,Delivery,B001
104576,20/09/2025,21:40,P012,XL,1,2170,2170,1550,Card,Dine-in,B003
104577,20/09/2025,20:15,P024,S,1,1040,1040,650,Card,Dine-in,B001
104578,21/09/2025,16:22,P026,L,3,2320,6960,1450,Card,Dine-in,B002
104579,21/09/2025,13:10,P005,L,2,1290,2580,860,Card,Dine-in,B002
104580,21/09/2025,22:53,P014,M,2,1372,2744,980,Online,Takeaway,B002
104581,21/09/2025,20:54,P014,L,3,1792,5376,1280,Cash,Delivery,B003
104582,21/09/2025,12:24,P007,XL,3,1665,4995,1110,Cash,Dine-in,B003
104583,21/09/2025,13:20,P004,S,3,750,2250,500,Online,Delivery,B001
104584,21/09/2025,12:13,P024,L,3,2000,6000,1250,Cash,Delivery,B001
104585,21/09/2025,20:05,P012,M,1,1330,1330,950,Online,Dine-in,B001
104586,21/09/2025,21:29,P009,M,2,960,1920,640,Cash,Takeaway,B001
104587,21/09/2025,17:51,P024,S,1,1040,1040,650,Card,Delivery,B001
104588,21/09/2025,19:58,P021,L,3,1520,4560,950,Cash,Dine-in,B001
104589,21/09/2025,12:08,P005,XL,1,1590,1590,1060,Online,Takeaway,B001
104590,21/09/2025,11:50,P007,L,2,1365,2730,910,Card,Takeaway,B002
104591,21/09/2025,20:01,P005,XL,2,1590,3180,1060,Card,Dine-in,B002
104592,21/09/2025,20:00,P012,XL,3,2170,6510,1550,Cash,Dine-in,B002
104593,21/09/2025,19:54,P010,M,1,990,990,660,Online,Delivery,B003
104594,21/09/2025,15:26,P008,S,1,630,630,420,Online,Dine-in,B002
104595,22/09/2025,16:25,P010,L,1,1290,1290,860,Online,Dine-in,B002
104596,22/09/2025,18:32,P014,S,1,952,952,680,Card,Delivery,B002
104597,22/09/2025,20:31,P004,XL,2,1650,3300,1100,Card,Delivery,B002
104598,22/09/2025,18:33,P022,XL,2,2160,4320,1350,Online,Delivery,B003
104599,22/09/2025,17:04,P007,S,3,765,2295,510,Online,Dine-in,B003
104600,22/09/2025,12:38,P016,M,3,780,2340,600,Online,Dine-in,B003
104601,22/09/2025,17:43,P016,S,3,420,1260,300,Online,Takeaway,B001
104602,22/09/2025,13:15,P003,XL,1,1545,1545,1030,Cash,Delivery,B002
104603,22/09/2025,22:39,P026,M,2,1840,3680,1150,Online,Dine-in,B002
104604,22/09/2025,22:18,P001,XL,3,1500,4500,1000,Card,Dine-in,B002
104605,22/09/2025,19:00,P002,M,2,975,1950,650,Card,Dine-in,B002
104606,22/09/2025,20:09,P022,L,3,1680,5040,1050,Online,Delivery,B002
104607,22/09/2025,21:46,P023,M,1,1360,1360,850,Card,Delivery,B001
104608,22/09/2025,20:44,P015,L,3,1820,5460,1300,Card,Dine-in,B003
104609,22/09/2025,12:15,P017,S,2,448,896,320,Online,Dine-in,B002
104610,22/09/2025,14:05,P022,M,2,1200,2400,750,Online,Delivery,B001
104611,22/09/2025,12:35,P021,S,2,560,1120,350,Cash,Dine-in,B002
104612,23/09/2025,20:29,P008,S,2,630,1260,420,Online,Dine-in,B003
104613,23/09/2025,13:26,P012,XL,1,2170,2170,1550,Card,Dine-in,B002
104614,23/09/2025,18:58,P014,S,3,952,2856,680,Online,Takeaway,B001
104615,23/09/2025,21:11,P016,S,1,420,420,300,Online,Delivery,B003
104616,23/09/2025,12:54,P005,XL,3,1590,4770,1060,Online,Takeaway,B002
104617,23/09/2025,21:28,P010,XL,1,1590,1590,1060,Online,Dine-in,B003
104618,23/09/2025,22:10,P023,M,3,1360,4080,850,Cash,Takeaway,B002
104619,23/09/2025,20:06,P018,XL,1,1750,1750,1250,Card,Delivery,B003
104620,23/09/2025,12:45,P020,L,1,1400,1400,1000,Cash,Delivery,B002
104621,23/09/2025,22:12,P019,XL,3,1792,5376,1280,Cash,Takeaway,B002
104622,23/09/2025,16:16,P020,M,1,980,980,700,Online,Takeaway,B001
104623,23/09/2025,18:56,P025,S,2,1200,2400,750,Cash,Takeaway,B003
104624,23/09/2025,20:13,P019,L,3,1372,4116,980,Online,Dine-in,B001
104625,23/09/2025,17:16,P022,S,3,720,2160,450,Cash,Dine-in,B001
104626,23/09/2025,14:32,P013,XL,3,2142,6426,1530,Cash,Dine-in,B001
104627,23/09/2025,12:35,P010,XL,2,1590,3180,1060,Online,Takeaway,B002
104628,23/09/2025,18:18,P003,XL,2,1545,3090,1030,Cash,Dine-in,B001
104629,23/09/2025,11:45,P001,S,3,600,1800,400,Card,Dine-in,B002
104630,24/09/2025,13:46,P015,L,1,1820,1820,1300,Card,Delivery,B001
104631,24/09/2025,18:27,P026,L,1,2320,2320,1450,Online,Takeaway,B002
104632,24/09/2025,12:42,P011,L,1,1680,1680,1200,Online,Dine-in,B002
104633,24/09/2025,15:46,P008,M,3,930,2790,620,Cash,Dine-in,B002
104634,24/09/2025,17:20,P025,XL,3,2640,7920,1650,Card,Dine-in,B001
104635,24/09/2025,12:31,P005,S,1,690,690,460,Card,Takeaway,B002
104636,24/09/2025,12:49,P008,XL,2,1530,3060,1020,Online,Delivery,B001
104637,24/09/2025,22:47,P023,S,2,880,1760,550,Cash,Takeaway,B001
104638,24/09/2025,18:19,P022,M,2,1200,2400,750,Online,Delivery,B003
104639,24/09/2025,18:29,P017,XL,2,1708,3416,1220,Card,Dine-in,B001
104640,24/09/2025,16:50,P007,M,3,1065,3195,710,Cash,Dine-in,B002
104641,24/09/2025,12:35,P003,M,3,945,2835,630,Cash,Delivery,B003
104642,24/09/2025,22:45,P017,XL,2,1708,3416,1220,Card,Takeaway,B001
104643,24/09/2025,14:24,P005,S,2,690,1380,460,Online,Delivery,B002
104644,24/09/2025,15:10,P019,S,1,532,532,380,Online,Delivery,B003
104645,24/09/2025,20:46,P026,S,3,1360,4080,850,Cash,Delivery,B001
104646,24/09/2025,21:13,P004,L,3,1350,4050,900,Card,Takeaway,B003
104647,25/09/2025,11:50,P004,XL,3,1650,4950,1100,Card,Dine-in,B001
104648,25/09/2025,20:08,P016,M,1,780,780,600,Card,Delivery,B003
104649,25/09/2025,17:57,P013,S,2,882,1764,630,Cash,Dine-in,B001
104650,25/09/2025,16:30,P013,M,3,1302,3906,930,Online,Dine-in,B001
104651,25/09/2025,11:47,P006,XL,3,1620,4860,1080,Card,Dine-in,B001
104652,25/09/2025,14:47,P015,L,2,1820,3640,1300,Card,Delivery,B001
104653,25/09/2025,19:27,P015,S,1,980,980,700,Cash,Takeaway,B002
104654,25/09/2025,14:25,P026,L,3,2320,6960,1450,Card,Delivery,B001
104655,25/09/2025,17:13,P011,L,1,1680,1680,1200,Cash,Takeaway,B001
104656,25/09/2025,17:46,P012,M,2,1330,2660,950,Online,Delivery,B001
104657,25/09/2025,14:11,P003,S,1,645,645,430,Cash,Dine-in,B003
104658,25/09/2025,18:35,P016,L,3,1170,3510,900,Cash,Delivery,B003
104659,25/09/2025,11:50,P006,L,1,1320,1320,880,Cash,Delivery,B001
104660,25/09/2025,14:33,P024,L,2,2000,4000,1250,Online,Delivery,B001
104661,25/09/2025,14:39,P008,M,2,930,1860,620,Online,Dine-in,B001
104662,25/09/2025,17:20,P008,XL,1,1530,1530,1020,Cash,Delivery,B001
104663,25/09/2025,19:12,P003,S,1,645,645,430,Card,Takeaway,B002
104664,25/09/2025,21:02,P009,M,2,960,1920,640,Card,Takeaway,B003
104665,26/09/2025,11:56,P005,S,1,690,690,460,Card,Dine-in,B002
104666,26/09/2025,13:39,P023,L,1,1840,1840,1150,Card,Delivery,B003
104667,26/09/2025,21:02,P014,M,3,1372,4116,980,Online,Takeaway,B003
104668,26/09/2025,12:34,P018,S,1,490,490,350,Card,Dine-in,B002
104669,26/09/2025,11:52,P001,S,1,600,600,400,Cash,Dine-in,B001
104670,26/09/2025,15:31,P013,L,2,1722,3444,1230,Online,Delivery,B003
104671,26/09/2025,19:35,P006,S,1,720,720,480,Card,Takeaway,B002
104672,26/09/2025,14:46,P020,L,2,1400,2800,1000,Cash,Dine-in,B002
104673,26/09/2025,19:37,P010,S,2,690,1380,460,Card,Takeaway,B002
104674,26/09/2025,14:38,P019,M,2,952,1904,680,Card,Dine-in,B003
104675,26/09/2025,12:06,P021,L,1,1520,1520,950,Cash,Delivery,B003
104676,26/09/2025,19:08,P022,XL,2,2160,4320,1350,Card,Takeaway,B003
104677,26/09/2025,18:17,P011,S,3,840,2520,600,Card,Takeaway,B003
104678,26/09/2025,12:20,P009,M,1,960,960,640,Card,Dine-in,B001
104679,26/09/2025,15:35,P006,XL,2,1620,3240,1080,Card,Delivery,B001
104680,26/09/2025,15:58,P012,M,1,1330,1330,950,Card,Dine-in,B002
104681,26/09/2025,15:03,P024,XL,3,2480,7440,1550,Online,Dine-in,B003
104682,27/09/2025,21:15,P023,L,1,1840,1840,1150,Cash,Takeaway,B001
104683,27/09/2025,13:13,P016,M,3,780,2340,600,Card,Dine-in,B001
104684,27/09/2025,20:22,P011,M,3,1260,3780,900,Card,Takeaway,B002
104685,27/09/2025,18:50,P012,XL,3,2170,6510,1550,Online,Takeaway,B001
104686,27/09/2025,15:34,P016,L,2,1170,2340,900,Card,Dine-in,B001
104687,27/09/2025,19:47,P018,S,2,490,980,350,Card,Takeaway,B001
104688,27/09/2025,12:06,P009,L,3,1260,3780,840,Online,Takeaway,B001
104689,27/09/2025,16:52,P009,S,1,660,660,440,Card,Takeaway,B002
104690,27/09/2025,22:10,P005,M,3,990,2970,660,Cash,Takeaway,B001
104691,27/09/2025,22:30,P023,L,3,1840,5520,1150,Card,Delivery,B001
104692,27/09/2025,16:25,P009,XL,3,1560,4680,1040,Online,Delivery,B003
104693,27/09/2025,15:58,P011,XL,1,2100,2100,1500,Cash,Takeaway,B003
104694,27/09/2025,21:03,P014,XL,1,2212,2212,1580,Cash,Dine-in,B002
104695,27/09/2025,16:08,P011,XL,1,2100,2100,1500,Card,Dine-in,B003
104696,27/09/2025,13:20,P012,L,2,1750,3500,1250,Cash,Dine-in,B001
104697,27/09/2025,17:40,P009,L,1,1260,1260,840,Card,Takeaway,B001
104698,27/09/2025,21:15,P012,S,1,910,910,650,Cash,Takeaway,B001
104699,28/09/2025,21:05,P002,S,2,675,1350,450,Cash,Delivery,B003
104700,28/09/2025,18:47,P020,XL,3,1820,5460,1300,Online,Takeaway,B003
104701,28/09/2025,17:35,P018,S,2,490,980,350,Online,Takeaway,B001
104702,28/09/2025,20:48,P001,L,2,1200,2400,800,Cash,Dine-in,B002
104703,28/09/2025,15:23,P010,XL,3,1590,4770,1060,Cash,Dine-in,B001
104704,28/09/2025,15:13,P006,M,1,1020,1020,680,Online,Dine-in,B003
104705,28/09/2025,13:01,P009,S,3,660,1980,440,Cash,Delivery,B002
104706,28/09/2025,22:49,P012,M,3,1330,3990,950,Card,Delivery,B003
104707,28/09/2025,20:53,P011,XL,1,2100,2100,1500,Online,Takeaway,B002
104708,28/09/2025,17:05,P020,M,2,980,1960,700,Online,Dine-in,B002
104709,28/09/2025,15:52,P010,XL,3,1590,4770,1060,Online,Delivery,B003
104710,28/09/2025,15:35,P021,XL,1,2000,2000,1250,Card,Delivery,B003
104711,28/09/2025,14:51,P015,XL,2,2240,4480,1600,Cash,Takeaway,B001
104712,28/09/2025,17:09,P008,S,1,630,630,420,Online,Delivery,B002
104713,28/09/2025,20:44,P001,S,3,600,1800,400,Cash,Delivery,B002
104714,28/09/2025,21:08,P004,XL,1,1650,1650,1100,Card,Dine-in,B002
104715,28/09/2025,12:48,P019,XL,2,1792,3584,1280,Online,Dine-in,B003
104716,28/09/2025,17:50,P010,S,1,690,690,460,Online,Delivery,B003
104717,29/09/2025,20:59,P024,M,1,1520,1520,950,Online,Takeaway,B002
104718,29/09/2025,19:04,P025,XL,3,2640,7920,1650,Cash,Dine-in,B003
104719,29/09/2025,19:48,P018,XL,1,1750,1750,1250,Cash,Takeaway,B003
104720,29/09/2025,21:29,P025,L,1,2160,2160,1350,Card,Dine-in,B001
104721,29/09/2025,15:11,P018,XL,2,1750,3500,1250,Cash,Takeaway,B001
104722,29/09/2025,14:24,P025,XL,1,2640,2640,1650,Online,Delivery,B003
104723,29/09/2025,16:07,P008,M,2,930,1860,620,Cash,Delivery,B003
104724,29/09/2025,17:15,P023,L,1,1840,1840,1150,Cash,Dine-in,B001
104725,29/09/2025,21:35,P010,XL,3,1590,4770,1060,Online,Dine-in,B003
104726,29/09/2025,22:10,P025,L,3,2160,6480,1350,Online,Takeaway,B001
104727,29/09/2025,12:19,P019,S,1,532,532,380,Online,Dine-in,B002
104728,29/09/2025,18:48,P026,S,1,1360,1360,850,Cash,Takeaway,B001
104729,29/09/2025,14:05,P017,L,3,1288,3864,920,Cash,Dine-in,B003
104730,29/09/2025,21:01,P006,M,2,1020,2040,680,Card,Dine-in,B003
104731,29/09/2025,22:56,P006,S,2,720,1440,480,Cash,Dine-in,B002
104732,29/09/2025,20:23,P008,M,3,930,2790,620,Card,Dine-in,B002
104733,29/09/2025,21:36,P017,S,2,448,896,320,Card,Delivery,B003
104734,30/09/2025,17:04,P021,XL,3,2000,6000,1250,Online,Delivery,B002
104735,30/09/2025,15:02,P015,L,1,1820,1820,1300,Cash,Dine-in,B003
104736,30/09/2025,16:58,P017,M,1,868,868,620,Card,Takeaway,B001
104737,30/09/2025,14:53,P001,S,1,600,600,400,Card,Takeaway,B001
104738,30/09/2025,22:39,P025,M,1,1680,1680,1050,Cash,Takeaway,B001
104739,30/09/2025,18:53,P018,S,1,490,490,350,Cash,Dine-in,B003
104740,30/09/2025,19:10,P009,M,1,960,960,640,Online,Takeaway,B003
104741,30/09/2025,12:00,P017,XL,3,1708,5124,1220,Cash,Takeaway,B003
104742,30/09/2025,17:43,P004,M,1,1050,1050,700,Online,Takeaway,B002
104743,30/09/2025,19:12,P012,XL,3,2170,6510,1550,Card,Takeaway,B001
104744,30/09/2025,18:17,P022,M,1,1200,1200,750,Card,Delivery,B001
104745,30/09/2025,16:05,P018,XL,1,1750,1750,1250,Card,Takeaway,B003
104746,30/09/2025,11:34,P014,L,2,1792,3584,1280,Online,Takeaway,B003
104747,30/09/2025,13:37,P026,L,3,2320,6960,1450,Online,Dine-in,B002
104748,30/09/2025,15:39,P006,L,2,1320,2640,880,Online,Delivery,B001
104749,30/09/2025,18:24,P020,M,1,980,980,700,Online,Dine-in,B001
104750,30/09/2025,20:57,P021,S,1,560,560,350,Online,Takeaway,B001
104751,30/09/2025,12:20,P003,M,3,945,2835,630,Cash,Dine-in,B001
104752,01/10/2025,17:59,P015,XL,2,2240,4480,1600,Online,Takeaway,B001
104753,01/10/2025,15:27,P025,XL,2,2640,5280,1650,Cash,Delivery,B003
104754,01/10/2025,16:02,P022,S,1,720,720,450,Cash,Dine-in,B001
104755,01/10/2025,17:54,P008,S,2,630,1260,420,Online,Dine-in,B003
104756,01/10/2025,20:34,P004,L,2,1350,2700,900,Cash,Delivery,B003
104757,01/10/2025,17:48,P013,L,2,1722,3444,1230,Online,Delivery,B001
104758,01/10/2025,14:59,P010,M,3,990,2970,660,Online,Delivery,B001
104759,01/10/2025,22:28,P006,L,3,1320,3960,880,Cash,Delivery,B002
104760,01/10/2025,22:18,P025,XL,1,2640,2640,1650,Cash,Delivery,B001
104761,01/10/2025,16:12,P001,S,3,600,1800,400,Card,Takeaway,B002
104762,01/10/2025,18:46,P004,L,2,1350,2700,900,Card,Takeaway,B002
104763,01/10/2025,18:42,P007,XL,2,1665,3330,1110,Online,Takeaway,B002
104764,01/10/2025,15:14,P018,XL,3,1750,5250,1250,Online,Delivery,B002
104765,01/10/2025,16:09,P003,M,2,945,1890,630,Online,Delivery,B003
104766,01/10/2025,18:28,P021,XL,2,2000,4000,1250,Card,Delivery,B002
104767,01/10/2025,21:26,P005,M,2,990,1980,660,Online,Delivery,B003
104768,01/10/2025,13:01,P025,XL,1,2640,2640,1650,Card,Delivery,B001
104769,02/10/2025,19:01,P022,XL,1,2160,2160,1350,Online,Dine-in,B001
104770,02/10/2025,11:59,P025,S,2,1200,2400,750,Cash,Takeaway,B001
104771,02/10/2025,12:18,P020,M,1,980,980,700,Cash,Delivery,B002
104772,02/10/2025,11:54,P017,XL,2,1708,3416,1220,Card,Delivery,B003
104773,02/10/2025,19:42,P017,XL,1,1708,1708,1220,Cash,Delivery,B003
104774,02/10/2025,19:41,P005,L,3,1290,3870,860,Card,Delivery,B003
104775,02/10/2025,13:38,P017,S,2,448,896,320,Online,Dine-in,B001
104776,02/10/2025,22:08,P016,S,1,420,420,300,Card,Delivery,B002
104777,02/10/2025,12:58,P002,L,1,1275,1275,850,Cash,Delivery,B002
104778,02/10/2025,22:40,P007,XL,3,1665,4995,1110,Card,Dine-in,B003
104779,02/10/2025,22:14,P020,M,2,980,1960,700,Card,Takeaway,B001
104780,02/10/2025,14:05,P019,S,2,532,1064,380,Online,Takeaway,B002
104781,02/10/2025,16:24,P018,XL,2,1750,3500,1250,Online,Takeaway,B003
104782,02/10/2025,20:16,P009,L,3,1260,3780,840,Cash,Takeaway,B002
104783,02/10/2025,11:05,P025,M,3,1680,5040,1050,Cash,Takeaway,B001
104784,02/10/2025,15:08,P021,M,3,1040,3120,650,Cash,Takeaway,B002
104785,02/10/2025,21:35,P004,L,3,1350,4050,900,Cash,Delivery,B002
104786,03/10/2025,20:39,P012,L,2,1750,3500,1250,Card,Takeaway,B003
104787,03/10/2025,12:52,P022,S,3,720,2160,450,Cash,Takeaway,B002
104788,03/10/2025,20:17,P003,XL,1,1545,1545,1030,Cash,Dine-in,B002
104789,03/10/2025,21:18,P004,S,1,750,750,500,Card,Delivery,B002
104790,03/10/2025,19:25,P007,M,2,1065,2130,710,Online,Takeaway,B001
104791,03/10/2025,18:26,P006,XL,2,1620,3240,1080,Card,Dine-in,B003
104792,03/10/2025,21:39,P012,L,3,1750,5250,1250,Card,Delivery,B002
104793,03/10/2025,11:29,P011,M,2,1260,2520,900,Cash,Takeaway,B003
104794,03/10/2025,19:23,P003,S,3,645,1935,430,Card,Delivery,B001
104795,03/10/2025,17:00,P015,L,1,1820,1820,1300,Cash,Takeaway,B003
104796,03/10/2025,15:19,P001,M,2,900,1800,600,Online,Dine-in,B002
104797,03/10/2025,17:06,P001,S,1,600,600,400,Card,Takeaway,B003
104798,03/10/2025,21:52,P023,XL,2,2320,4640,1450,Cash,Takeaway,B002
104799,03/10/2025,14:21,P026,S,3,1360,4080,850,Card,Delivery,B001
104800,03/10/2025,13:13,P005,XL,3,1590,4770,1060,Online,Dine-in,B002
104801,03/10/2025,19:36,P016,L,2,1170,2340,900,Card,Delivery,B003
104802,03/10/2025,20:51,P003,M,1,945,945,630,Online,Takeaway,B001
104803,03/10/2025,11:20,P007,M,2,1065,2130,710,Online,Delivery,B001
104804,04/10/2025,22:55,P010,L,2,1290,2580,860,Online,Takeaway,B002
104805,04/10/2025,14:42,P018,L,3,1330,3990,950,Cash,Delivery,B001
104806,04/10/2025,12:13,P012,L,1,1750,1750,1250,Online,Dine-in,B002
104807,04/10/2025,18:37,P002,XL,3,1575,4725,1050,Card,Dine-in,B002
104808,04/10/2025,22:09,P010,M,2,990,1980,660,Online,Dine-in,B001
104809,04/10/2025,20:30,P022,XL,1,2160,2160,1350,Online,Takeaway,B002
104810,04/10/2025,13:51,P009,L,1,1260,1260,840,Card,Dine-in,B002
104811,04/10/2025,12:20,P024,M,2,1520,3040,950,Card,Takeaway,B003
104812,04/10/2025,20:24,P016,M,2,780,1560,600,Online,Dine-in,B003
104813,04/10/2025,22:30,P018,M,1,910,910,650,Card,Delivery,B001
104814,04/10/2025,20:08,P022,S,3,720,2160,450,Cash,Dine-in,B001
104815,04/10/2025,16:19,P004,M,3,1050,3150,700,Card,Takeaway,B002
104816,04/10/2025,22:16,P022,XL,3,2160,6480,1350,Cash,Delivery,B003
104817,04/10/2025,18:06,P009,XL,1,1560,1560,1040,Cash,Dine-in,B001
104818,04/10/2025,14:25,P011,L,1,1680,1680,1200,Cash,Takeaway,B003
104819,04/10/2025,17:07,P018,XL,3,1750,5250,1250,Online,Dine-in,B003
104820,04/10/2025,13:00,P006,S,1,720,720,480,Online,Takeaway,B002
104821,05/10/2025,16:12,P021,S,1,560,560,350,Online,Takeaway,B001
104822,05/10/2025,12:35,P004,XL,3,1650,4950,1100,Online,Takeaway,B003
104823,05/10/2025,12:59,P017,M,2,868,1736,620,Online,Delivery,B001
104824,05/10/2025,22:57,P021,M,1,1040,1040,650,Card,Delivery,B002
104825,05/10/2025,20:48,P004,XL,2,1650,3300,1100,Cash,Delivery,B002
104826,05/10/2025,20:48,P003,S,3,645,1935,430,Online,Dine-in,B002
104827,05/10/2025,18:44,P022,M,1,1200,1200,750,Online,Takeaway,B003
104828,05/10/2025,15:31,P016,XL,1,1560,1560,1200,Online,Dine-in,B003
104829,05/10/2025,15:55,P008,M,2,930,1860,620,Online,Dine-in,B003
104830,05/10/2025,20:25,P012,M,1,1330,1330,950,Online,Takeaway,B001
104831,05/10/2025,14:38,P012,L,3,1750,5250,1250,Card,Dine-in,B002
104832,05/10/2025,21:38,P019,S,1,532,532,380,Online,Dine-in,B001
104833,05/10/2025,15:15,P007,XL,3,1665,4995,1110,Online,Delivery,B003
104834,05/10/2025,14:32,P009,L,1,1260,1260,840,Online,Delivery,B002
104835,05/10/2025,19:20,P017,L,3,1288,3864,920,Card,Delivery,B003
104836,05/10/2025,19:52,P024,XL,2,2480,4960,1550,Cash,Takeaway,B001
104837,05/10/2025,15:45,P007,XL,3,1665,4995,1110,Card,Takeaway,B002
104838,05/10/2025,15:26,P017,S,3,448,1344,320,Cash,Dine-in,B001
104839,06/10/2025,20:24,P003,M,1,945,945,630,Cash,Dine-in,B001
104840,06/10/2025,14:52,P019,L,1,1372,1372,980,Card,Dine-in,B001
104841,06/10/2025,12:57,P009,M,2,960,1920,640,Card,Delivery,B002
104842,06/10/2025,14:04,P015,L,2,1820,3640,1300,Online,Takeaway,B002
104843,06/10/2025,22:46,P009,S,1,660,660,440,Online,Takeaway,B003
104844,06/10/2025,22:17,P006,XL,1,1620,1620,1080,Cash,Dine-in,B002
104845,06/10/2025,13:06,P016,S,1,420,420,300,Online,Delivery,B002
104846,06/10/2025,11:40,P012,S,3,910,2730,650,Card,Delivery,B001
104847,06/10/2025,16:34,P006,L,1,1320,1320,880,Cash,Dine-in,B002
104848,06/10/2025,22:03,P024,S,3,1040,3120,650,Card,Delivery,B001
104849,06/10/2025,13:44,P018,XL,2,1750,3500,1250,Cash,Takeaway,B002
104850,06/10/2025,11:10,P017,XL,2,1708,3416,1220,Cash,Takeaway,B001
104851,06/10/2025,16:38,P011,S,1,840,840,600,Online,Takeaway,B003
104852,06/10/2025,18:07,P019,L,1,1372,1372,980,Card,Dine-in,B002
104853,06/10/2025,21:58,P022,L,1,1680,1680,1050,Online,Takeaway,B003
104854,06/10/2025,20:53,P005,S,3,690,2070,460,Online,Delivery,B003
104855,06/10/2025,21:36,P023,S,2,880,1760,550,Card,Dine-in,B003
104856,07/10/2025,11:02,P018,S,2,490,980,350,Card,Takeaway,B002
104857,07/10/2025,22:48,P009,L,3,1260,3780,840,Card,Takeaway,B001
104858,07/10/2025,16:11,P001,S,3,600,1800,400,Online,Takeaway,B001
104859,07/10/2025,16:46,P016,L,3,1170,3510,900,Online,Takeaway,B001
104860,07/10/2025,13:34,P002,S,2,675,1350,450,Card,Dine-in,B002
104861,07/10/2025,12:58,P020,XL,3,1820,5460,1300,Cash,Takeaway,B001
104862,07/10/2025,15:38,P010,XL,3,1590,4770,1060,Card,Dine-in,B003
104863,07/10/2025,19:45,P013,XL,3,2142,6426,1530,Card,Takeaway,B001
104864,07/10/2025,20:44,P026,M,3,1840,5520,1150,Cash,Takeaway,B002
104865,07/10/2025,21:43,P004,L,2,1350,2700,900,Card,Takeaway,B001
104866,07/10/2025,15:21,P019,L,1,1372,1372,980,Online,Takeaway,B002
104867,07/10/2025,17:14,P017,XL,2,1708,3416,1220,Card,Takeaway,B001
104868,07/10/2025,19:37,P002,M,1,975,975,650,Card,Delivery,B003
104869,07/10/2025,12:11,P012,L,2,1750,3500,1250,Cash,Delivery,B003
104870,07/10/2025,15:59,P008,M,2,930,1860,620,Card,Takeaway,B003
104871,07/10/2025,18:33,P022,S,1,720,720,450,Card,Dine-in,B001
104872,07/10/2025,17:57,P004,XL,1,1650,1650,1100,Cash,Takeaway,B003
104873,08/10/2025,11:32,P018,S,3,490,1470,350,Card,Takeaway,B002
104874,08/10/2025,19:50,P012,L,2,1750,3500,1250,Cash,Delivery,B003
104875,08/10/2025,18:35,P011,XL,2,2100,4200,1500,Cash,Delivery,B003
104876,08/10/2025,13:33,P026,XL,2,2800,5600,1750,Cash,Delivery,B003
104877,08/10/2025,16:11,P011,S,2,840,1680,600,Online,Dine-in,B002
104878,08/10/2025,13:53,P025,M,3,1680,5040,1050,Card,Dine-in,B002
104879,08/10/2025,15:38,P016,M,3,780,2340,600,Cash,Dine-in,B001
104880,08/10/2025,12:27,P012,L,1,1750,1750,1250,Cash,Dine-in,B001
104881,08/10/2025,15:32,P024,L,3,2000,6000,1250,Card,Dine-in,B001
104882,08/10/2025,12:31,P014,M,3,1372,4116,980,Card,Takeaway,B002
104883,08/10/2025,14:31,P007,XL,3,1665,4995,1110,Card,Takeaway,B001
104884,08/10/2025,14:51,P010,M,3,990,2970,660,Card,Dine-in,B002
104885,08/10/2025,18:03,P007,XL,2,1665,3330,1110,Card,Delivery,B002
104886,08/10/2025,22:57,P003,S,1,645,645,430,Cash,Dine-in,B002
104887,08/10/2025,22:45,P013,S,1,882,882,630,Cash,Delivery,B002
104888,08/10/2025,15:22,P012,M,1,1330,1330,950,Card,Dine-in,B002
104889,08/10/2025,19:41,P006,M,2,1020,2040,680,Online,Dine-in,B003
104890,08/10/2025,16:12,P006,S,3,720,2160,480,Online,Takeaway,B002
104891,09/10/2025,20:05,P025,XL,3,2640,7920,1650,Card,Dine-in,B003
104892,09/10/2025,13:17,P017,M,2,868,1736,620,Online,Takeaway,B001
104893,09/10/2025,14:02,P003,L,1,1245,1245,830,Online,Takeaway,B002
104894,09/10/2025,12:56,P017,L,2,1288,2576,920,Card,Delivery,B003
104895,09/10/2025,22:26,P006,M,2,1020,2040,680,Cash,Delivery,B001
104896,09/10/2025,17:53,P012,M,3,1330,3990,950,Cash,Delivery,B001
104897,09/10/2025,17:05,P025,L,3,2160,6480,1350,Online,Delivery,B001
104898,09/10/2025,14:28,P023,M,1,1360,1360,850,Cash,Delivery,B001
104899,09/10/2025,16:03,P020,XL,1,1820,1820,1300,Cash,Delivery,B003
104900,09/10/2025,22:10,P001,L,3,1200,3600,800,Cash,Dine-in,B003
104901,09/10/2025,21:52,P010,S,2,690,1380,460,Card,Takeaway,B002
104902,09/10/2025,12:58,P002,XL,1,1575,1575,1050,Cash,Takeaway,B003
104903,09/10/2025,20:24,P011,M,2,1260,2520,900,Cash,Delivery,B003
104904,09/10/2025,12:59,P014,L,2,1792,3584,1280,Online,Dine-in,B003
104905,09/10/2025,11:20,P011,L,3,1680,5040,1200,Cash,Dine-in,B002
104906,09/10/2025,15:13,P009,S,1,660,660,440,Card,Dine-in,B002
104907,09/10/2025,20:34,P017,S,2,448,896,320,Online,Takeaway,B002
104908,10/10/2025,19:17,P024,M,2,1520,3040,950,Online,Dine-in,B001
104909,10/10/2025,14:23,P002,S,1,675,675,450,Online,Delivery,B001
104910,10/10/2025,11:57,P007,XL,3,1665,4995,1110,Online,Dine-in,B001
104911,10/10/2025,17:03,P016,M,2,780,1560,600,Online,Takeaway,B001
104912,10/10/2025,16:12,P016,S,1,420,420,300,Card,Takeaway,B002
104913,10/10/2025,22:40,P012,XL,1,2170,2170,1550,Card,Dine-in,B002
104914,10/10/2025,12:48,P003,L,3,1245,3735,830,Online,Dine-in,B003
104915,10/10/2025,11:18,P003,M,2,945,1890,630,Cash,Dine-in,B002
104916,10/10/2025,22:59,P026,M,3,1840,5520,1150,Cash,Dine-in,B001
104917,10/10/2025,17:24,P007,L,2,1365,2730,910,Card,Delivery,B002
104918,10/10/2025,14:33,P002,L,2,1275,2550,850,Cash,Takeaway,B003
104919,10/10/2025,14:53,P016,XL,2,1560,3120,1200,Card,Takeaway,B002
104920,10/10/2025,12:37,P022,M,1,1200,1200,750,Cash,Delivery,B002
104921,10/10/2025,16:10,P007,S,2,765,1530,510,Card,Delivery,B003
104922,10/10/2025,19:34,P019,XL,2,1792,3584,1280,Cash,Takeaway,B003
104923,10/10/2025,12:02,P011,L,1,1680,1680,1200,Cash,Dine-in,B003
104924,10/10/2025,22:43,P005,XL,3,1590,4770,1060,Card,Takeaway,B003
104925,10/10/2025,17:09,P008,M,1,930,930,620,Online,Delivery,B002
104926,11/10/2025,14:43,P025,S,2,1200,2400,750,Cash,Delivery,B002
104927,11/10/2025,11:19,P006,L,2,1320,2640,880,Online,Delivery,B001
104928,11/10/2025,20:41,P008,L,1,1230,1230,820,Card,Dine-in,B001
104929,11/10/2025,17:08,P022,S,2,720,1440,450,Online,Dine-in,B002
104930,11/10/2025,18:32,P016,L,1,1170,1170,900,Card,Dine-in,B001
104931,11/10/2025,13:34,P014,S,3,952,2856,680,Card,Delivery,B003
104932,11/10/2025,22:08,P020,L,1,1400,1400,1000,Online,Takeaway,B003
104933,11/10/2025,20:58,P009,L,2,1260,2520,840,Online,Delivery,B002
104934,11/10/2025,15:27,P021,L,1,1520,1520,950,Online,Delivery,B003
104935,11/10/2025,18:23,P006,L,1,1320,1320,880,Card,Delivery,B002
104936,11/10/2025,19:04,P025,L,1,2160,2160,1350,Card,Delivery,B003
104937,11/10/2025,14:44,P020,S,1,560,560,400,Card,Delivery,B002
104938,11/10/2025,13:22,P003,L,2,1245,2490,830,Cash,Delivery,B002
104939,11/10/2025,21:07,P011,L,3,1680,5040,1200,Card,Takeaway,B003
104940,11/10/2025,17:24,P009,L,1,1260,1260,840,Cash,Delivery,B002
104941,11/10/2025,16:46,P022,M,3,1200,3600,750,Online,Takeaway,B003
104942,11/10/2025,22:32,P026,M,2,1840,3680,1150,Card,Delivery,B002
104943,12/10/2025,11:54,P011,XL,3,2100,6300,1500,Card,Takeaway,B003
104944,12/10/2025,16:25,P014,M,2,1372,2744,980,Card,Dine-in,B002
104945,12/10/2025,17:11,P021,S,2,560,1120,350,Online,Delivery,B002
104946,12/10/2025,11:51,P021,L,3,1520,4560,950,Card,Delivery,B001
104947,12/10/2025,15:52,P017,L,1,1288,1288,920,Card,Dine-in,B001
104948,12/10/2025,21:37,P020,S,3,560,1680,400,Card,Dine-in,B001
104949,12/10/2025,18:59,P020,S,3,560,1680,400,Card,Dine-in,B003
104950,12/10/2025,19:12,P007,S,2,765,1530,510,Cash,Takeaway,B002
104951,12/10/2025,11:26,P025,M,1,1680,1680,1050,Online,Delivery,B003
104952,12/10/2025,19:48,P012,L,1,1750,1750,1250,Online,Delivery,B001
104953,12/10/2025,15:11,P026,XL,1,2800,2800,1750,Online,Takeaway,B002
104954,12/10/2025,19:47,P011,S,2,840,1680,600,Cash,Dine-in,B003
104955,12/10/2025,19:44,P014,S,1,952,952,680,Online,Dine-in,B003
104956,12/10/2025,21:50,P005,M,3,990,2970,660,Cash,Delivery,B001
104957,12/10/2025,12:50,P004,S,2,750,1500,500,Online,Delivery,B001
104958,12/10/2025,12:45,P011,L,1,1680,1680,1200,Card,Dine-in,B003
104959,12/10/2025,12:45,P007,XL,3,1665,4995,1110,Card,Takeaway,B002
104960,13/10/2025,12:11,P025,S,3,1200,3600,750,Cash,Dine-in,B002
104961,13/10/2025,20:51,P014,S,3,952,2856,680,Online,Dine-in,B003
104962,13/10/2025,11:19,P011,S,3,840,2520,600,Card,Dine-in,B002
104963,13/10/2025,13:05,P026,XL,1,2800,2800,1750,Card,Takeaway,B001
104964,13/10/2025,16:41,P008,L,1,1230,1230,820,Card,Takeaway,B003
104965,13/10/2025,13:57,P001,M,2,900,1800,600,Cash,Delivery,B002
104966,13/10/2025,17:44,P004,M,2,1050,2100,700,Card,Delivery,B003
104967,13/10/2025,22:29,P014,XL,1,2212,2212,1580,Online,Dine-in,B003
104968,13/10/2025,20:28,P021,XL,2,2000,4000,1250,Cash,Takeaway,B003
104969,13/10/2025,11:30,P014,XL,1,2212,2212,1580,Online,Takeaway,B001
104970,13/10/2025,22:47,P023,L,1,1840,1840,1150,Online,Delivery,B001
104971,13/10/2025,17:13,P020,M,1,980,980,700,Online,Takeaway,B002
104972,13/10/2025,16:23,P021,XL,1,2000,2000,1250,Online,Dine-in,B002
104973,13/10/2025,14:43,P017,L,2,1288,2576,920,Card,Dine-in,B001
104974,13/10/2025,18:13,P010,S,3,690,2070,460,Cash,Takeaway,B001
104975,13/10/2025,17:44,P007,L,3,1365,4095,910,Card,Takeaway,B002
104976,13/10/2025,13:26,P001,L,1,1200,1200,800,Online,Delivery,B002
104977,13/10/2025,17:18,P015,XL,2,2240,4480,1600,Cash,Dine-in,B002
104978,14/10/2025,20:36,P026,M,3,1840,5520,1150,Online,Delivery,B003
104979,14/10/2025,18:06,P023,L,1,1840,1840,1150,Cash,Takeaway,B003
104980,14/10/2025,16:22,P015,XL,1,2240,2240,1600,Online,Dine-in,B001
104981,14/10/2025,12:33,P023,XL,2,2320,4640,1450,Cash,Takeaway,B001
104982,14/10/2025,21:51,P021,M,1,1040,1040,650,Online,Takeaway,B001
104983,14/10/2025,22:57,P021,M,1,1040,1040,650,Online,Takeaway,B002
104984,14/10/2025,16:25,P026,L,1,2320,2320,1450,Card,Delivery,B002
104985,14/10/2025,15:13,P009,M,1,960,960,640,Cash,Takeaway,B002
104986,14/10/2025,17:38,P017,M,3,868,2604,620,Cash,Takeaway,B003
104987,14/10/2025,12:52,P019,M,3,952,2856,680,Card,Delivery,B002
104988,14/10/2025,21:45,P017,XL,2,1708,3416,1220,Online,Takeaway,B001
104989,14/10/2025,20:27,P026,S,2,1360,2720,850,Online,Takeaway,B003
104990,14/10/2025,20:27,P013,S,3,882,2646,630,Cash,Dine-in,B003
104991,14/10/2025,13:52,P023,M,1,1360,1360,850,Online,Delivery,B003
104992,14/10/2025,21:36,P013,XL,2,2142,4284,1530,Card,Delivery,B002
104993,14/10/2025,14:30,P012,XL,1,2170,2170,1550,Card,Takeaway,B003
104994,14/10/2025,13:27,P006,XL,1,1620,1620,1080,Card,Dine-in,B003
104995,15/10/2025,22:00,P001,S,1,600,600,400,Card,Takeaway,B003
104996,15/10/2025,13:28,P015,M,2,1400,2800,1000,Online,Delivery,B001
104997,15/10/2025,20:43,P012,L,3,1750,5250,1250,Card,Takeaway,B001
104998,15/10/2025,19:50,P010,L,3,1290,3870,860,Card,Takeaway,B001
104999,15/10/2025,22:50,P019,M,3,952,2856,680,Card,Delivery,B001
105000,15/10/2025,15:18,P010,S,3,690,2070,460,Card,Dine-in,B001
105001,15/10/2025,22:19,P009,XL,2,1560,3120,1040,Online,Delivery,B002
105002,15/10/2025,22:03,P012,L,2,1750,3500,1250,Card,Delivery,B003
105003,15/10/2025,14:28,P021,S,1,560,560,350,Cash,Delivery,B002
105004,15/10/2025,15:55,P025,L,1,2160,2160,1350,Card,Delivery,B002
105005,15/10/2025,12:50,P019,M,2,952,1904,680,Card,Dine-in,B001
105006,15/10/2025,14:07,P021,S,3,560,1680,350,Card,Delivery,B001
105007,15/10/2025,21:42,P021,L,3,1520,4560,950,Cash,Takeaway,B001
105008,15/10/2025,17:48,P010,XL,2,1590,3180,1060,Card,Dine-in,B003
105009,15/10/2025,18:03,P018,XL,2,1750,3500,1250,Online,Dine-in,B002
105010,15/10/2025,13:55,P022,S,2,720,1440,450,Card,Delivery,B003
105011,15/10/2025,22:02,P014,L,1,1792,1792,1280,Card,Takeaway,B002
105012,15/10/2025,17:26,P020,M,2,980,1960,700,Online,Dine-in,B001
105013,16/10/2025,14:08,P003,L,1,1245,1245,830,Cash,Delivery,B003
105014,16/10/2025,19:54,P012,XL,2,2170,4340,1550,Cash,Takeaway,B001
105015,16/10/2025,20:08,P011,XL,2,2100,4200,1500,Online,Delivery,B003
105016,16/10/2025,15:54,P011,M,3,1260,3780,900,Online,Delivery,B002
105017,16/10/2025,14:29,P003,S,3,645,1935,430,Cash,Takeaway,B002
105018,16/10/2025,14:33,P005,L,1,1290,1290,860,Online,Dine-in,B001
105019,16/10/2025,15:54,P020,M,2,980,1960,700,Online,Takeaway,B001
105020,16/10/2025,14:50,P011,L,2,1680,3360,1200,Cash,Dine-in,B003
105021,16/10/2025,11:33,P005,XL,2,1590,3180,1060,Card,Takeaway,B002
105022,16/10/2025,21:12,P011,L,3,1680,5040,1200,Online,Delivery,B001
105023,16/10/2025,14:59,P021,S,1,560,560,350,Card,Dine-in,B002
105024,16/10/2025,20:38,P026,XL,2,2800,5600,1750,Cash,Delivery,B001
105025,16/10/2025,11:01,P023,L,2,1840,3680,1150,Cash,Delivery,B002
105026,16/10/2025,18:48,P008,L,3,1230,3690,820,Card,Delivery,B001
105027,16/10/2025,12:43,P006,XL,3,1620,4860,1080,Online,Takeaway,B001
105028,16/10/2025,11:42,P005,XL,3,1590,4770,1060,Card,Dine-in,B002
105029,16/10/2025,15:15,P018,M,2,910,1820,650,Card,Dine-in,B002
105030,17/10/2025,15:08,P025,L,1,2160,2160,1350,Card,Dine-in,B003
105031,17/10/2025,19:57,P002,XL,2,1575,3150,1050,Cash,Takeaway,B003
105032,17/10/2025,17:01,P023,L,2,1840,3680,1150,Cash,Dine-in,B001
105033,17/10/2025,13:52,P019,XL,2,1792,3584,1280,Online,Takeaway,B003
105034,17/10/2025,11:06,P006,XL,2,1620,3240,1080,Card,Takeaway,B003
105035,17/10/2025,11:46,P011,S,2,840,1680,600,Cash,Delivery,B003
105036,17/10/2025,20:34,P007,XL,1,1665,1665,1110,Card,Takeaway,B003
105037,17/10/2025,21:12,P019,XL,2,1792,3584,1280,Card,Takeaway,B002
105038,17/10/2025,19:47,P012,L,3,1750,5250,1250,Card,Delivery,B002
105039,17/10/2025,17:07,P006,S,1,720,720,480,Card,Dine-in,B001
105040,17/10/2025,21:44,P022,S,1,720,720,450,Cash,Delivery,B003
105041,17/10/2025,22:37,P008,S,2,630,1260,420,Card,Dine-in,B002
105042,17/10/2025,22:58,P017,S,2,448,896,320,Card,Delivery,B003
105043,17/10/2025,16:20,P020,L,1,1400,1400,1000,Online,Dine-in,B002
105044,17/10/2025,15:43,P013,L,1,1722,1722,1230,Cash,Delivery,B002
105045,17/10/2025,22:04,P007,S,1,765,765,510,Online,Delivery,B003
105046,17/10/2025,22:47,P021,XL,1,2000,2000,1250,Cash,Dine-in,B001
105047,18/10/2025,12:02,P005,XL,3,1590,4770,1060,Cash,Dine-in,B002
105048,18/10/2025,22:12,P015,S,3,980,2940,700,Online,Delivery,B001
105049,18/10/2025,13:53,P010,L,2,1290,2580,860,Online,Delivery,B003
105050,18/10/2025,15:52,P016,S,1,420,420,300,Online,Takeaway,B001
105051,18/10/2025,18:15,P022,S,3,720,2160,450,Online,Takeaway,B003
105052,18/10/2025,18:06,P011,L,1,1680,1680,1200,Card,Takeaway,B002
105053,18/10/2025,16:52,P019,XL,1,1792,1792,1280,Online,Delivery,B002
105054,18/10/2025,18:51,P007,M,1,1065,1065,710,Online,Dine-in,B001
105055,18/10/2025,12:39,P022,XL,2,2160,4320,1350,Card,Dine-in,B002
105056,18/10/2025,12:48,P010,L,1,1290,1290,860,Card,Takeaway,B003
105057,18/10/2025,15:23,P022,L,2,1680,3360,1050,Online,Delivery,B001
105058,18/10/2025,13:59,P004,M,3,1050,3150,700,Card,Delivery,B003
105059,18/10/2025,20:29,P002,L,1,1275,1275,850,Online,Takeaway,B002
105060,18/10/2025,18:14,P011,S,3,840,2520,600,Card,Delivery,B003
105061,18/10/2025,18:01,P009,L,2,1260,2520,840,Online,Delivery,B003
105062,18/10/2025,16:24,P009,L,1,1260,1260,840,Online,Delivery,B003
105063,18/10/2025,18:51,P019,S,1,532,532,380,Cash,Takeaway,B002
105064,18/10/2025,12:49,P015,L,1,1820,1820,1300,Online,Delivery,B003
105065,19/10/2025,19:50,P008,XL,3,1530,4590,1020,Card,Takeaway,B002
105066,19/10/2025,18:01,P014,M,3,1372,4116,980,Card,Dine-in,B002
105067,19/10/2025,12:57,P001,S,1,600,600,400,Cash,Dine-in,B001
105068,19/10/2025,21:40,P025,S,2,1200,2400,750,Cash,Dine-in,B001
105069,19/10/2025,21:13,P020,S,3,560,1680,400,Cash,Takeaway,B003
105070,19/10/2025,13:19,P024,S,1,1040,1040,650,Cash,Dine-in,B002
105071,19/10/2025,14:31,P009,S,2,660,1320,440,Online,Delivery,B003
105072,19/10/2025,21:41,P001,XL,1,1500,1500,1000,Card,Delivery,B003
105073,19/10/2025,17:23,P002,S,3,675,2025,450,Online,Dine-in,B001
105074,19/10/2025,19:42,P001,S,3,600,1800,400,Card,Dine-in,B003
105075,19/10/2025,17:33,P012,S,1,910,910,650,Card,Delivery,B003
105076,19/10/2025,13:27,P026,M,2,1840,3680,1150,Card,Takeaway,B003
105077,19/10/2025,22:43,P018,M,2,910,1820,650,Card,Delivery,B003
105078,19/10/2025,14:54,P013,XL,1,2142,2142,1530,Online,Dine-in,B001
105079,19/10/2025,14:45,P009,L,3,1260,3780,840,Card,Dine-in,B001
105080,19/10/2025,19:45,P018,L,3,1330,3990,950,Card,Takeaway,B002
105081,19/10/2025,19:40,P004,S,3,750,2250,500,Online,Dine-in,B002
105082,20/10/2025,16:10,P025,L,1,2160,2160,1350,Card,Takeaway,B001
105083,20/10/2025,19:24,P016,XL,2,1560,3120,1200,Card,Takeaway,B001
105084,20/10/2025,20:44,P004,L,3,1350,4050,900,Card,Takeaway,B002
105085,20/10/2025,18:46,P010,M,1,990,990,660,Card,Takeaway,B003
105086,20/10/2025,16:22,P004,S,3,750,2250,500,Cash,Takeaway,B001
105087,20/10/2025,13:11,P005,L,3,1290,3870,860,Card,Takeaway,B003
105088,20/10/2025,14:19,P006,M,2,1020,2040,680,Online,Delivery,B002
105089,20/10/2025,13:30,P008,L,1,1230,1230,820,Cash,Takeaway,B001
105090,20/10/2025,13:09,P016,S,1,420,420,300,Cash,Dine-in,B001
105091,20/10/2025,14:17,P021,M,3,1040,3120,650,Online,Delivery,B003
105092,20/10/2025,14:05,P013,L,3,1722,5166,1230,Card,Dine-in,B002
105093,20/10/2025,21:24,P014,XL,3,2212,6636,1580,Card,Delivery,B001
105094,20/10/2025,15:52,P009,L,3,1260,3780,840,Online,Dine-in,B001
105095,20/10/2025,11:19,P023,L,1,1840,1840,1150,Cash,Delivery,B001
105096,20/10/2025,16:57,P019,S,2,532,1064,380,Card,Dine-in,B003
105097,20/10/2025,12:06,P021,XL,2,2000,4000,1250,Cash,Takeaway,B001
105098,20/10/2025,21:56,P012,M,1,1330,1330,950,Online,Delivery,B002
105099,20/10/2025,12:11,P020,L,1,1400,1400,1000,Cash,Delivery,B003
105100,21/10/2025,15:36,P025,S,3,1200,3600,750,Cash,Takeaway,B003
105101,21/10/2025,21:10,P003,XL,2,1545,3090,1030,Online,Takeaway,B001
105102,21/10/2025,20:55,P019,M,2,952,1904,680,Online,Dine-in,B002
105103,21/10/2025,16:07,P022,L,3,1680,5040,1050,Online,Delivery,B002
105104,21/10/2025,21:29,P016,S,3,420,1260,300,Cash,Delivery,B002
105105,21/10/2025,14:22,P014,L,1,1792,1792,1280,Online,Dine-in,B003
105106,21/10/2025,22:12,P020,M,3,980,2940,700,Online,Delivery,B002
105107,21/10/2025,20:58,P025,M,3,1680,5040,1050,Cash,Dine-in,B001
105108,21/10/2025,11:29,P026,M,2,1840,3680,1150,Card,Dine-in,B003
105109,21/10/2025,22:41,P004,S,3,750,2250,500,Card,Delivery,B003
105110,21/10/2025,21:17,P011,S,1,840,840,600,Cash,Dine-in,B003
105111,21/10/2025,11:10,P003,M,3,945,2835,630,Online,Takeaway,B002
105112,21/10/2025,15:35,P025,S,2,1200,2400,750,Card,Takeaway,B003
105113,21/10/2025,18:47,P006,L,1,1320,1320,880,Online,Dine-in,B002
105114,21/10/2025,22:28,P015,XL,2,2240,4480,1600,Cash,Delivery,B003
105115,21/10/2025,13:25,P003,S,1,645,645,430,Cash,Takeaway,B002
105116,21/10/2025,13:26,P012,M,2,1330,2660,950,Online,Delivery,B002
105117,22/10/2025,14:47,P023,L,1,1840,1840,1150,Cash,Dine-in,B002
105118,22/10/2025,19:37,P018,S,2,490,980,350,Online,Dine-in,B001
105119,22/10/2025,13:04,P002,XL,3,1575,4725,1050,Card,Dine-in,B002
105120,22/10/2025,20:53,P011,XL,1,2100,2100,1500,Cash,Delivery,B002
105121,22/10/2025,11:54,P006,S,1,720,720,480,Online,Takeaway,B002
105122,22/10/2025,20:59,P025,M,2,1680,3360,1050,Online,Delivery,B002
105123,22/10/2025,18:36,P021,XL,3,2000,6000,1250,Card,Takeaway,B002
105124,22/10/2025,17:36,P018,M,1,910,910,650,Card,Takeaway,B002
105125,22/10/2025,16:45,P007,S,1,765,765,510,Card,Dine-in,B002
105126,22/10/2025,13:13,P024,M,1,1520,1520,950,Online,Dine-in,B001
105127,22/10/2025,15:06,P019,S,1,532,532,380,Online,Takeaway,B001
105128,22/10/2025,13:22,P021,XL,1,2000,2000,1250,Card,Delivery,B003
105129,22/10/2025,18:53,P022,M,2,1200,2400,750,Online,Delivery,B003
105130,22/10/2025,17:44,P001,S,1,600,600,400,Cash,Takeaway,B002
105131,22/10/2025,16:18,P026,XL,1,2800,2800,1750,Online,Dine-in,B002
105132,22/10/2025,12:59,P025,L,1,2160,2160,1350,Online,Takeaway,B001
105133,22/10/2025,13:11,P001,S,3,600,1800,400,Cash,Takeaway,B003
105134,23/10/2025,19:45,P024,XL,1,2480,2480,1550,Cash,Delivery,B002
105135,23/10/2025,19:33,P008,L,3,1230,3690,820,Cash,Delivery,B001
105136,23/10/2025,13:14,P019,M,1,952,952,680,Card,Delivery,B001
105137,23/10/2025,22:42,P022,S,1,720,720,450,Online,Dine-in,B003
105138,23/10/2025,21:57,P009,XL,1,1560,1560,1040,Cash,Delivery,B002
105139,23/10/2025,16:19,P020,S,3,560,1680,400,Online,Takeaway,B001
105140,23/10/2025,13:52,P011,M,2,1260,2520,900,Card,Delivery,B002
105141,23/10/2025,15:52,P018,L,2,1330,2660,950,Online,Dine-in,B001
105142,23/10/2025,13:03,P024,L,3,2000,6000,1250,Cash,Dine-in,B001
105143,23/10/2025,15:48,P009,L,1,1260,1260,840,Card,Delivery,B001
105144,23/10/2025,15:29,P026,XL,3,2800,8400,1750,Online,Takeaway,B002
105145,23/10/2025,12:55,P018,S,1,490,490,350,Cash,Delivery,B001
105146,23/10/2025,12:32,P022,L,3,1680,5040,1050,Cash,Delivery,B001
105147,23/10/2025,21:08,P023,L,2,1840,3680,1150,Cash,Takeaway,B001
105148,23/10/2025,19:05,P008,XL,3,1530,4590,1020,Cash,Dine-in,B002
105149,23/10/2025,11:12,P010,L,1,1290,1290,860,Card,Takeaway,B002
105150,23/10/2025,20:49,P007,XL,2,1665,3330,1110,Card,Takeaway,B002
105151,23/10/2025,17:17,P024,M,2,1520,3040,950,Online,Takeaway,B001
105152,24/10/2025,14:41,P011,M,1,1260,1260,900,Card,Delivery,B003
105153,24/10/2025,14:02,P009,XL,2,1560,3120,1040,Cash,Dine-in,B003
105154,24/10/2025,22:37,P015,S,1,980,980,700,Online,Delivery,B003
105155,24/10/2025,15:20,P025,XL,1,2640,2640,1650,Cash,Takeaway,B002
105156,24/10/2025,14:19,P010,S,2,690,1380,460,Cash,Dine-in,B001
105157,24/10/2025,18:48,P014,XL,3,2212,6636,1580,Card,Dine-in,B002
105158,24/10/2025,15:32,P019,XL,3,1792,5376,1280,Cash,Delivery,B003
105159,24/10/2025,17:07,P026,L,3,2320,6960,1450,Online,Dine-in,B002
105160,24/10/2025,18:20,P011,XL,3,2100,6300,1500,Online,Takeaway,B002
105161,24/10/2025,17:16,P024,M,3,1520,4560,950,Cash,Delivery,B001
105162,24/10/2025,15:02,P022,M,3,1200,3600,750,Card,Takeaway,B001
105163,24/10/2025,12:04,P002,L,1,1275,1275,850,Online,Delivery,B002
105164,24/10/2025,22:28,P008,XL,1,1530,1530,1020,Card,Delivery,B001
105165,24/10/2025,17:02,P014,L,2,1792,3584,1280,Card,Delivery,B001
105166,24/10/2025,21:44,P020,M,3,980,2940,700,Online,Dine-in,B003
105167,24/10/2025,14:01,P011,XL,1,2100,2100,1500,Card,Delivery,B001
105168,24/10/2025,13:00,P010,S,1,690,690,460,Card,Takeaway,B002
105169,25/10/2025,12:51,P021,S,2,560,1120,350,Card,Delivery,B001
105170,25/10/2025,17:11,P013,L,1,1722,1722,1230,Cash,Takeaway,B002
105171,25/10/2025,14:57,P022,L,2,1680,3360,1050,Online,Dine-in,B003
105172,25/10/2025,22:52,P011,S,1,840,840,600,Card,Dine-in,B001
105173,25/10/2025,22:57,P009,S,2,660,1320,440,Online,Takeaway,B001
105174,25/10/2025,11:09,P019,L,3,1372,4116,980,Card,Takeaway,B002
105175,25/10/2025,19:42,P008,M,2,930,1860,620,Card,Dine-in,B003
105176,25/10/2025,18:47,P008,M,1,930,930,620,Cash,Dine-in,B002
105177,25/10/2025,15:40,P025,XL,2,2640,5280,1650,Online,Takeaway,B001
105178,25/10/2025,19:07,P002,M,1,975,975,650,Cash,Dine-in,B002
105179,25/10/2025,16:58,P026,M,1,1840,1840,1150,Online,Delivery,B002
105180,25/10/2025,16:11,P001,S,2,600,1200,400,Cash,Takeaway,B003
105181,25/10/2025,17:32,P004,M,1,1050,1050,700,Online,Takeaway,B002
105182,25/10/2025,16:53,P009,L,2,1260,2520,840,Cash,Takeaway,B003
105183,25/10/2025,14:54,P015,L,3,1820,5460,1300,Card,Delivery,B002
105184,25/10/2025,13:25,P010,S,3,690,2070,460,Online,Takeaway,B001
105185,25/10/2025,20:24,P013,L,1,1722,1722,1230,Online,Dine-in,B001
105186,25/10/2025,19:22,P008,L,3,1230,3690,820,Card,Dine-in,B001
105187,26/10/2025,14:17,P019,XL,3,1792,5376,1280,Cash,Delivery,B001
105188,26/10/2025,20:45,P007,L,3,1365,4095,910,Online,Takeaway,B001
105189,26/10/2025,13:51,P021,XL,3,2000,6000,1250,Online,Dine-in,B001
105190,26/10/2025,18:21,P010,XL,2,1590,3180,1060,Cash,Delivery,B002
105191,26/10/2025,11:40,P002,L,3,1275,3825,850,Cash,Dine-in,B001
105192,26/10/2025,19:01,P015,XL,2,2240,4480,1600,Card,Dine-in,B002
105193,26/10/2025,14:11,P021,S,3,560,1680,350,Cash,Dine-in,B002
105194,26/10/2025,11:44,P008,L,2,1230,2460,820,Cash,Delivery,B002
105195,26/10/2025,22:20,P021,XL,2,2000,4000,1250,Card,Dine-in,B002
105196,26/10/2025,20:30,P024,L,2,2000,4000,1250,Card,Takeaway,B003
105197,26/10/2025,21:22,P006,M,3,1020,3060,680,Cash,Delivery,B003
105198,26/10/2025,20:09,P018,L,3,1330,3990,950,Online,Dine-in,B003
105199,26/10/2025,11:56,P003,L,1,1245,1245,830,Card,Takeaway,B003
105200,26/10/2025,14:05,P003,M,2,945,1890,630,Online,Takeaway,B002
105201,26/10/2025,11:05,P020,L,3,1400,4200,1000,Cash,Takeaway,B001
105202,26/10/2025,20:10,P003,S,1,645,645,430,Card,Delivery,B002
105203,26/10/2025,14:00,P014,L,2,1792,3584,1280,Card,Dine-in,B002
105204,27/10/2025,12:29,P006,L,1,1320,1320,880,Online,Dine-in,B001
105205,27/10/2025,18:44,P015,L,2,1820,3640,1300,Card,Takeaway,B003
105206,27/10/2025,15:53,P008,L,3,1230,3690,820,Online,Dine-in,B003
105207,27/10/2025,13:32,P017,M,2,868,1736,620,Cash,Dine-in,B002
105208,27/10/2025,21:34,P023,M,2,1360,2720,850,Card,Takeaway,B002
105209,27/10/2025,11:05,P005,M,2,990,1980,660,Cash,Delivery,B001
105210,27/10/2025,15:26,P007,XL,3,1665,4995,1110,Cash,Delivery,B001
105211,27/10/2025,18:45,P008,M,2,930,1860,620,Cash,Delivery,B002
105212,27/10/2025,12:41,P018,L,1,1330,1330,950,Card,Dine-in,B001
105213,27/10/2025,22:13,P011,M,2,1260,2520,900,Online,Dine-in,B001
105214,27/10/2025,16:07,P023,XL,3,2320,6960,1450,Card,Takeaway,B001
105215,27/10/2025,17:11,P024,L,3,2000,6000,1250,Online,Delivery,B001
105216,27/10/2025,11:41,P013,M,1,1302,1302,930,Online,Delivery,B001
105217,27/10/2025,15:31,P001,S,2,600,1200,400,Online,Dine-in,B002
105218,27/10/2025,13:40,P007,L,3,1365,4095,910,Card,Delivery,B003
105219,27/10/2025,18:29,P024,S,2,1040,2080,650,Card,Takeaway,B002
105220,27/10/2025,21:04,P015,M,2,1400,2800,1000,Cash,Takeaway,B002
105221,28/10/2025,16:16,P022,L,3,1680,5040,1050,Card,Dine-in,B003
105222,28/10/2025,11:53,P015,M,1,1400,1400,1000,Card,Delivery,B002
105223,28/10/2025,19:01,P002,M,2,975,1950,650,Online,Delivery,B003
105224,28/10/2025,16:35,P007,XL,1,1665,1665,1110,Card,Dine-in,B002
105225,28/10/2025,14:55,P014,M,3,1372,4116,980,Online,Takeaway,B003
105226,28/10/2025,14:36,P019,M,2,952,1904,680,Cash,Delivery,B002
105227,28/10/2025,15:28,P006,S,3,720,2160,480,Cash,Takeaway,B003
105228,28/10/2025,17:25,P013,M,2,1302,2604,930,Online,Takeaway,B001
105229,28/10/2025,18:52,P010,XL,3,1590,4770,1060,Online,Dine-in,B003
105230,28/10/2025,15:37,P021,M,2,1040,2080,650,Cash,Delivery,B002
105231,28/10/2025,13:31,P014,S,3,952,2856,680,Online,Takeaway,B001
105232,28/10/2025,20:14,P025,L,3,2160,6480,1350,Card,Takeaway,B001
105233,28/10/2025,18:19,P001,M,2,900,1800,600,Card,Takeaway,B002
105234,28/10/2025,21:47,P013,L,3,1722,5166,1230,Online,Takeaway,B003
105235,28/10/2025,17:29,P012,S,1,910,910,650,Cash,Takeaway,B003
105236,28/10/2025,16:03,P004,S,1,750,750,500,Card,Delivery,B001
105237,28/10/2025,11:10,P012,M,2,1330,2660,950,Cash,Takeaway,B002
105238,28/10/2025,16:36,P005,M,3,990,2970,660,Online,Dine-in,B003
105239,29/10/2025,21:59,P019,XL,3,1792,5376,1280,Online,Delivery,B002
105240,29/10/2025,18:26,P023,M,2,1360,2720,850,Online,Delivery,B001
105241,29/10/2025,15:22,P014,M,2,1372,2744,980,Cash,Dine-in,B002
105242,29/10/2025,21:23,P006,M,2,1020,2040,680,Cash,Delivery,B002
105243,29/10/2025,11:32,P001,XL,1,1500,1500,1000,Card,Delivery,B002
105244,29/10/2025,16:24,P007,XL,1,1665,1665,1110,Cash,Delivery,B003
105245,29/10/2025,20:23,P020,S,2,560,1120,400,Cash,Dine-in,B003
105246,29/10/2025,16:26,P017,L,1,1288,1288,920,Cash,Delivery,B003
105247,29/10/2025,15:00,P021,L,1,1520,1520,950,Cash,Takeaway,B003
105248,29/10/2025,22:36,P022,L,3,1680,5040,1050,Online,Dine-in,B001
105249,29/10/2025,20:02,P022,M,1,1200,1200,750,Online,Takeaway,B001
105250,29/10/2025,14:33,P007,L,3,1365,4095,910,Cash,Delivery,B001
105251,29/10/2025,13:00,P002,M,2,975,1950,650,Cash,Takeaway,B002
105252,29/10/2025,12:59,P021,XL,3,2000,6000,1250,Online,Takeaway,B001
105253,29/10/2025,18:13,P026,M,1,1840,1840,1150,Cash,Dine-in,B002
105254,29/10/2025,22:15,P012,L,2,1750,3500,1250,Online,Dine-in,B003
105255,29/10/2025,13:22,P012,S,3,910,2730,650,Card,Takeaway,B002
105256,30/10/2025,19:27,P001,M,1,900,900,600,Cash,Delivery,B002
105257,30/10/2025,18:27,P015,XL,3,2240,6720,1600,Cash,Takeaway,B002
105258,30/10/2025,21:01,P015,S,1,980,980,700,Online,Delivery,B002
105259,30/10/2025,21:36,P004,S,3,750,2250,500,Cash,Takeaway,B003
105260,30/10/2025,18:10,P013,XL,2,2142,4284,1530,Cash,Delivery,B001
105261,30/10/2025,22:47,P023,XL,1,2320,2320,1450,Online,Delivery,B001
105262,30/10/2025,18:31,P013,M,3,1302,3906,930,Cash,Dine-in,B003
105263,30/10/2025,22:43,P023,XL,2,2320,4640,1450,Card,Takeaway,B003
105264,30/10/2025,11:16,P017,XL,1,1708,1708,1220,Cash,Dine-in,B001
105265,30/10/2025,20:47,P002,M,2,975,1950,650,Card,Dine-in,B003
105266,30/10/2025,16:34,P003,M,3,945,2835,630,Card,Takeaway,B003
105267,30/10/2025,11:25,P020,XL,3,1820,5460,1300,Online,Dine-in,B002
105268,30/10/2025,12:33,P017,S,1,448,448,320,Cash,Takeaway,B003
105269,30/10/2025,18:41,P011,S,3,840,2520,600,Card,Delivery,B002
105270,30/10/2025,19:23,P017,L,1,1288,1288,920,Online,Dine-in,B002
105271,30/10/2025,22:16,P024,M,2,1520,3040,950,Card,Dine-in,B003
105272,30/10/2025,13:23,P010,XL,1,1590,1590,1060,Online,Takeaway,B003
105273,30/10/2025,15:46,P020,M,2,980,1960,700,Online,Delivery,B001
105274,31/10/2025,17:34,P021,XL,2,2000,4000,1250,Cash,Takeaway,B003
105275,31/10/2025,14:08,P017,XL,1,1708,1708,1220,Cash,Dine-in,B003
105276,31/10/2025,18:47,P001,M,3,900,2700,600,Cash,Dine-in,B001
105277,31/10/2025,13:31,P002,M,3,975,2925,650,Cash,Dine-in,B002
105278,31/10/2025,21:03,P004,XL,2,1650,3300,1100,Card,Takeaway,B003
105279,31/10/2025,19:45,P014,M,3,1372,4116,980,Online,Delivery,B003
105280,31/10/2025,19:11,P017,M,3,868,2604,620,Online,Delivery,B003
105281,31/10/2025,21:44,P024,XL,2,2480,4960,1550,Card,Delivery,B002
105282,31/10/2025,21:40,P014,S,1,952,952,680,Cash,Delivery,B002
105283,31/10/2025,22:13,P015,L,1,1820,1820,1300,Cash,Takeaway,B002
105284,31/10/2025,16:57,P018,XL,3,1750,5250,1250,Cash,Dine-in,B002
105285,31/10/2025,21:40,P010,L,1,1290,1290,860,Online,Takeaway,B002
105286,31/10/2025,20:16,P012,XL,1,2170,2170,1550,Card,Dine-in,B001
105287,31/10/2025,20:50,P014,M,3,1372,4116,980,Cash,Dine-in,B002
105288,31/10/2025,17:56,P005,S,1,690,690,460,Card,Takeaway,B003
105289,31/10/2025,12:45,P022,S,3,720,2160,450,Online,Dine-in,B001
105290,31/10/2025,21:59,P008,M,2,930,1860,620,Card,Takeaway,B002
105291,01/11/2025,12:40,P007,M,3,1065,3195,710,Cash,Delivery,B001
105292,01/11/2025,20:18,P009,S,1,660,660,440,Online,Takeaway,B001
105293,01/11/2025,22:49,P015,L,2,1820,3640,1300,Cash,Dine-in,B001
105294,01/11/2025,13:43,P007,M,3,1065,3195,710,Cash,Delivery,B001
105295,01/11/2025,16:35,P021,M,3,1040,3120,650,Online,Dine-in,B001
105296,01/11/2025,11:04,P005,M,1,990,990,660,Online,Dine-in,B002
105297,01/11/2025,11:44,P009,L,3,1260,3780,840,Cash,Dine-in,B001
105298,01/11/2025,13:14,P010,M,1,990,990,660,Card,Takeaway,B001
105299,01/11/2025,19:55,P017,XL,3,1708,5124,1220,Online,Dine-in,B002
105300,01/11/2025,13:48,P003,M,1,945,945,630,Card,Takeaway,B001
105301,01/11/2025,18:15,P017,M,2,868,1736,620,Card,Takeaway,B001
105302,01/11/2025,15:30,P018,L,1,1330,1330,950,Card,Delivery,B001
105303,01/11/2025,21:19,P007,XL,1,1665,1665,1110,Cash,Delivery,B001
105304,01/11/2025,16:32,P007,L,2,1365,2730,910,Card,Delivery,B002
105305,01/11/2025,15:40,P010,S,1,690,690,460,Online,Delivery,B003
105306,01/11/2025,16:09,P010,L,2,1290,2580,860,Card,Takeaway,B003
105307,01/11/2025,17:59,P008,L,1,1230,1230,820,Cash,Takeaway,B002
105308,02/11/2025,15:14,P011,M,1,1260,1260,900,Card,Dine-in,B003
105309,02/11/2025,13:52,P026,XL,3,2800,8400,1750,Online,Dine-in,B003
105310,02/11/2025,17:00,P013,L,3,1722,5166,1230,Card,Dine-in,B003
105311,02/11/2025,19:37,P024,L,3,2000,6000,1250,Online,Takeaway,B002
105312,02/11/2025,15:57,P010,S,3,690,2070,460,Card,Delivery,B003
105313,02/11/2025,15:11,P002,M,3,975,2925,650,Online,Dine-in,B003
105314,02/11/2025,12:51,P002,M,3,975,2925,650,Cash,Takeaway,B003
105315,02/11/2025,16:55,P002,L,3,1275,3825,850,Online,Takeaway,B001
105316,02/11/2025,15:05,P006,M,1,1020,1020,680,Cash,Takeaway,B003
105317,02/11/2025,11:40,P019,XL,3,1792,5376,1280,Online,Dine-in,B001
105318,02/11/2025,19:14,P011,L,2,1680,3360,1200,Cash,Dine-in,B001
105319,02/11/2025,22:29,P021,S,1,560,560,350,Card,Delivery,B002
105320,02/11/2025,17:11,P021,XL,2,2000,4000,1250,Cash,Delivery,B001
105321,02/11/2025,18:10,P018,M,1,910,910,650,Cash,Takeaway,B003
105322,02/11/2025,15:14,P017,XL,3,1708,5124,1220,Card,Delivery,B001
105323,02/11/2025,21:17,P003,M,3,945,2835,630,Card,Dine-in,B002
105324,02/11/2025,18:19,P021,M,3,1040,3120,650,Online,Dine-in,B002
105325,02/11/2025,17:43,P002,M,3,975,2925,650,Cash,Delivery,B002
105326,03/11/2025,12:36,P020,M,2,980,1960,700,Online,Takeaway,B003
105327,03/11/2025,13:50,P019,L,1,1372,1372,980,Card,Dine-in,B001
105328,03/11/2025,19:41,P020,XL,3,1820,5460,1300,Card,Dine-in,B003
105329,03/11/2025,17:05,P024,L,2,2000,4000,1250,Card,Takeaway,B002
105330,03/11/2025,19:03,P023,S,2,880,1760,550,Online,Takeaway,B003
105331,03/11/2025,11:58,P002,L,3,1275,3825,850,Cash,Takeaway,B001
105332,03/11/2025,19:12,P020,XL,3,1820,5460,1300,Card,Delivery,B003
105333,03/11/2025,22:04,P007,L,2,1365,2730,910,Online,Dine-in,B001
105334,03/11/2025,20:59,P011,XL,3,2100,6300,1500,Online,Delivery,B001
105335,03/11/2025,11:41,P025,XL,2,2640,5280,1650,Cash,Delivery,B001
105336,03/11/2025,14:24,P020,L,3,1400,4200,1000,Cash,Delivery,B001
105337,03/11/2025,19:35,P026,XL,3,2800,8400,1750,Card,Dine-in,B002
105338,03/11/2025,20:05,P002,M,1,975,975,650,Cash,Takeaway,B003
105339,03/11/2025,17:00,P020,XL,3,1820,5460,1300,Online,Delivery,B001
105340,03/11/2025,14:42,P014,XL,2,2212,4424,1580,Cash,Delivery,B001
105341,03/11/2025,13:37,P022,S,1,720,720,450,Online,Dine-in,B001
105342,03/11/2025,20:35,P011,M,2,1260,2520,900,Card,Takeaway,B003
105343,04/11/2025,14:26,P022,XL,2,2160,4320,1350,Card,Takeaway,B002
105344,04/11/2025,19:58,P008,XL,1,1530,1530,1020,Online,Delivery,B003
105345,04/11/2025,12:13,P015,S,3,980,2940,700,Online,Takeaway,B002
105346,04/11/2025,18:56,P013,L,3,1722,5166,1230,Cash,Dine-in,B001
105347,04/11/2025,21:25,P023,L,1,1840,1840,1150,Card,Takeaway,B001
105348,04/11/2025,12:04,P007,XL,2,1665,3330,1110,Online,Takeaway,B002
105349,04/11/2025,16:17,P005,XL,1,1590,1590,1060,Card,Takeaway,B001
105350,04/11/2025,16:55,P022,L,3,1680,5040,1050,Online,Delivery,B003
105351,04/11/2025,18:58,P014,M,3,1372,4116,980,Online,Dine-in,B003
105352,04/11/2025,14:39,P010,S,2,690,1380,460,Online,Dine-in,B001
105353,04/11/2025,20:03,P003,XL,3,1545,4635,1030,Cash,Delivery,B002
105354,04/11/2025,19:37,P010,XL,2,1590,3180,1060,Card,Takeaway,B001
105355,04/11/2025,12:35,P019,XL,3,1792,5376,1280,Card,Dine-in,B002
105356,04/11/2025,17:08,P013,L,2,1722,3444,1230,Cash,Dine-in,B002
105357,04/11/2025,21:56,P005,S,3,690,2070,460,Card,Delivery,B001
105358,04/11/2025,18:13,P012,XL,2,2170,4340,1550,Cash,Takeaway,B003
105359,04/11/2025,18:08,P004,XL,3,1650,4950,1100,Cash,Dine-in,B001
105360,04/11/2025,22:55,P021,M,2,1040,2080,650,Cash,Takeaway,B001
105361,05/11/2025,11:50,P026,XL,1,2800,2800,1750,Online,Takeaway,B001
105362,05/11/2025,11:27,P004,XL,2,1650,3300,1100,Card,Dine-in,B001
105363,05/11/2025,14:41,P009,M,1,960,960,640,Online,Delivery,B002
105364,05/11/2025,11:05,P021,S,1,560,560,350,Card,Dine-in,B002
105365,05/11/2025,13:28,P025,M,1,1680,1680,1050,Online,Dine-in,B003
105366,05/11/2025,12:25,P015,L,2,1820,3640,1300,Online,Takeaway,B003
105367,05/11/2025,13:52,P010,L,2,1290,2580,860,Card,Delivery,B002
105368,05/11/2025,13:11,P003,M,1,945,945,630,Online,Takeaway,B002
105369,05/11/2025,20:04,P026,XL,2,2800,5600,1750,Online,Dine-in,B002
105370,05/11/2025,17:32,P010,S,3,690,2070,460,Card,Delivery,B002
105371,05/11/2025,14:50,P010,S,1,690,690,460,Online,Takeaway,B003
105372,05/11/2025,17:00,P018,L,3,1330,3990,950,Card,Delivery,B003
105373,05/11/2025,18:15,P022,M,1,1200,1200,750,Online,Dine-in,B003
105374,05/11/2025,19:19,P004,XL,2,1650,3300,1100,Cash,Dine-in,B003
105375,05/11/2025,14:27,P010,L,3,1290,3870,860,Online,Delivery,B001
105376,05/11/2025,11:26,P020,XL,2,1820,3640,1300,Card,Dine-in,B003
105377,05/11/2025,11:45,P001,L,3,1200,3600,800,Online,Delivery,B002
105378,06/11/2025,13:22,P002,XL,1,1575,1575,1050,Cash,Dine-in,B003
105379,06/11/2025,19:09,P001,XL,3,1500,4500,1000,Card,Dine-in,B003
105380,06/11/2025,19:01,P017,L,3,1288,3864,920,Cash,Takeaway,B003
105381,06/11/2025,19:35,P018,L,3,1330,3990,950,Cash,Takeaway,B002
105382,06/11/2025,19:11,P010,L,2,1290,2580,860,Cash,Takeaway,B001
105383,06/11/2025,14:16,P026,L,3,2320,6960,1450,Cash,Delivery,B003
105384,06/11/2025,11:05,P004,M,2,1050,2100,700,Cash,Dine-in,B002
105385,06/11/2025,11:54,P005,L,2,1290,2580,860,Online,Dine-in,B001
105386,06/11/2025,19:55,P018,M,2,910,1820,650,Online,Delivery,B003
105387,06/11/2025,15:29,P010,S,3,690,2070,460,Cash,Dine-in,B002
105388,06/11/2025,13:44,P007,M,3,1065,3195,710,Card,Delivery,B001
105389,06/11/2025,14:42,P025,M,2,1680,3360,1050,Online,Takeaway,B003
105390,06/11/2025,17:25,P023,M,3,1360,4080,850,Cash,Delivery,B001
105391,06/11/2025,15:49,P026,M,1,1840,1840,1150,Cash,Dine-in,B003
105392,06/11/2025,18:13,P024,M,3,1520,4560,950,Online,Takeaway,B001
105393,06/11/2025,16:24,P023,XL,2,2320,4640,1450,Online,Delivery,B002
105394,06/11/2025,21:17,P020,L,2,1400,2800,1000,Online,Delivery,B003
105395,07/11/2025,22:18,P007,S,2,765,1530,510,Card,Dine-in,B002
105396,07/11/2025,14:30,P003,M,1,945,945,630,Cash,Delivery,B002
105397,07/11/2025,20:43,P026,XL,2,2800,5600,1750,Cash,Takeaway,B002
105398,07/11/2025,21:26,P015,L,2,1820,3640,1300,Online,Delivery,B003
105399,07/11/2025,19:35,P008,XL,3,1530,4590,1020,Card,Takeaway,B001
105400,07/11/2025,22:36,P023,S,3,880,2640,550,Card,Dine-in,B003
105401,07/11/2025,14:45,P010,S,3,690,2070,460,Cash,Delivery,B001
105402,07/11/2025,13:48,P021,L,3,1520,4560,950,Online,Dine-in,B002
105403,07/11/2025,13:58,P018,L,2,1330,2660,950,Cash,Dine-in,B002
105404,07/11/2025,17:04,P015,S,2,980,1960,700,Card,Takeaway,B002
105405,07/11/2025,17:26,P011,XL,1,2100,2100,1500,Online,Takeaway,B002
105406,07/11/2025,18:49,P022,S,3,720,2160,450,Online,Takeaway,B002
105407,07/11/2025,16:48,P017,M,1,868,868,620,Card,Takeaway,B003
105408,07/11/2025,17:17,P025,S,3,1200,3600,750,Cash,Delivery,B003
105409,07/11/2025,22:33,P023,L,1,1840,1840,1150,Online,Delivery,B003
105410,07/11/2025,12:50,P008,XL,2,1530,3060,1020,Card,Takeaway,B003
105411,07/11/2025,18:01,P018,L,3,1330,3990,950,Online,Dine-in,B001
105412,07/11/2025,22:18,P010,S,1,690,690,460,Card,Dine-in,B003
105413,08/11/2025,18:01,P010,L,3,1290,3870,860,Cash,Dine-in,B001
105414,08/11/2025,14:19,P022,S,1,720,720,450,Cash,Dine-in,B002
105415,08/11/2025,22:45,P009,XL,3,1560,4680,1040,Online,Takeaway,B001
105416,08/11/2025,16:13,P001,L,2,1200,2400,800,Online,Delivery,B001
105417,08/11/2025,18:43,P003,M,2,945,1890,630,Cash,Dine-in,B001
105418,08/11/2025,15:18,P004,XL,2,1650,3300,1100,Card,Dine-in,B003
105419,08/11/2025,11:22,P018,S,2,490,980,350,Online,Takeaway,B003
105420,08/11/2025,21:16,P022,L,2,1680,3360,1050,Card,Takeaway,B003
105421,08/11/2025,16:31,P004,XL,2,1650,3300,1100,Card,Takeaway,B002
105422,08/11/2025,14:00,P005,M,2,990,1980,660,Cash,Takeaway,B001
105423,08/11/2025,14:04,P021,L,3,1520,4560,950,Card,Dine-in,B002
105424,08/11/2025,14:42,P004,M,2,1050,2100,700,Card,Takeaway,B001
105425,08/11/2025,18:44,P022,S,3,720,2160,450,Online,Delivery,B002
105426,08/11/2025,15:39,P017,M,2,868,1736,620,Online,Dine-in,B003
105427,08/11/2025,11:37,P001,S,3,600,1800,400,Card,Dine-in,B002
105428,08/11/2025,17:30,P008,L,2,1230,2460,820,Cash,Takeaway,B003
105429,08/11/2025,20:05,P009,S,2,660,1320,440,Online,Dine-in,B001
105430,09/11/2025,19:05,P012,XL,2,2170,4340,1550,Online,Delivery,B001
105431,09/11/2025,20:05,P026,S,3,1360,4080,850,Card,Dine-in,B003
105432,09/11/2025,12:34,P006,L,1,1320,1320,880,Card,Takeaway,B002
105433,09/11/2025,18:30,P018,M,2,910,1820,650,Cash,Takeaway,B001
105434,09/11/2025,12:25,P024,M,2,1520,3040,950,Cash,Delivery,B002
105435,09/11/2025,15:49,P007,M,1,1065,1065,710,Card,Delivery,B002
105436,09/11/2025,21:28,P025,L,2,2160,4320,1350,Online,Takeaway,B002
105437,09/11/2025,16:19,P002,S,2,675,1350,450,Online,Takeaway,B002
105438,09/11/2025,13:43,P021,M,3,1040,3120,650,Card,Dine-in,B003
105439,09/11/2025,22:10,P010,S,2,690,1380,460,Card,Dine-in,B001
105440,09/11/2025,15:13,P002,M,3,975,2925,650,Card,Takeaway,B003
105441,09/11/2025,17:17,P002,XL,1,1575,1575,1050,Card,Dine-in,B001
105442,09/11/2025,18:35,P016,S,3,420,1260,300,Cash,Takeaway,B001
105443,09/11/2025,13:24,P021,M,3,1040,3120,650,Card,Takeaway,B003
105444,09/11/2025,16:31,P002,XL,3,1575,4725,1050,Cash,Takeaway,B003
105445,09/11/2025,20:44,P010,S,1,690,690,460,Online,Takeaway,B003
105446,09/11/2025,21:26,P025,M,2,1680,3360,1050,Cash,Delivery,B002
105447,09/11/2025,15:04,P010,S,3,690,2070,460,Card,Takeaway,B002
105448,10/11/2025,20:28,P019,M,1,952,952,680,Card,Dine-in,B003
105449,10/11/2025,21:40,P017,XL,3,1708,5124,1220,Cash,Dine-in,B002
105450,10/11/2025,14:11,P004,M,3,1050,3150,700,Card,Delivery,B001
105451,10/11/2025,17:26,P004,XL,3,1650,4950,1100,Online,Delivery,B002
105452,10/11/2025,15:04,P006,XL,1,1620,1620,1080,Online,Takeaway,B001
105453,10/11/2025,22:25,P009,M,1,960,960,640,Cash,Dine-in,B001
105454,10/11/2025,11:34,P017,L,1,1288,1288,920,Cash,Delivery,B002
105455,10/11/2025,22:33,P025,L,2,2160,4320,1350,Card,Dine-in,B001
105456,10/11/2025,22:19,P008,XL,2,1530,3060,1020,Card,Takeaway,B003
105457,10/11/2025,16:04,P023,L,1,1840,1840,1150,Card,Dine-in,B002
105458,10/11/2025,14:03,P012,XL,2,2170,4340,1550,Card,Dine-in,B003
105459,10/11/2025,13:46,P005,XL,1,1590,1590,1060,Cash,Delivery,B002
105460,10/11/2025,11:42,P015,M,1,1400,1400,1000,Online,Dine-in,B001
105461,10/11/2025,21:16,P015,XL,2,2240,4480,1600,Card,Delivery,B003
105462,10/11/2025,11:00,P024,L,1,2000,2000,1250,Online,Dine-in,B001
105463,10/11/2025,14:24,P002,S,2,675,1350,450,Online,Delivery,B003
105464,10/11/2025,13:31,P016,XL,3,1560,4680,1200,Card,Takeaway,B003
105465,11/11/2025,22:14,P019,L,3,1372,4116,980,Card,Takeaway,B001
105466,11/11/2025,18:40,P005,XL,2,1590,3180,1060,Online,Dine-in,B001
105467,11/11/2025,16:32,P011,XL,1,2100,2100,1500,Card,Takeaway,B003
105468,11/11/2025,20:50,P016,L,2,1170,2340,900,Online,Dine-in,B001
105469,11/11/2025,21:36,P006,S,3,720,2160,480,Cash,Takeaway,B001
105470,11/11/2025,11:20,P005,S,2,690,1380,460,Online,Takeaway,B002
105471,11/11/2025,17:23,P007,L,3,1365,4095,910,Online,Dine-in,B002
105472,11/11/2025,11:40,P001,XL,1,1500,1500,1000,Card,Dine-in,B001
105473,11/11/2025,20:41,P008,XL,3,1530,4590,1020,Card,Delivery,B003
105474,11/11/2025,11:14,P010,L,1,1290,1290,860,Card,Takeaway,B002
105475,11/11/2025,14:45,P020,XL,2,1820,3640,1300,Online,Delivery,B002
105476,11/11/2025,15:19,P002,L,3,1275,3825,850,Card,Takeaway,B001
105477,11/11/2025,14:09,P013,L,2,1722,3444,1230,Cash,Delivery,B002
105478,11/11/2025,17:44,P023,S,3,880,2640,550,Card,Dine-in,B003
105479,11/11/2025,22:40,P018,M,1,910,910,650,Card,Takeaway,B003
105480,11/11/2025,15:59,P013,M,3,1302,3906,930,Cash,Takeaway,B002
105481,11/11/2025,18:27,P009,XL,1,1560,1560,1040,Cash,Takeaway,B001
105482,12/11/2025,20:07,P007,XL,2,1665,3330,1110,Card,Dine-in,B001
105483,12/11/2025,20:42,P002,L,1,1275,1275,850,Cash,Dine-in,B001
105484,12/11/2025,15:44,P021,XL,1,2000,2000,1250,Card,Delivery,B002
105485,12/11/2025,22:52,P003,M,3,945,2835,630,Online,Delivery,B002
105486,12/11/2025,12:14,P024,S,1,1040,1040,650,Cash,Delivery,B003
105487,12/11/2025,12:13,P010,S,1,690,690,460,Online,Dine-in,B003
105488,12/11/2025,16:51,P013,XL,2,2142,4284,1530,Online,Takeaway,B001
105489,12/11/2025,11:05,P008,S,1,630,630,420,Online,Delivery,B002
105490,12/11/2025,11:41,P016,L,2,1170,2340,900,Card,Delivery,B002
105491,12/11/2025,16:21,P020,L,2,1400,2800,1000,Cash,Delivery,B002
105492,12/11/2025,11:55,P011,L,2,1680,3360,1200,Cash,Takeaway,B002
105493,12/11/2025,21:06,P021,M,2,1040,2080,650,Online,Delivery,B002
105494,12/11/2025,19:55,P007,L,2,1365,2730,910,Card,Takeaway,B002
105495,12/11/2025,18:36,P019,M,1,952,952,680,Cash,Delivery,B002
105496,12/11/2025,11:01,P017,XL,1,1708,1708,1220,Card,Takeaway,B003
105497,12/11/2025,22:07,P003,M,3,945,2835,630,Cash,Dine-in,B001
105498,12/11/2025,13:18,P019,L,1,1372,1372,980,Card,Dine-in,B003
105499,12/11/2025,20:31,P003,S,1,645,645,430,Online,Delivery,B003
105500,13/11/2025,13:49,P020,XL,1,1820,1820,1300,Card,Dine-in,B001
105501,13/11/2025,22:46,P021,L,3,1520,4560,950,Online,Dine-in,B003
105502,13/11/2025,21:28,P021,M,1,1040,1040,650,Online,Dine-in,B003
105503,13/11/2025,18:39,P022,L,2,1680,3360,1050,Online,Delivery,B001
105504,13/11/2025,17:46,P010,S,2,690,1380,460,Online,Takeaway,B003
105505,13/11/2025,18:01,P022,S,2,720,1440,450,Cash,Takeaway,B003
105506,13/11/2025,22:55,P013,S,3,882,2646,630,Card,Delivery,B001
105507,13/11/2025,20:03,P016,M,3,780,2340,600,Card,Dine-in,B003
105508,13/11/2025,19:50,P024,S,1,1040,1040,650,Online,Dine-in,B003
105509,13/11/2025,13:54,P005,L,3,1290,3870,860,Cash,Delivery,B003
105510,13/11/2025,19:57,P020,S,3,560,1680,400,Card,Dine-in,B002
105511,13/11/2025,22:00,P016,XL,2,1560,3120,1200,Card,Takeaway,B001
105512,13/11/2025,18:57,P021,L,3,1520,4560,950,Cash,Takeaway,B001
105513,13/11/2025,17:19,P004,M,1,1050,1050,700,Card,Takeaway,B002
105514,13/11/2025,13:59,P016,XL,3,1560,4680,1200,Card,Takeaway,B003
105515,13/11/2025,19:43,P012,XL,2,2170,4340,1550,Cash,Takeaway,B002
105516,13/11/2025,15:40,P017,L,1,1288,1288,920,Cash,Dine-in,B001
105517,14/11/2025,19:58,P022,S,2,720,1440,450,Card,Delivery,B001
105518,14/11/2025,21:40,P004,L,1,1350,1350,900,Online,Delivery,B002
105519,14/11/2025,13:08,P025,S,1,1200,1200,750,Card,Takeaway,B002
105520,14/11/2025,18:47,P013,L,2,1722,3444,1230,Online,Delivery,B003
105521,14/11/2025,15:51,P005,XL,2,1590,3180,1060,Card,Takeaway,B002
105522,14/11/2025,15:33,P024,L,1,2000,2000,1250,Card,Delivery,B001
105523,14/11/2025,15:24,P025,S,3,1200,3600,750,Card,Dine-in,B003
105524,14/11/2025,20:26,P013,XL,2,2142,4284,1530,Online,Dine-in,B002
105525,14/11/2025,16:19,P012,XL,1,2170,2170,1550,Cash,Delivery,B002
105526,14/11/2025,17:59,P004,L,3,1350,4050,900,Card,Takeaway,B001
105527,14/11/2025,14:08,P008,S,3,630,1890,420,Cash,Delivery,B003
105528,14/11/2025,15:15,P021,XL,2,2000,4000,1250,Online,Takeaway,B002
105529,14/11/2025,18:45,P008,M,2,930,1860,620,Online,Takeaway,B001
105530,14/11/2025,15:02,P023,M,1,1360,1360,850,Online,Delivery,B002
105531,14/11/2025,21:48,P016,S,3,420,1260,300,Online,Dine-in,B003
105532,14/11/2025,19:07,P023,M,2,1360,2720,850,Cash,Delivery,B002
105533,14/11/2025,11:11,P011,S,1,840,840,600,Online,Takeaway,B003
105534,14/11/2025,20:10,P024,M,3,1520,4560,950,Online,Takeaway,B001
105535,15/11/2025,21:02,P019,L,1,1372,1372,980,Card,Delivery,B003
105536,15/11/2025,13:33,P025,M,2,1680,3360,1050,Online,Dine-in,B002
105537,15/11/2025,21:32,P022,L,1,1680,1680,1050,Online,Dine-in,B002
105538,15/11/2025,13:55,P014,S,3,952,2856,680,Online,Takeaway,B003
105539,15/11/2025,12:19,P022,M,3,1200,3600,750,Online,Takeaway,B001
105540,15/11/2025,17:32,P017,XL,2,1708,3416,1220,Cash,Takeaway,B002
105541,15/11/2025,12:01,P011,S,1,840,840,600,Card,Takeaway,B001
105542,15/11/2025,12:56,P010,S,1,690,690,460,Online,Dine-in,B001
105543,15/11/2025,18:58,P005,XL,2,1590,3180,1060,Cash,Dine-in,B002
105544,15/11/2025,14:51,P019,L,3,1372,4116,980,Card,Delivery,B001
105545,15/11/2025,14:46,P005,XL,3,1590,4770,1060,Online,Delivery,B003
105546,15/11/2025,18:12,P016,M,3,780,2340,600,Card,Delivery,B001
105547,15/11/2025,13:05,P006,S,2,720,1440,480,Card,Dine-in,B002
105548,15/11/2025,18:12,P014,S,3,952,2856,680,Card,Dine-in,B002
105549,15/11/2025,11:46,P018,M,1,910,910,650,Card,Delivery,B002
105550,15/11/2025,20:04,P010,M,1,990,990,660,Online,Delivery,B001
105551,15/11/2025,12:40,P004,S,1,750,750,500,Online,Takeaway,B002
105552,16/11/2025,19:12,P020,XL,1,1820,1820,1300,Online,Delivery,B001
105553,16/11/2025,15:15,P006,L,1,1320,1320,880,Cash,Takeaway,B001
105554,16/11/2025,18:08,P024,S,1,1040,1040,650,Card,Takeaway,B001
105555,16/11/2025,16:44,P022,M,2,1200,2400,750,Cash,Delivery,B002
105556,16/11/2025,18:12,P020,XL,2,1820,3640,1300,Cash,Delivery,B002
105557,16/11/2025,16:02,P012,S,2,910,1820,650,Card,Takeaway,B002
105558,16/11/2025,21:00,P010,S,3,690,2070,460,Online,Delivery,B001
105559,16/11/2025,14:28,P019,L,2,1372,2744,980,Card,Takeaway,B003
105560,16/11/2025,19:49,P005,L,1,1290,1290,860,Cash,Takeaway,B001
105561,16/11/2025,21:03,P025,L,3,2160,6480,1350,Cash,Dine-in,B001
105562,16/11/2025,15:49,P014,XL,3,2212,6636,1580,Card,Takeaway,B002
105563,16/11/2025,12:32,P004,S,1,750,750,500,Card,Takeaway,B001
105564,16/11/2025,15:57,P010,XL,3,1590,4770,1060,Online,Delivery,B001
105565,16/11/2025,17:48,P005,M,1,990,990,660,Card,Delivery,B003
105566,16/11/2025,15:30,P011,S,2,840,1680,600,Online,Takeaway,B003
105567,16/11/2025,18:13,P019,XL,1,1792,1792,1280,Card,Takeaway,B001
105568,16/11/2025,16:16,P008,XL,2,1530,3060,1020,Card,Delivery,B002
105569,17/11/2025,16:04,P018,L,1,1330,1330,950,Card,Dine-in,B003
105570,17/11/2025,18:33,P007,S,1,765,765,510,Online,Dine-in,B003
105571,17/11/2025,16:19,P011,S,1,840,840,600,Card,Takeaway,B003
105572,17/11/2025,16:58,P023,XL,1,2320,2320,1450,Card,Delivery,B002
105573,17/11/2025,14:48,P018,M,2,910,1820,650,Card,Dine-in,B001
105574,17/11/2025,21:31,P022,L,3,1680,5040,1050,Card,Takeaway,B003
105575,17/11/2025,17:45,P015,XL,2,2240,4480,1600,Online,Takeaway,B001
105576,17/11/2025,18:31,P007,S,2,765,1530,510,Online,Delivery,B003
105577,17/11/2025,17:24,P021,M,2,1040,2080,650,Cash,Takeaway,B001
105578,17/11/2025,22:31,P019,L,2,1372,2744,980,Online,Dine-in,B002
105579,17/11/2025,17:19,P008,XL,3,1530,4590,1020,Online,Takeaway,B002
105580,17/11/2025,22:53,P022,M,1,1200,1200,750,Cash,Dine-in,B001
105581,17/11/2025,13:47,P006,M,2,1020,2040,680,Online,Dine-in,B001
105582,17/11/2025,20:41,P010,L,1,1290,1290,860,Cash,Dine-in,B003
105583,17/11/2025,19:55,P008,M,2,930,1860,620,Card,Dine-in,B003
105584,17/11/2025,11:17,P002,XL,2,1575,3150,1050,Card,Takeaway,B001
105585,17/11/2025,17:53,P007,L,3,1365,4095,910,Online,Dine-in,B002
105586,17/11/2025,20:16,P009,XL,2,1560,3120,1040,Card,Dine-in,B001
105587,18/11/2025,11:16,P014,S,3,952,2856,680,Online,Dine-in,B003
105588,18/11/2025,18:33,P016,M,3,780,2340,600,Cash,Dine-in,B001
105589,18/11/2025,15:55,P011,L,2,1680,3360,1200,Cash,Takeaway,B002
105590,18/11/2025,12:34,P002,S,3,675,2025,450,Card,Dine-in,B002
105591,18/11/2025,17:28,P007,M,3,1065,3195,710,Cash,Takeaway,B001
105592,18/11/2025,11:28,P017,S,1,448,448,320,Online,Takeaway,B001
105593,18/11/2025,19:34,P004,M,3,1050,3150,700,Online,Dine-in,B002
105594,18/11/2025,14:26,P016,XL,3,1560,4680,1200,Card,Delivery,B001
105595,18/11/2025,13:45,P007,XL,1,1665,1665,1110,Card,Dine-in,B003
105596,18/11/2025,21:20,P014,XL,3,2212,6636,1580,Cash,Dine-in,B002
105597,18/11/2025,14:30,P014,M,3,1372,4116,980,Online,Delivery,B001
105598,18/11/2025,16:15,P004,M,1,1050,1050,700,Online,Dine-in,B001
105599,18/11/2025,20:34,P015,S,1,980,980,700,Cash,Dine-in,B003
105600,18/11/2025,22:51,P020,XL,3,1820,5460,1300,Card,Takeaway,B001
105601,18/11/2025,22:46,P010,L,3,1290,3870,860,Online,Dine-in,B003
105602,18/11/2025,16:13,P005,M,3,990,2970,660,Online,Delivery,B001
105603,18/11/2025,16:58,P020,S,2,560,1120,400,Online,Dine-in,B001
105604,19/11/2025,16:27,P025,M,3,1680,5040,1050,Card,Dine-in,B001
105605,19/11/2025,20:08,P010,S,3,690,2070,460,Online,Dine-in,B001
105606,19/11/2025,14:41,P013,S,2,882,1764,630,Cash,Dine-in,B001
105607,19/11/2025,18:21,P022,L,1,1680,1680,1050,Cash,Delivery,B001
105608,19/11/2025,22:23,P006,M,3,1020,3060,680,Cash,Dine-in,B001
105609,19/11/2025,22:42,P009,L,2,1260,2520,840,Cash,Takeaway,B003
105610,19/11/2025,19:41,P004,L,2,1350,2700,900,Online,Delivery,B003
105611,19/11/2025,22:54,P021,M,2,1040,2080,650,Card,Delivery,B003
105612,19/11/2025,11:26,P016,M,1,780,780,600,Card,Dine-in,B002
105613,19/11/2025,11:37,P021,S,1,560,560,350,Online,Delivery,B001
105614,19/11/2025,12:22,P019,S,3,532,1596,380,Cash,Delivery,B003
105615,19/11/2025,22:38,P010,L,3,1290,3870,860,Card,Takeaway,B002
105616,19/11/2025,12:09,P024,XL,1,2480,2480,1550,Card,Takeaway,B003
105617,19/11/2025,16:40,P021,M,2,1040,2080,650,Online,Takeaway,B001
105618,19/11/2025,13:30,P005,M,3,990,2970,660,Online,Takeaway,B002
105619,19/11/2025,20:09,P006,XL,1,1620,1620,1080,Cash,Dine-in,B003
105620,19/11/2025,14:14,P013,S,2,882,1764,630,Card,Takeaway,B002
105621,19/11/2025,12:47,P016,M,3,780,2340,600,Online,Delivery,B001
105622,20/11/2025,13:08,P020,M,3,980,2940,700,Cash,Takeaway,B001
105623,20/11/2025,13:39,P016,S,3,420,1260,300,Card,Takeaway,B002
105624,20/11/2025,11:00,P013,XL,2,2142,4284,1530,Online,Dine-in,B001
105625,20/11/2025,21:58,P026,M,1,1840,1840,1150,Card,Delivery,B002
105626,20/11/2025,22:40,P019,L,3,1372,4116,980,Cash,Dine-in,B001
105627,20/11/2025,12:38,P018,S,3,490,1470,350,Online,Delivery,B003
105628,20/11/2025,16:17,P023,L,2,1840,3680,1150,Cash,Takeaway,B002
105629,20/11/2025,15:57,P022,L,2,1680,3360,1050,Card,Delivery,B002
105630,20/11/2025,17:34,P022,M,3,1200,3600,750,Online,Delivery,B001
105631,20/11/2025,20:41,P013,XL,2,2142,4284,1530,Cash,Dine-in,B001
105632,20/11/2025,14:39,P021,L,3,1520,4560,950,Card,Dine-in,B003
105633,20/11/2025,19:54,P004,S,1,750,750,500,Card,Delivery,B003
105634,20/11/2025,14:17,P023,XL,3,2320,6960,1450,Card,Delivery,B002
105635,20/11/2025,16:05,P018,XL,1,1750,1750,1250,Online,Dine-in,B002
105636,20/11/2025,18:32,P021,S,3,560,1680,350,Card,Dine-in,B002
105637,20/11/2025,19:25,P003,XL,1,1545,1545,1030,Cash,Delivery,B001
105638,20/11/2025,22:44,P020,XL,3,1820,5460,1300,Cash,Delivery,B002
105639,21/11/2025,21:16,P024,M,2,1520,3040,950,Online,Delivery,B003
105640,21/11/2025,12:32,P004,XL,1,1650,1650,1100,Online,Dine-in,B001
105641,21/11/2025,16:00,P018,L,3,1330,3990,950,Online,Takeaway,B001
105642,21/11/2025,13:44,P011,S,1,840,840,600,Online,Takeaway,B002
105643,21/11/2025,11:41,P006,S,1,720,720,480,Card,Dine-in,B002
105644,21/11/2025,12:44,P024,XL,1,2480,2480,1550,Online,Delivery,B001
105645,21/11/2025,21:18,P018,S,2,490,980,350,Online,Dine-in,B001
105646,21/11/2025,13:02,P023,L,1,1840,1840,1150,Cash,Dine-in,B002
105647,21/11/2025,12:33,P004,XL,1,1650,1650,1100,Card,Dine-in,B001
105648,21/11/2025,11:31,P011,M,3,1260,3780,900,Card,Dine-in,B003
105649,21/11/2025,21:02,P015,L,2,1820,3640,1300,Cash,Dine-in,B002
105650,21/11/2025,17:42,P004,L,2,1350,2700,900,Card,Takeaway,B003
105651,21/11/2025,17:53,P003,L,2,1245,2490,830,Online,Delivery,B003
105652,21/11/2025,22:01,P026,S,3,1360,4080,850,Card,Dine-in,B002
105653,21/11/2025,14:46,P018,M,2,910,1820,650,Online,Takeaway,B003
105654,21/11/2025,20:48,P025,M,2,1680,3360,1050,Cash,Dine-in,B002
105655,21/11/2025,15:51,P016,S,2,420,840,300,Card,Takeaway,B001
105656,22/11/2025,11:19,P010,M,3,990,2970,660,Online,Delivery,B002
105657,22/11/2025,14:56,P006,S,2,720,1440,480,Cash,Dine-in,B002
105658,22/11/2025,19:15,P008,M,2,930,1860,620,Card,Takeaway,B003
105659,22/11/2025,21:44,P009,M,1,960,960,640,Cash,Delivery,B003
105660,22/11/2025,18:13,P012,L,2,1750,3500,1250,Online,Dine-in,B003
105661,22/11/2025,16:32,P021,M,1,1040,1040,650,Cash,Dine-in,B002
105662,22/11/2025,21:34,P010,S,2,690,1380,460,Online,Delivery,B001
105663,22/11/2025,18:12,P005,L,3,1290,3870,860,Cash,Dine-in,B001
105664,22/11/2025,18:52,P016,S,1,420,420,300,Online,Takeaway,B003
105665,22/11/2025,12:24,P025,S,3,1200,3600,750,Cash,Dine-in,B002
105666,22/11/2025,15:35,P015,L,2,1820,3640,1300,Online,Takeaway,B001
105667,22/11/2025,21:58,P017,S,3,448,1344,320,Card,Dine-in,B001
105668,22/11/2025,22:48,P020,M,2,980,1960,700,Card,Dine-in,B001
105669,22/11/2025,13:36,P002,L,2,1275,2550,850,Card,Dine-in,B003
105670,22/11/2025,18:27,P021,S,1,560,560,350,Online,Dine-in,B001
105671,22/11/2025,14:28,P018,S,2,490,980,350,Cash,Delivery,B002
105672,22/11/2025,19:37,P019,L,3,1372,4116,980,Cash,Takeaway,B001
105673,22/11/2025,21:03,P019,XL,2,1792,3584,1280,Online,Dine-in,B001
105674,23/11/2025,22:33,P023,L,3,1840,5520,1150,Card,Dine-in,B002
105675,23/11/2025,21:14,P019,L,3,1372,4116,980,Online,Dine-in,B003
105676,23/11/2025,15:32,P012,M,2,1330,2660,950,Card,Dine-in,B002
105677,23/11/2025,22:51,P004,L,1,1350,1350,900,Card,Delivery,B003
105678,23/11/2025,18:30,P023,S,1,880,880,550,Card,Takeaway,B003
105679,23/11/2025,11:58,P011,L,2,1680,3360,1200,Online,Delivery,B001
105680,23/11/2025,11:25,P021,S,2,560,1120,350,Card,Dine-in,B001
105681,23/11/2025,21:21,P026,S,2,1360,2720,850,Card,Takeaway,B002
105682,23/11/2025,18:58,P025,S,2,1200,2400,750,Online,Delivery,B002
105683,23/11/2025,21:01,P009,M,1,960,960,640,Card,Dine-in,B003
105684,23/11/2025,19:08,P025,L,3,2160,6480,1350,Online,Dine-in,B001
105685,23/11/2025,19:04,P026,M,3,1840,5520,1150,Cash,Takeaway,B002
105686,23/11/2025,13:58,P017,L,1,1288,1288,920,Card,Takeaway,B001
105687,23/11/2025,22:28,P022,S,3,720,2160,450,Online,Delivery,B001
105688,23/11/2025,22:06,P008,M,1,930,930,620,Card,Dine-in,B001
105689,23/11/2025,22:56,P015,XL,2,2240,4480,1600,Online,Delivery,B001
105690,23/11/2025,17:23,P021,M,3,1040,3120,650,Card,Dine-in,B001
105691,24/11/2025,19:07,P025,M,2,1680,3360,1050,Cash,Takeaway,B001
105692,24/11/2025,22:25,P011,S,2,840,1680,600,Card,Delivery,B003
105693,24/11/2025,14:01,P001,L,2,1200,2400,800,Card,Dine-in,B003
105694,24/11/2025,11:19,P008,L,2,1230,2460,820,Cash,Takeaway,B003
105695,24/11/2025,22:04,P008,S,2,630,1260,420,Cash,Takeaway,B002
105696,24/11/2025,12:08,P012,XL,3,2170,6510,1550,Card,Dine-in,B002
105697,24/11/2025,15:45,P005,M,2,990,1980,660,Cash,Delivery,B001
105698,24/11/2025,12:31,P010,XL,2,1590,3180,1060,Online,Takeaway,B003
105699,24/11/2025,15:23,P018,M,2,910,1820,650,Cash,Delivery,B001
105700,24/11/2025,18:45,P003,S,2,645,1290,430,Online,Delivery,B003
105701,24/11/2025,11:04,P024,L,3,2000,6000,1250,Card,Delivery,B002
105702,24/11/2025,16:37,P016,XL,3,1560,4680,1200,Online,Dine-in,B001
105703,24/11/2025,16:54,P003,XL,2,1545,3090,1030,Card,Delivery,B001
105704,24/11/2025,18:55,P023,XL,1,2320,2320,1450,Card,Takeaway,B001
105705,24/11/2025,19:36,P020,S,3,560,1680,400,Cash,Dine-in,B002
105706,24/11/2025,18:58,P010,XL,3,1590,4770,1060,Cash,Dine-in,B003
105707,24/11/2025,18:22,P023,L,3,1840,5520,1150,Online,Delivery,B003
105708,24/11/2025,16:58,P020,M,1,980,980,700,Cash,Takeaway,B001
105709,25/11/2025,11:31,P004,L,1,1350,1350,900,Online,Delivery,B001
105710,25/11/2025,18:10,P014,L,2,1792,3584,1280,Online,Dine-in,B002
105711,25/11/2025,22:46,P024,S,2,1040,2080,650,Online,Delivery,B003
105712,25/11/2025,13:27,P011,L,3,1680,5040,1200,Cash,Delivery,B001
105713,25/11/2025,20:13,P011,L,3,1680,5040,1200,Cash,Takeaway,B003
105714,25/11/2025,19:15,P015,L,2,1820,3640,1300,Online,Delivery,B001
105715,25/11/2025,11:47,P015,S,3,980,2940,700,Card,Dine-in,B002
105716,25/11/2025,17:23,P018,S,2,490,980,350,Cash,Dine-in,B002
105717,25/11/2025,18:11,P018,L,1,1330,1330,950,Cash,Dine-in,B001
105718,25/11/2025,13:37,P008,L,1,1230,1230,820,Cash,Delivery,B001
105719,25/11/2025,18:12,P007,XL,3,1665,4995,1110,Online,Takeaway,B002
105720,25/11/2025,13:55,P015,XL,1,2240,2240,1600,Card,Delivery,B003
105721,25/11/2025,22:57,P004,S,2,750,1500,500,Cash,Takeaway,B002
105722,25/11/2025,17:34,P023,S,1,880,880,550,Cash,Dine-in,B001
105723,25/11/2025,21:36,P011,M,2,1260,2520,900,Cash,Takeaway,B001
105724,25/11/2025,22:13,P013,XL,3,2142,6426,1530,Online,Delivery,B001
105725,25/11/2025,20:37,P011,XL,2,2100,4200,1500,Cash,Delivery,B002
105726,26/11/2025,12:53,P002,M,2,975,1950,650,Card,Delivery,B002
105727,26/11/2025,15:15,P013,L,2,1722,3444,1230,Cash,Dine-in,B003
105728,26/11/2025,14:23,P026,S,1,1360,1360,850,Card,Takeaway,B002
105729,26/11/2025,18:33,P012,S,1,910,910,650,Online,Dine-in,B002
105730,26/11/2025,19:34,P001,XL,1,1500,1500,1000,Cash,Takeaway,B002
105731,26/11/2025,14:50,P016,M,2,780,1560,600,Online,Delivery,B001
105732,26/11/2025,13:13,P011,L,3,1680,5040,1200,Online,Delivery,B001
105733,26/11/2025,11:07,P005,XL,3,1590,4770,1060,Online,Dine-in,B001
105734,26/11/2025,13:28,P017,XL,2,1708,3416,1220,Online,Takeaway,B003
105735,26/11/2025,18:37,P002,L,1,1275,1275,850,Online,Dine-in,B002
105736,26/11/2025,13:42,P012,S,3,910,2730,650,Cash,Delivery,B003
105737,26/11/2025,13:23,P024,L,1,2000,2000,1250,Online,Delivery,B001
105738,26/11/2025,12:19,P007,S,3,765,2295,510,Card,Dine-in,B003
105739,26/11/2025,15:36,P007,L,1,1365,1365,910,Cash,Dine-in,B002
105740,26/11/2025,18:04,P016,XL,1,1560,1560,1200,Online,Delivery,B001
105741,26/11/2025,20:15,P019,L,2,1372,2744,980,Cash,Dine-in,B002
105742,26/11/2025,11:37,P025,S,1,1200,1200,750,Cash,Delivery,B003
105743,27/11/2025,19:29,P013,L,1,1722,1722,1230,Card,Delivery,B001
105744,27/11/2025,16:04,P005,L,2,1290,2580,860,Card,Delivery,B003
105745,27/11/2025,14:58,P015,XL,2,2240,4480,1600,Card,Dine-in,B003
105746,27/11/2025,18:06,P023,M,1,1360,1360,850,Card,Delivery,B003
105747,27/11/2025,21:33,P025,XL,3,2640,7920,1650,Card,Takeaway,B003
105748,27/11/2025,12:13,P022,L,2,1680,3360,1050,Online,Dine-in,B002
105749,27/11/2025,13:51,P011,S,3,840,2520,600,Online,Takeaway,B002
105750,27/11/2025,13:31,P003,L,3,1245,3735,830,Card,Takeaway,B002
105751,27/11/2025,16:42,P007,S,3,765,2295,510,Online,Dine-in,B003
105752,27/11/2025,18:48,P020,M,3,980,2940,700,Cash,Takeaway,B001
105753,27/11/2025,21:34,P023,XL,2,2320,4640,1450,Online,Dine-in,B001
105754,27/11/2025,18:36,P014,M,1,1372,1372,980,Online,Dine-in,B002
105755,27/11/2025,16:59,P002,XL,2,1575,3150,1050,Card,Dine-in,B001
105756,27/11/2025,12:57,P012,S,2,910,1820,650,Cash,Takeaway,B002
105757,27/11/2025,11:50,P002,L,3,1275,3825,850,Card,Takeaway,B003
105758,27/11/2025,19:09,P019,XL,3,1792,5376,1280,Online,Delivery,B002
105759,27/11/2025,11:51,P020,XL,2,1820,3640,1300,Card,Takeaway,B003
105760,27/11/2025,14:43,P026,XL,2,2800,5600,1750,Online,Delivery,B001
105761,28/11/2025,15:06,P008,M,2,930,1860,620,Cash,Dine-in,B002
105762,28/11/2025,16:30,P001,S,1,600,600,400,Cash,Delivery,B002
105763,28/11/2025,19:12,P008,XL,2,1530,3060,1020,Cash,Takeaway,B002
105764,28/11/2025,20:39,P023,M,3,1360,4080,850,Cash,Delivery,B003
105765,28/11/2025,20:57,P015,M,1,1400,1400,1000,Card,Takeaway,B003
105766,28/11/2025,18:05,P016,M,3,780,2340,600,Online,Takeaway,B003
105767,28/11/2025,19:44,P005,XL,3,1590,4770,1060,Online,Takeaway,B001
105768,28/11/2025,17:30,P011,L,1,1680,1680,1200,Cash,Delivery,B001
105769,28/11/2025,15:34,P011,XL,1,2100,2100,1500,Card,Dine-in,B003
105770,28/11/2025,20:10,P020,S,3,560,1680,400,Card,Delivery,B001
105771,28/11/2025,20:03,P007,S,2,765,1530,510,Card,Delivery,B001
105772,28/11/2025,11:29,P013,L,3,1722,5166,1230,Online,Dine-in,B003
105773,28/11/2025,17:16,P005,XL,1,1590,1590,1060,Card,Delivery,B001
105774,28/11/2025,17:52,P015,L,1,1820,1820,1300,Cash,Takeaway,B002
105775,28/11/2025,13:59,P007,S,3,765,2295,510,Card,Dine-in,B001
105776,28/11/2025,15:49,P004,L,3,1350,4050,900,Card,Delivery,B003
105777,28/11/2025,13:43,P022,L,3,1680,5040,1050,Card,Takeaway,B003
105778,29/11/2025,16:24,P008,S,1,630,630,420,Card,Delivery,B003
105779,29/11/2025,20:22,P018,XL,3,1750,5250,1250,Online,Dine-in,B002
105780,29/11/2025,17:34,P003,L,1,1245,1245,830,Online,Delivery,B002
105781,29/11/2025,20:42,P021,XL,3,2000,6000,1250,Online,Dine-in,B003
105782,29/11/2025,17:51,P017,L,2,1288,2576,920,Cash,Dine-in,B003
105783,29/11/2025,11:38,P004,XL,2,1650,3300,1100,Card,Dine-in,B001
105784,29/11/2025,13:24,P026,L,1,2320,2320,1450,Cash,Dine-in,B001
105785,29/11/2025,21:41,P025,L,1,2160,2160,1350,Online,Takeaway,B001
105786,29/11/2025,15:22,P015,XL,2,2240,4480,1600,Card,Dine-in,B001
105787,29/11/2025,16:12,P015,S,3,980,2940,700,Card,Delivery,B003
105788,29/11/2025,17:45,P012,L,3,1750,5250,1250,Card,Takeaway,B002
105789,29/11/2025,11:16,P010,XL,1,1590,1590,1060,Cash,Delivery,B001
105790,29/11/2025,16:05,P010,L,1,1290,1290,860,Online,Delivery,B002
105791,29/11/2025,22:41,P016,M,1,780,780,600,Online,Takeaway,B003
105792,29/11/2025,12:17,P023,M,3,1360,4080,850,Online,Takeaway,B001
105793,29/11/2025,13:30,P019,S,2,532,1064,380,Online,Dine-in,B001
105794,29/11/2025,12:00,P002,S,1,675,675,450,Online,Takeaway,B001
105795,29/11/2025,21:14,P011,L,1,1680,1680,1200,Card,Delivery,B003
105796,30/11/2025,13:45,P014,S,2,952,1904,680,Card,Delivery,B002
105797,30/11/2025,15:15,P023,L,1,1840,1840,1150,Online,Takeaway,B001
105798,30/11/2025,21:54,P013,M,2,1302,2604,930,Online,Dine-in,B001
105799,30/11/2025,17:37,P020,M,1,980,980,700,Online,Delivery,B001
105800,30/11/2025,16:54,P005,XL,2,1590,3180,1060,Cash,Delivery,B003
105801,30/11/2025,16:54,P003,M,2,945,1890,630,Cash,Dine-in,B003
105802,30/11/2025,16:41,P016,L,1,1170,1170,900,Card,Takeaway,B001
105803,30/11/2025,21:41,P009,S,3,660,1980,440,Cash,Dine-in,B001
105804,30/11/2025,15:07,P010,XL,3,1590,4770,1060,Card,Delivery,B002
105805,30/11/2025,18:10,P014,S,3,952,2856,680,Cash,Delivery,B003
105806,30/11/2025,22:11,P002,M,3,975,2925,650,Card,Delivery,B002
105807,30/11/2025,18:25,P001,S,3,600,1800,400,Cash,Takeaway,B002
105808,30/11/2025,18:59,P021,XL,1,2000,2000,1250,Online,Dine-in,B001
105809,30/11/2025,12:37,P009,L,2,1260,2520,840,Cash,Dine-in,B002
105810,30/11/2025,17:38,P005,S,2,690,1380,460,Online,Delivery,B002
105811,30/11/2025,14:27,P008,M,1,930,930,620,Online,Dine-in,B002
105812,30/11/2025,15:15,P004,XL,3,1650,4950,1100,Online,Takeaway,B001
105813,01/12/2025,17:43,P025,M,3,1680,5040,1050,Cash,Takeaway,B002
105814,01/12/2025,18:01,P018,XL,2,1750,3500,1250,Card,Dine-in,B003
105815,01/12/2025,18:22,P003,XL,1,1545,1545,1030,Online,Dine-in,B002
105816,01/12/2025,15:30,P024,XL,1,2480,2480,1550,Card,Dine-in,B003
105817,01/12/2025,19:38,P019,XL,2,1792,3584,1280,Card,Dine-in,B003
105818,01/12/2025,19:55,P011,XL,2,2100,4200,1500,Cash,Dine-in,B002
105819,01/12/2025,16:26,P010,L,1,1290,1290,860,Online,Dine-in,B002
105820,01/12/2025,14:32,P010,M,2,990,1980,660,Online,Dine-in,B002
105821,01/12/2025,21:49,P003,M,3,945,2835,630,Card,Takeaway,B001
105822,01/12/2025,18:09,P011,M,2,1260,2520,900,Card,Dine-in,B002
105823,01/12/2025,21:45,P003,S,2,645,1290,430,Cash,Delivery,B001
105824,01/12/2025,11:24,P005,XL,1,1590,1590,1060,Cash,Delivery,B003
105825,01/12/2025,20:58,P014,M,1,1372,1372,980,Online,Takeaway,B003
105826,01/12/2025,20:19,P007,XL,3,1665,4995,1110,Online,Takeaway,B002
105827,01/12/2025,20:12,P009,L,2,1260,2520,840,Online,Takeaway,B002
105828,01/12/2025,22:33,P021,L,3,1520,4560,950,Online,Takeaway,B003
105829,01/12/2025,18:32,P006,L,1,1320,1320,880,Cash,Takeaway,B002
105830,02/12/2025,16:00,P002,M,1,975,975,650,Card,Takeaway,B003
105831,02/12/2025,13:00,P023,M,2,1360,2720,850,Card,Dine-in,B003
105832,02/12/2025,14:06,P024,M,2,1520,3040,950,Cash,Dine-in,B003
105833,02/12/2025,12:37,P025,L,3,2160,6480,1350,Card,Dine-in,B001
105834,02/12/2025,22:09,P022,M,2,1200,2400,750,Card,Delivery,B002
105835,02/12/2025,21:18,P010,S,1,690,690,460,Card,Dine-in,B001
105836,02/12/2025,12:12,P003,M,2,945,1890,630,Card,Takeaway,B003
105837,02/12/2025,16:00,P016,L,3,1170,3510,900,Cash,Takeaway,B002
105838,02/12/2025,11:30,P018,XL,1,1750,1750,1250,Online,Takeaway,B001
105839,02/12/2025,22:07,P008,M,2,930,1860,620,Card,Dine-in,B001
105840,02/12/2025,14:54,P002,L,2,1275,2550,850,Online,Dine-in,B001
105841,02/12/2025,11:02,P022,M,1,1200,1200,750,Online,Delivery,B002
105842,02/12/2025,12:53,P012,M,3,1330,3990,950,Online,Delivery,B003
105843,02/12/2025,17:50,P026,L,3,2320,6960,1450,Card,Dine-in,B003
105844,02/12/2025,22:30,P026,M,2,1840,3680,1150,Card,Dine-in,B001
105845,02/12/2025,16:00,P019,L,1,1372,1372,980,Online,Delivery,B001
105846,02/12/2025,11:59,P025,S,3,1200,3600,750,Online,Takeaway,B002
105847,02/12/2025,21:59,P018,XL,2,1750,3500,1250,Online,Dine-in,B001
105848,03/12/2025,22:23,P006,M,1,1020,1020,680,Online,Delivery,B001
105849,03/12/2025,14:26,P005,M,2,990,1980,660,Online,Delivery,B003
105850,03/12/2025,19:05,P004,M,2,1050,2100,700,Card,Takeaway,B003
105851,03/12/2025,17:52,P015,S,3,980,2940,700,Card,Delivery,B002
105852,03/12/2025,18:17,P026,XL,3,2800,8400,1750,Cash,Takeaway,B002
105853,03/12/2025,20:52,P021,M,1,1040,1040,650,Cash,Takeaway,B001
105854,03/12/2025,16:29,P026,M,3,1840,5520,1150,Card,Dine-in,B001
105855,03/12/2025,14:21,P003,S,1,645,645,430,Card,Delivery,B002
105856,03/12/2025,11:18,P002,XL,3,1575,4725,1050,Online,Takeaway,B003
105857,03/12/2025,11:25,P002,S,2,675,1350,450,Cash,Dine-in,B001
105858,03/12/2025,20:02,P008,XL,3,1530,4590,1020,Online,Delivery,B002
105859,03/12/2025,22:58,P017,L,1,1288,1288,920,Online,Takeaway,B002
105860,03/12/2025,12:58,P004,S,1,750,750,500,Card,Delivery,B003
105861,03/12/2025,18:37,P007,XL,1,1665,1665,1110,Cash,Dine-in,B001
105862,03/12/2025,19:31,P009,L,2,1260,2520,840,Cash,Takeaway,B003
105863,03/12/2025,14:52,P008,XL,3,1530,4590,1020,Cash,Takeaway,B002
105864,03/12/2025,21:45,P008,M,1,930,930,620,Cash,Dine-in,B002
105865,04/12/2025,19:09,P005,S,2,690,1380,460,Card,Takeaway,B001
105866,04/12/2025,12:48,P017,S,2,448,896,320,Online,Delivery,B001
105867,04/12/2025,21:34,P017,XL,2,1708,3416,1220,Card,Takeaway,B001
105868,04/12/2025,17:59,P022,M,3,1200,3600,750,Card,Dine-in,B003
105869,04/12/2025,11:37,P019,XL,3,1792,5376,1280,Card,Dine-in,B001
105870,04/12/2025,20:48,P004,XL,1,1650,1650,1100,Online,Delivery,B001
105871,04/12/2025,19:02,P023,L,1,1840,1840,1150,Card,Takeaway,B002
105872,04/12/2025,20:33,P018,L,2,1330,2660,950,Online,Dine-in,B002
105873,04/12/2025,20:39,P026,L,2,2320,4640,1450,Cash,Delivery,B001
105874,04/12/2025,19:13,P022,XL,1,2160,2160,1350,Online,Takeaway,B001
105875,04/12/2025,15:52,P007,XL,3,1665,4995,1110,Card,Takeaway,B003
105876,04/12/2025,21:53,P023,M,1,1360,1360,850,Cash,Delivery,B002
105877,04/12/2025,11:14,P012,L,1,1750,1750,1250,Card,Delivery,B003
105878,04/12/2025,13:10,P013,M,1,1302,1302,930,Card,Delivery,B002
105879,04/12/2025,11:21,P022,S,2,720,1440,450,Card,Delivery,B003
105880,04/12/2025,18:06,P005,S,3,690,2070,460,Online,Dine-in,B002
105881,04/12/2025,12:00,P022,XL,2,2160,4320,1350,Card,Takeaway,B002
105882,04/12/2025,18:39,P012,M,1,1330,1330,950,Online,Dine-in,B002
105883,05/12/2025,19:44,P011,M,3,1260,3780,900,Online,Dine-in,B003
105884,05/12/2025,16:17,P014,M,2,1372,2744,980,Online,Dine-in,B002
105885,05/12/2025,11:55,P016,S,2,420,840,300,Card,Delivery,B001
105886,05/12/2025,11:21,P025,S,3,1200,3600,750,Online,Takeaway,B003
105887,05/12/2025,20:56,P007,S,2,765,1530,510,Online,Takeaway,B003
105888,05/12/2025,16:28,P018,S,3,490,1470,350,Online,Delivery,B002
105889,05/12/2025,13:53,P018,XL,3,1750,5250,1250,Online,Dine-in,B003
105890,05/12/2025,21:21,P016,S,1,420,420,300,Online,Takeaway,B001
105891,05/12/2025,21:25,P019,XL,2,1792,3584,1280,Online,Dine-in,B001
105892,05/12/2025,21:26,P001,XL,1,1500,1500,1000,Online,Takeaway,B001
105893,05/12/2025,22:44,P006,XL,2,1620,3240,1080,Online,Dine-in,B001
105894,05/12/2025,22:30,P026,M,3,1840,5520,1150,Card,Dine-in,B001
105895,05/12/2025,19:29,P010,XL,1,1590,1590,1060,Online,Dine-in,B003
105896,05/12/2025,12:58,P013,XL,3,2142,6426,1530,Cash,Dine-in,B001
105897,05/12/2025,21:53,P019,XL,2,1792,3584,1280,Cash,Dine-in,B003
105898,05/12/2025,12:44,P003,L,1,1245,1245,830,Card,Takeaway,B001
105899,05/12/2025,11:25,P026,M,3,1840,5520,1150,Card,Takeaway,B003
105900,06/12/2025,17:46,P023,XL,2,2320,4640,1450,Online,Delivery,B003
105901,06/12/2025,12:11,P016,S,2,420,840,300,Card,Dine-in,B002
105902,06/12/2025,18:38,P009,S,2,660,1320,440,Card,Delivery,B002
105903,06/12/2025,21:12,P013,M,1,1302,1302,930,Cash,Dine-in,B001
105904,06/12/2025,22:30,P026,XL,2,2800,5600,1750,Cash,Delivery,B003
105905,06/12/2025,17:14,P026,L,1,2320,2320,1450,Online,Delivery,B003
105906,06/12/2025,16:36,P004,XL,1,1650,1650,1100,Online,Dine-in,B003
105907,06/12/2025,14:22,P022,S,3,720,2160,450,Card,Delivery,B001
105908,06/12/2025,18:17,P024,S,3,1040,3120,650,Card,Dine-in,B002
105909,06/12/2025,14:24,P002,M,2,975,1950,650,Online,Delivery,B001
105910,06/12/2025,13:59,P014,XL,1,2212,2212,1580,Online,Dine-in,B002
105911,06/12/2025,11:19,P021,M,3,1040,3120,650,Card,Delivery,B002
105912,06/12/2025,11:46,P015,L,2,1820,3640,1300,Cash,Delivery,B003
105913,06/12/2025,17:31,P019,XL,2,1792,3584,1280,Cash,Delivery,B003
105914,06/12/2025,17:19,P017,M,3,868,2604,620,Cash,Dine-in,B003
105915,06/12/2025,11:50,P022,XL,3,2160,6480,1350,Card,Takeaway,B003
105916,06/12/2025,15:50,P018,M,3,910,2730,650,Online,Dine-in,B002
105917,07/12/2025,17:01,P007,M,2,1065,2130,710,Online,Takeaway,B002
105918,07/12/2025,17:09,P011,S,3,840,2520,600,Card,Dine-in,B002
105919,07/12/2025,22:54,P011,S,2,840,1680,600,Card,Dine-in,B002
105920,07/12/2025,13:32,P018,M,2,910,1820,650,Cash,Dine-in,B003
105921,07/12/2025,14:33,P006,XL,1,1620,1620,1080,Card,Dine-in,B003
105922,07/12/2025,15:18,P026,S,2,1360,2720,850,Card,Dine-in,B003
105923,07/12/2025,15:11,P006,S,2,720,1440,480,Online,Takeaway,B001
105924,07/12/2025,15:59,P004,M,2,1050,2100,700,Cash,Delivery,B001
105925,07/12/2025,11:52,P010,M,2,990,1980,660,Online,Delivery,B002
105926,07/12/2025,17:40,P001,S,2,600,1200,400,Cash,Dine-in,B003
105927,07/12/2025,21:34,P026,S,2,1360,2720,850,Online,Takeaway,B003
105928,07/12/2025,16:05,P002,XL,3,1575,4725,1050,Cash,Takeaway,B003
105929,07/12/2025,20:03,P017,M,3,868,2604,620,Cash,Delivery,B001
105930,07/12/2025,21:57,P013,M,1,1302,1302,930,Online,Delivery,B001
105931,07/12/2025,21:23,P022,XL,3,2160,6480,1350,Online,Takeaway,B003
105932,07/12/2025,14:18,P016,S,3,420,1260,300,Card,Takeaway,B002
105933,07/12/2025,19:58,P016,XL,3,1560,4680,1200,Card,Delivery,B003
105934,07/12/2025,16:24,P009,S,3,660,1980,440,Cash,Delivery,B003
105935,08/12/2025,16:34,P001,M,1,900,900,600,Online,Delivery,B001
105936,08/12/2025,19:41,P007,L,3,1365,4095,910,Cash,Dine-in,B001
105937,08/12/2025,22:14,P015,L,3,1820,5460,1300,Card,Delivery,B002
105938,08/12/2025,13:34,P012,L,1,1750,1750,1250,Card,Dine-in,B003
105939,08/12/2025,13:17,P024,XL,3,2480,7440,1550,Card,Takeaway,B002
105940,08/12/2025,21:41,P011,S,2,840,1680,600,Card,Dine-in,B003
105941,08/12/2025,16:04,P014,XL,1,2212,2212,1580,Card,Dine-in,B003
105942,08/12/2025,13:31,P025,M,3,1680,5040,1050,Online,Dine-in,B001
105943,08/12/2025,15:37,P015,XL,2,2240,4480,1600,Online,Takeaway,B003
105944,08/12/2025,22:17,P012,S,1,910,910,650,Online,Dine-in,B002
105945,08/12/2025,19:12,P021,M,1,1040,1040,650,Cash,Delivery,B001
105946,08/12/2025,20:30,P021,L,1,1520,1520,950,Card,Dine-in,B001
105947,08/12/2025,16:47,P024,S,3,1040,3120,650,Cash,Dine-in,B001
105948,08/12/2025,22:28,P016,L,1,1170,1170,900,Cash,Delivery,B002
105949,08/12/2025,17:27,P019,L,2,1372,2744,980,Online,Delivery,B002
105950,08/12/2025,11:54,P005,L,1,1290,1290,860,Online,Delivery,B003
105951,08/12/2025,18:10,P006,XL,1,1620,1620,1080,Card,Delivery,B001
105952,09/12/2025,22:37,P012,XL,2,2170,4340,1550,Online,Dine-in,B001
105953,09/12/2025,11:33,P024,L,3,2000,6000,1250,Card,Delivery,B001
105954,09/12/2025,15:09,P018,S,1,490,490,350,Cash,Delivery,B002
105955,09/12/2025,20:00,P022,M,1,1200,1200,750,Online,Delivery,B001
105956,09/12/2025,11:26,P020,M,2,980,1960,700,Online,Dine-in,B003
105957,09/12/2025,13:51,P023,S,2,880,1760,550,Cash,Delivery,B001
105958,09/12/2025,16:13,P001,XL,3,1500,4500,1000,Cash,Dine-in,B003
105959,09/12/2025,22:57,P025,XL,2,2640,5280,1650,Card,Takeaway,B001
105960,09/12/2025,21:47,P018,L,2,1330,2660,950,Card,Dine-in,B003
105961,09/12/2025,21:22,P016,M,3,780,2340,600,Cash,Takeaway,B001
105962,09/12/2025,15:08,P009,L,1,1260,1260,840,Card,Takeaway,B001
105963,09/12/2025,17:44,P004,M,1,1050,1050,700,Card,Takeaway,B003
105964,09/12/2025,18:36,P007,S,2,765,1530,510,Card,Delivery,B003
105965,09/12/2025,11:14,P004,XL,1,1650,1650,1100,Online,Dine-in,B001
105966,09/12/2025,13:30,P004,L,2,1350,2700,900,Cash,Takeaway,B003
105967,09/12/2025,18:55,P013,L,2,1722,3444,1230,Online,Dine-in,B003
105968,09/12/2025,15:39,P007,M,1,1065,1065,710,Online,Delivery,B003
105969,09/12/2025,16:44,P003,L,1,1245,1245,830,Card,Delivery,B002
105970,10/12/2025,19:20,P015,XL,2,2240,4480,1600,Cash,Delivery,B003
105971,10/12/2025,13:38,P022,XL,3,2160,6480,1350,Card,Dine-in,B002
105972,10/12/2025,22:37,P001,S,2,600,1200,400,Cash,Takeaway,B001
105973,10/12/2025,11:55,P006,XL,3,1620,4860,1080,Card,Dine-in,B003
105974,10/12/2025,22:26,P019,XL,2,1792,3584,1280,Cash,Dine-in,B002
105975,10/12/2025,16:32,P018,XL,3,1750,5250,1250,Online,Dine-in,B002
105976,10/12/2025,12:08,P019,XL,2,1792,3584,1280,Online,Delivery,B003
105977,10/12/2025,19:28,P026,M,3,1840,5520,1150,Card,Dine-in,B003
105978,10/12/2025,22:43,P012,M,1,1330,1330,950,Card,Takeaway,B001
105979,10/12/2025,14:03,P009,XL,2,1560,3120,1040,Cash,Takeaway,B003
105980,10/12/2025,20:20,P003,S,3,645,1935,430,Online,Delivery,B002
105981,10/12/2025,17:24,P023,M,1,1360,1360,850,Cash,Delivery,B002
105982,10/12/2025,13:54,P022,XL,1,2160,2160,1350,Online,Dine-in,B002
105983,10/12/2025,14:38,P024,S,2,1040,2080,650,Card,Delivery,B001
105984,10/12/2025,21:33,P007,S,1,765,765,510,Cash,Delivery,B003
105985,10/12/2025,17:23,P002,XL,1,1575,1575,1050,Online,Takeaway,B002
105986,10/12/2025,21:01,P009,XL,1,1560,1560,1040,Card,Takeaway,B003
105987,11/12/2025,20:56,P004,M,1,1050,1050,700,Card,Takeaway,B002
105988,11/12/2025,14:27,P015,S,3,980,2940,700,Card,Takeaway,B001
105989,11/12/2025,19:28,P025,L,2,2160,4320,1350,Cash,Dine-in,B002
105990,11/12/2025,11:50,P003,XL,3,1545,4635,1030,Cash,Dine-in,B001
105991,11/12/2025,17:38,P011,S,3,840,2520,600,Card,Dine-in,B002
105992,11/12/2025,12:44,P014,M,1,1372,1372,980,Cash,Takeaway,B001
105993,11/12/2025,11:41,P026,L,3,2320,6960,1450,Cash,Dine-in,B003
105994,11/12/2025,15:28,P003,S,3,645,1935,430,Cash,Takeaway,B003
105995,11/12/2025,21:08,P002,M,1,975,975,650,Card,Delivery,B001
105996,11/12/2025,15:38,P012,S,3,910,2730,650,Cash,Takeaway,B002
105997,11/12/2025,11:20,P019,L,1,1372,1372,980,Card,Delivery,B001
105998,11/12/2025,15:54,P025,L,1,2160,2160,1350,Online,Delivery,B002
105999,11/12/2025,20:44,P007,L,1,1365,1365,910,Card,Dine-in,B003
106000,11/12/2025,11:28,P006,XL,1,1620,1620,1080,Card,Takeaway,B001
106001,11/12/2025,16:04,P023,M,1,1360,1360,850,Online,Delivery,B001
106002,11/12/2025,20:54,P018,XL,3,1750,5250,1250,Cash,Takeaway,B002
106003,11/12/2025,20:39,P008,M,3,930,2790,620,Card,Dine-in,B002
106004,12/12/2025,19:27,P026,XL,1,2800,2800,1750,Card,Takeaway,B003
106005,12/12/2025,21:41,P022,XL,3,2160,6480,1350,Card,Delivery,B001
106006,12/12/2025,16:42,P013,M,2,1302,2604,930,Card,Takeaway,B001
106007,12/12/2025,14:07,P001,M,2,900,1800,600,Cash,Takeaway,B001
106008,12/12/2025,22:02,P007,XL,2,1665,3330,1110,Card,Delivery,B001
106009,12/12/2025,12:42,P006,M,3,1020,3060,680,Online,Delivery,B001
106010,12/12/2025,14:54,P016,M,3,780,2340,600,Card,Takeaway,B001
106011,12/12/2025,16:43,P008,L,2,1230,2460,820,Online,Takeaway,B003
106012,12/12/2025,17:15,P020,M,1,980,980,700,Online,Dine-in,B002
106013,12/12/2025,15:32,P021,M,3,1040,3120,650,Online,Takeaway,B003
106014,12/12/2025,21:57,P011,M,3,1260,3780,900,Card,Takeaway,B001
106015,12/12/2025,20:46,P021,S,3,560,1680,350,Cash,Delivery,B001
106016,12/12/2025,18:19,P011,XL,1,2100,2100,1500,Cash,Delivery,B003
106017,12/12/2025,11:22,P024,XL,1,2480,2480,1550,Card,Dine-in,B001
106018,12/12/2025,14:26,P015,M,2,1400,2800,1000,Online,Delivery,B002
106019,12/12/2025,15:33,P021,M,2,1040,2080,650,Online,Takeaway,B003
106020,12/12/2025,11:14,P013,L,2,1722,3444,1230,Card,Dine-in,B001
106021,12/12/2025,22:41,P019,L,1,1372,1372,980,Online,Takeaway,B003
106022,13/12/2025,13:38,P014,L,3,1792,5376,1280,Online,Delivery,B001
106023,13/12/2025,16:44,P005,M,1,990,990,660,Card,Dine-in,B002
106024,13/12/2025,16:09,P022,S,1,720,720,450,Card,Dine-in,B003
106025,13/12/2025,17:20,P013,M,3,1302,3906,930,Online,Dine-in,B003
106026,13/12/2025,16:43,P020,M,1,980,980,700,Online,Takeaway,B003
106027,13/12/2025,20:30,P017,M,3,868,2604,620,Card,Dine-in,B001
106028,13/12/2025,22:45,P007,XL,3,1665,4995,1110,Cash,Delivery,B002
106029,13/12/2025,22:04,P019,XL,3,1792,5376,1280,Card,Dine-in,B003
106030,13/12/2025,13:25,P025,XL,1,2640,2640,1650,Cash,Takeaway,B001
106031,13/12/2025,19:04,P026,L,1,2320,2320,1450,Card,Takeaway,B001
106032,13/12/2025,20:05,P019,M,2,952,1904,680,Cash,Takeaway,B003
106033,13/12/2025,11:45,P010,L,1,1290,1290,860,Online,Dine-in,B003
106034,13/12/2025,22:22,P004,M,3,1050,3150,700,Cash,Dine-in,B001
106035,13/12/2025,22:31,P021,M,3,1040,3120,650,Card,Dine-in,B003
106036,13/12/2025,11:10,P011,M,2,1260,2520,900,Card,Takeaway,B001
106037,13/12/2025,21:19,P024,XL,1,2480,2480,1550,Cash,Delivery,B002
106038,13/12/2025,12:06,P026,L,2,2320,4640,1450,Card,Takeaway,B001
106039,14/12/2025,20:43,P018,L,1,1330,1330,950,Card,Delivery,B001
106040,14/12/2025,14:04,P010,L,3,1290,3870,860,Cash,Delivery,B003
106041,14/12/2025,15:39,P026,XL,2,2800,5600,1750,Card,Delivery,B003
106042,14/12/2025,15:31,P026,L,2,2320,4640,1450,Online,Delivery,B001
106043,14/12/2025,16:30,P026,S,3,1360,4080,850,Cash,Dine-in,B003
106044,14/12/2025,17:07,P022,XL,1,2160,2160,1350,Online,Dine-in,B001
106045,14/12/2025,21:32,P015,L,3,1820,5460,1300,Card,Delivery,B002
106046,14/12/2025,18:44,P022,XL,1,2160,2160,1350,Card,Dine-in,B003
106047,14/12/2025,14:11,P007,S,1,765,765,510,Online,Takeaway,B002
106048,14/12/2025,16:10,P022,XL,2,2160,4320,1350,Card,Takeaway,B002
106049,14/12/2025,21:44,P012,S,3,910,2730,650,Card,Takeaway,B003
106050,14/12/2025,21:14,P009,L,1,1260,1260,840,Card,Takeaway,B001
106051,14/12/2025,15:27,P026,L,2,2320,4640,1450,Online,Dine-in,B001
106052,14/12/2025,12:41,P022,M,3,1200,3600,750,Card,Delivery,B003
106053,14/12/2025,22:17,P011,M,1,1260,1260,900,Online,Dine-in,B001
106054,14/12/2025,17:48,P005,XL,2,1590,3180,1060,Online,Dine-in,B001
106055,14/12/2025,20:18,P015,L,1,1820,1820,1300,Online,Dine-in,B002
106056,14/12/2025,19:21,P020,S,1,560,560,400,Card,Dine-in,B003
106057,15/12/2025,20:47,P018,M,3,910,2730,650,Online,Dine-in,B001
106058,15/12/2025,20:22,P005,S,1,690,690,460,Cash,Delivery,B002
106059,15/12/2025,17:30,P022,S,1,720,720,450,Card,Takeaway,B002
106060,15/12/2025,15:18,P022,S,3,720,2160,450,Online,Dine-in,B002
106061,15/12/2025,20:14,P016,S,3,420,1260,300,Online,Delivery,B003
106062,15/12/2025,20:41,P022,XL,3,2160,6480,1350,Cash,Takeaway,B003
106063,15/12/2025,17:32,P001,S,1,600,600,400,Online,Delivery,B001
106064,15/12/2025,22:23,P005,S,2,690,1380,460,Card,Delivery,B002
106065,15/12/2025,17:48,P009,L,3,1260,3780,840,Cash,Dine-in,B002
106066,15/12/2025,14:27,P022,S,3,720,2160,450,Cash,Takeaway,B003
106067,15/12/2025,13:19,P019,L,1,1372,1372,980,Cash,Dine-in,B002
106068,15/12/2025,15:56,P023,XL,3,2320,6960,1450,Card,Takeaway,B001
106069,15/12/2025,13:15,P006,XL,2,1620,3240,1080,Cash,Dine-in,B002
106070,15/12/2025,21:22,P013,XL,1,2142,2142,1530,Card,Delivery,B003
106071,15/12/2025,20:46,P002,XL,2,1575,3150,1050,Card,Dine-in,B002
106072,15/12/2025,21:35,P021,S,2,560,1120,350,Cash,Dine-in,B001
106073,15/12/2025,20:09,P011,XL,1,2100,2100,1500,Cash,Takeaway,B002
106074,16/12/2025,21:34,P022,S,1,720,720,450,Online,Delivery,B003
106075,16/12/2025,14:08,P021,M,3,1040,3120,650,Online,Takeaway,B003
106076,16/12/2025,15:24,P010,XL,2,1590,3180,1060,Online,Delivery,B002
106077,16/12/2025,22:29,P006,XL,2,1620,3240,1080,Card,Takeaway,B003
106078,16/12/2025,12:28,P020,S,1,560,560,400,Cash,Dine-in,B003
106079,16/12/2025,18:01,P026,L,1,2320,2320,1450,Cash,Delivery,B002
106080,16/12/2025,11:51,P014,M,2,1372,2744,980,Card,Dine-in,B002
106081,16/12/2025,16:37,P016,XL,2,1560,3120,1200,Cash,Delivery,B001
106082,16/12/2025,17:59,P023,L,2,1840,3680,1150,Cash,Takeaway,B001
106083,16/12/2025,18:40,P017,S,1,448,448,320,Card,Takeaway,B001
106084,16/12/2025,14:19,P013,L,3,1722,5166,1230,Card,Takeaway,B001
106085,16/12/2025,18:01,P017,M,3,868,2604,620,Online,Takeaway,B002
106086,16/12/2025,15:22,P011,XL,2,2100,4200,1500,Cash,Dine-in,B001
106087,16/12/2025,18:59,P019,L,3,1372,4116,980,Online,Takeaway,B001
106088,16/12/2025,17:56,P015,M,3,1400,4200,1000,Card,Dine-in,B002
106089,16/12/2025,22:50,P012,L,1,1750,1750,1250,Online,Dine-in,B002
106090,16/12/2025,18:57,P017,XL,1,1708,1708,1220,Online,Takeaway,B003
106091,17/12/2025,19:01,P024,L,1,2000,2000,1250,Online,Takeaway,B001
106092,17/12/2025,19:53,P004,XL,3,1650,4950,1100,Card,Takeaway,B003
106093,17/12/2025,22:56,P026,XL,3,2800,8400,1750,Card,Takeaway,B002
106094,17/12/2025,19:53,P025,M,3,1680,5040,1050,Card,Delivery,B003
106095,17/12/2025,15:00,P020,M,1,980,980,700,Cash,Dine-in,B002
106096,17/12/2025,16:45,P017,XL,2,1708,3416,1220,Online,Delivery,B001
106097,17/12/2025,22:07,P023,S,2,880,1760,550,Card,Delivery,B001
106098,17/12/2025,22:26,P025,L,1,2160,2160,1350,Cash,Dine-in,B001
106099,17/12/2025,18:04,P024,XL,3,2480,7440,1550,Online,Takeaway,B003
106100,17/12/2025,19:19,P019,XL,2,1792,3584,1280,Cash,Delivery,B003
106101,17/12/2025,12:01,P020,S,3,560,1680,400,Cash,Dine-in,B001
106102,17/12/2025,13:05,P023,XL,1,2320,2320,1450,Card,Dine-in,B003
106103,17/12/2025,18:24,P009,M,3,960,2880,640,Card,Takeaway,B003
106104,17/12/2025,18:31,P020,M,2,980,1960,700,Card,Takeaway,B003
106105,17/12/2025,17:41,P002,XL,1,1575,1575,1050,Online,Dine-in,B003
106106,17/12/2025,17:58,P025,XL,1,2640,2640,1650,Online,Dine-in,B001
106107,17/12/2025,12:29,P023,S,1,880,880,550,Online,Dine-in,B002
106108,17/12/2025,17:36,P021,L,1,1520,1520,950,Cash,Delivery,B001
106109,18/12/2025,14:47,P017,S,2,448,896,320,Online,Delivery,B001
106110,18/12/2025,17:03,P001,S,3,600,1800,400,Cash,Delivery,B002
106111,18/12/2025,19:34,P021,XL,3,2000,6000,1250,Online,Dine-in,B001
106112,18/12/2025,18:10,P026,S,1,1360,1360,850,Online,Delivery,B002
106113,18/12/2025,16:29,P020,M,2,980,1960,700,Online,Delivery,B003
106114,18/12/2025,11:10,P017,S,3,448,1344,320,Card,Dine-in,B001
106115,18/12/2025,11:09,P023,M,2,1360,2720,850,Cash,Takeaway,B003
106116,18/12/2025,13:46,P025,M,3,1680,5040,1050,Card,Delivery,B003
106117,18/12/2025,21:00,P002,S,2,675,1350,450,Cash,Takeaway,B001
106118,18/12/2025,15:55,P009,S,3,660,1980,440,Cash,Delivery,B002
106119,18/12/2025,22:46,P003,M,1,945,945,630,Cash,Dine-in,B001
106120,18/12/2025,12:19,P022,XL,1,2160,2160,1350,Cash,Delivery,B002
106121,18/12/2025,11:42,P008,M,2,930,1860,620,Online,Dine-in,B001
106122,18/12/2025,22:27,P006,S,3,720,2160,480,Cash,Delivery,B001
106123,18/12/2025,21:38,P013,M,2,1302,2604,930,Card,Delivery,B002
106124,18/12/2025,21:28,P001,S,2,600,1200,400,Cash,Takeaway,B001
106125,18/12/2025,20:15,P022,M,3,1200,3600,750,Card,Dine-in,B003
106126,19/12/2025,21:09,P009,XL,2,1560,3120,1040,Online,Takeaway,B002
106127,19/12/2025,21:46,P023,S,3,880,2640,550,Cash,Delivery,B001
106128,19/12/2025,14:42,P008,L,1,1230,1230,820,Card,Takeaway,B001
106129,19/12/2025,18:40,P003,L,3,1245,3735,830,Online,Takeaway,B003
106130,19/12/2025,21:08,P005,M,1,990,990,660,Online,Delivery,B001
106131,19/12/2025,20:58,P014,XL,3,2212,6636,1580,Online,Takeaway,B002
106132,19/12/2025,17:53,P004,XL,1,1650,1650,1100,Cash,Delivery,B002
106133,19/12/2025,18:33,P022,M,1,1200,1200,750,Cash,Takeaway,B003
106134,19/12/2025,20:35,P008,S,2,630,1260,420,Cash,Dine-in,B003
106135,19/12/2025,19:47,P013,S,3,882,2646,630,Cash,Delivery,B002
106136,19/12/2025,21:03,P020,S,2,560,1120,400,Card,Delivery,B003
106137,19/12/2025,15:40,P025,M,3,1680,5040,1050,Online,Dine-in,B003
106138,19/12/2025,14:23,P013,S,2,882,1764,630,Online,Delivery,B002
106139,19/12/2025,22:22,P018,XL,1,1750,1750,1250,Cash,Delivery,B002
106140,19/12/2025,12:19,P018,XL,2,1750,3500,1250,Online,Delivery,B002
106141,19/12/2025,14:57,P006,XL,2,1620,3240,1080,Online,Delivery,B001
106142,19/12/2025,18:03,P005,L,3,1290,3870,860,Cash,Takeaway,B003
106143,19/12/2025,19:36,P012,S,3,910,2730,650,Online,Dine-in,B001
106144,20/12/2025,14:31,P012,L,1,1750,1750,1250,Card,Delivery,B002
106145,20/12/2025,12:51,P024,XL,2,2480,4960,1550,Card,Delivery,B002
106146,20/12/2025,21:27,P006,L,3,1320,3960,880,Online,Takeaway,B003
106147,20/12/2025,17:52,P001,S,3,600,1800,400,Online,Takeaway,B002
106148,20/12/2025,16:01,P021,XL,3,2000,6000,1250,Online,Dine-in,B002
106149,20/12/2025,22:33,P009,S,2,660,1320,440,Cash,Dine-in,B002
106150,20/12/2025,12:53,P010,S,3,690,2070,460,Online,Dine-in,B003
106151,20/12/2025,12:58,P001,S,1,600,600,400,Cash,Takeaway,B003
106152,20/12/2025,19:00,P008,L,1,1230,1230,820,Online,Takeaway,B001
106153,20/12/2025,17:10,P002,L,1,1275,1275,850,Online,Dine-in,B002
106154,20/12/2025,14:39,P011,S,1,840,840,600,Card,Takeaway,B002
106155,20/12/2025,12:13,P023,XL,2,2320,4640,1450,Cash,Takeaway,B003
106156,20/12/2025,14:09,P010,S,1,690,690,460,Cash,Dine-in,B001
106157,20/12/2025,18:22,P007,S,3,765,2295,510,Cash,Takeaway,B002
106158,20/12/2025,17:21,P003,L,3,1245,3735,830,Card,Delivery,B001
106159,20/12/2025,15:46,P011,S,2,840,1680,600,Card,Dine-in,B002
106160,20/12/2025,21:19,P023,XL,1,2320,2320,1450,Card,Dine-in,B003
106161,21/12/2025,21:27,P009,XL,3,1560,4680,1040,Card,Dine-in,B003
106162,21/12/2025,12:05,P010,M,2,990,1980,660,Online,Dine-in,B001
106163,21/12/2025,16:02,P019,XL,2,1792,3584,1280,Cash,Delivery,B001
106164,21/12/2025,13:11,P009,M,1,960,960,640,Card,Dine-in,B001
106165,21/12/2025,11:11,P002,S,3,675,2025,450,Cash,Delivery,B003
106166,21/12/2025,20:31,P017,S,2,448,896,320,Card,Dine-in,B002
106167,21/12/2025,21:37,P001,L,1,1200,1200,800,Cash,Takeaway,B003
106168,21/12/2025,12:01,P016,L,3,1170,3510,900,Card,Takeaway,B003
106169,21/12/2025,14:18,P005,S,2,690,1380,460,Online,Dine-in,B003
106170,21/12/2025,16:11,P021,S,2,560,1120,350,Online,Takeaway,B002
106171,21/12/2025,16:47,P003,L,3,1245,3735,830,Cash,Delivery,B002
106172,21/12/2025,21:23,P017,M,3,868,2604,620,Online,Delivery,B002
106173,21/12/2025,12:03,P012,M,1,1330,1330,950,Card,Takeaway,B003
106174,21/12/2025,14:58,P015,L,1,1820,1820,1300,Online,Delivery,B001
106175,21/12/2025,19:57,P016,M,2,780,1560,600,Cash,Takeaway,B003
106176,21/12/2025,17:57,P016,XL,1,1560,1560,1200,Cash,Delivery,B001
106177,21/12/2025,21:53,P002,S,3,675,2025,450,Online,Takeaway,B002
106178,22/12/2025,13:44,P022,S,3,720,2160,450,Online,Dine-in,B003
106179,22/12/2025,19:07,P003,XL,3,1545,4635,1030,Online,Takeaway,B002
106180,22/12/2025,15:18,P025,S,3,1200,3600,750,Card,Dine-in,B003
106181,22/12/2025,20:59,P018,L,3,1330,3990,950,Online,Delivery,B001
106182,22/12/2025,15:22,P017,M,2,868,1736,620,Online,Delivery,B002
106183,22/12/2025,14:06,P008,XL,2,1530,3060,1020,Cash,Delivery,B003
106184,22/12/2025,15:11,P013,M,1,1302,1302,930,Online,Delivery,B002
106185,22/12/2025,18:57,P024,L,3,2000,6000,1250,Cash,Takeaway,B002
106186,22/12/2025,15:11,P018,S,3,490,1470,350,Online,Dine-in,B002
106187,22/12/2025,13:10,P011,XL,1,2100,2100,1500,Cash,Takeaway,B003
106188,22/12/2025,16:44,P014,S,2,952,1904,680,Online,Dine-in,B001
106189,22/12/2025,13:47,P021,L,2,1520,3040,950,Cash,Takeaway,B001
106190,22/12/2025,13:14,P025,XL,1,2640,2640,1650,Cash,Delivery,B003
106191,22/12/2025,18:48,P020,S,3,560,1680,400,Online,Dine-in,B002
106192,22/12/2025,17:56,P001,M,1,900,900,600,Card,Dine-in,B003
106193,22/12/2025,12:47,P024,S,3,1040,3120,650,Online,Takeaway,B002
106194,22/12/2025,19:49,P011,XL,3,2100,6300,1500,Card,Takeaway,B003
106195,22/12/2025,17:29,P002,M,3,975,2925,650,Card,Takeaway,B001
106196,23/12/2025,18:16,P005,XL,1,1590,1590,1060,Online,Takeaway,B002
106197,23/12/2025,11:49,P007,S,1,765,765,510,Cash,Delivery,B003
106198,23/12/2025,17:59,P004,XL,3,1650,4950,1100,Card,Takeaway,B003
106199,23/12/2025,16:22,P019,S,3,532,1596,380,Card,Dine-in,B003
106200,23/12/2025,20:01,P010,S,2,690,1380,460,Cash,Takeaway,B002
106201,23/12/2025,20:42,P009,XL,3,1560,4680,1040,Card,Takeaway,B002
106202,23/12/2025,12:13,P017,XL,2,1708,3416,1220,Cash,Takeaway,B001
106203,23/12/2025,14:34,P024,M,3,1520,4560,950,Online,Takeaway,B002
106204,23/12/2025,16:43,P008,L,1,1230,1230,820,Card,Delivery,B002
106205,23/12/2025,16:51,P017,M,2,868,1736,620,Card,Delivery,B002
106206,23/12/2025,17:33,P025,M,2,1680,3360,1050,Cash,Takeaway,B003
106207,23/12/2025,22:06,P010,M,1,990,990,660,Cash,Takeaway,B003
106208,23/12/2025,12:11,P015,M,1,1400,1400,1000,Cash,Dine-in,B002
106209,23/12/2025,18:08,P005,L,3,1290,3870,860,Card,Takeaway,B003
106210,23/12/2025,12:01,P019,M,1,952,952,680,Online,Dine-in,B002
106211,23/12/2025,17:25,P004,M,1,1050,1050,700,Card,Dine-in,B002
106212,23/12/2025,12:37,P005,L,1,1290,1290,860,Cash,Takeaway,B003
106213,24/12/2025,17:32,P007,M,2,1065,2130,710,Online,Takeaway,B001
106214,24/12/2025,12:37,P017,L,2,1288,2576,920,Online,Dine-in,B001
106215,24/12/2025,17:29,P004,XL,2,1650,3300,1100,Cash,Dine-in,B002
106216,24/12/2025,21:59,P001,L,1,1200,1200,800,Cash,Delivery,B003
106217,24/12/2025,22:06,P002,L,1,1275,1275,850,Online,Dine-in,B003
106218,24/12/2025,13:43,P006,L,1,1320,1320,880,Card,Takeaway,B002
106219,24/12/2025,17:12,P014,XL,3,2212,6636,1580,Online,Dine-in,B003
106220,24/12/2025,17:37,P010,S,3,690,2070,460,Cash,Takeaway,B001
106221,24/12/2025,20:47,P001,L,3,1200,3600,800,Card,Dine-in,B002
106222,24/12/2025,15:33,P020,XL,1,1820,1820,1300,Card,Takeaway,B003
106223,24/12/2025,19:47,P026,S,1,1360,1360,850,Card,Dine-in,B002
106224,24/12/2025,16:35,P008,L,3,1230,3690,820,Online,Dine-in,B001
106225,24/12/2025,19:20,P022,M,1,1200,1200,750,Online,Takeaway,B002
106226,24/12/2025,22:01,P012,M,3,1330,3990,950,Card,Dine-in,B001
106227,24/12/2025,21:22,P010,L,2,1290,2580,860,Card,Dine-in,B001
106228,24/12/2025,20:57,P016,M,1,780,780,600,Online,Delivery,B001
106229,24/12/2025,20:12,P006,XL,3,1620,4860,1080,Card,Dine-in,B003
106230,24/12/2025,16:20,P023,M,2,1360,2720,850,Card,Dine-in,B002
106231,25/12/2025,18:33,P004,S,3,750,2250,500,Cash,Dine-in,B001
106232,25/12/2025,22:06,P010,L,2,1290,2580,860,Card,Delivery,B003
106233,25/12/2025,21:30,P002,S,1,675,675,450,Online,Delivery,B003
106234,25/12/2025,22:48,P005,M,1,990,990,660,Online,Delivery,B002
106235,25/12/2025,22:13,P013,XL,1,2142,2142,1530,Online,Dine-in,B003
106236,25/12/2025,17:03,P015,S,3,980,2940,700,Card,Dine-in,B003
106237,25/12/2025,13:39,P001,S,2,600,1200,400,Card,Dine-in,B003
106238,25/12/2025,12:33,P009,XL,1,1560,1560,1040,Cash,Delivery,B003
106239,25/12/2025,18:34,P011,XL,1,2100,2100,1500,Card,Dine-in,B001
106240,25/12/2025,19:54,P024,M,1,1520,1520,950,Cash,Delivery,B003
106241,25/12/2025,14:56,P025,M,3,1680,5040,1050,Online,Takeaway,B001
106242,25/12/2025,11:58,P016,S,1,420,420,300,Card,Delivery,B002
106243,25/12/2025,16:05,P008,M,1,930,930,620,Card,Delivery,B001
106244,25/12/2025,22:42,P009,XL,3,1560,4680,1040,Online,Takeaway,B002
106245,25/12/2025,17:55,P025,M,1,1680,1680,1050,Online,Delivery,B003
106246,25/12/2025,12:04,P026,S,3,1360,4080,850,Card,Takeaway,B003
106247,25/12/2025,15:03,P018,L,1,1330,1330,950,Online,Takeaway,B002
106248,26/12/2025,11:37,P005,M,3,990,2970,660,Online,Delivery,B001
106249,26/12/2025,16:45,P025,XL,3,2640,7920,1650,Online,Dine-in,B002
106250,26/12/2025,12:51,P026,XL,1,2800,2800,1750,Cash,Dine-in,B001
106251,26/12/2025,14:57,P020,XL,1,1820,1820,1300,Card,Dine-in,B001
106252,26/12/2025,17:38,P006,XL,1,1620,1620,1080,Cash,Takeaway,B003
106253,26/12/2025,16:07,P016,S,1,420,420,300,Card,Takeaway,B001
106254,26/12/2025,13:53,P012,L,1,1750,1750,1250,Online,Delivery,B002
106255,26/12/2025,13:49,P001,L,3,1200,3600,800,Card,Delivery,B003
106256,26/12/2025,13:16,P016,S,3,420,1260,300,Online,Dine-in,B002
106257,26/12/2025,14:40,P005,S,2,690,1380,460,Cash,Dine-in,B001
106258,26/12/2025,13:02,P025,L,2,2160,4320,1350,Online,Dine-in,B003
106259,26/12/2025,18:57,P005,S,2,690,1380,460,Online,Delivery,B001
106260,26/12/2025,11:27,P010,M,2,990,1980,660,Card,Dine-in,B002
106261,26/12/2025,18:54,P012,XL,3,2170,6510,1550,Cash,Takeaway,B001
106262,26/12/2025,21:32,P010,S,3,690,2070,460,Card,Takeaway,B001
106263,26/12/2025,19:30,P014,XL,1,2212,2212,1580,Online,Takeaway,B003
106264,26/12/2025,16:06,P008,L,2,1230,2460,820,Online,Takeaway,B003
106265,27/12/2025,18:28,P023,M,3,1360,4080,850,Cash,Delivery,B003
106266,27/12/2025,14:23,P026,L,2,2320,4640,1450,Online,Dine-in,B002
106267,27/12/2025,13:14,P020,S,2,560,1120,400,Online,Dine-in,B003
106268,27/12/2025,11:51,P006,XL,2,1620,3240,1080,Card,Takeaway,B003
106269,27/12/2025,21:04,P005,XL,2,1590,3180,1060,Online,Takeaway,B003
106270,27/12/2025,20:11,P017,XL,2,1708,3416,1220,Online,Dine-in,B002
106271,27/12/2025,16:59,P020,L,1,1400,1400,1000,Cash,Delivery,B001
106272,27/12/2025,17:58,P026,XL,3,2800,8400,1750,Card,Dine-in,B001
106273,27/12/2025,11:17,P008,XL,2,1530,3060,1020,Cash,Dine-in,B003
106274,27/12/2025,13:52,P022,XL,2,2160,4320,1350,Online,Delivery,B001
106275,27/12/2025,22:51,P023,XL,1,2320,2320,1450,Cash,Takeaway,B001
106276,27/12/2025,14:10,P022,S,2,720,1440,450,Online,Dine-in,B002
106277,27/12/2025,12:45,P023,L,3,1840,5520,1150,Card,Takeaway,B003
106278,27/12/2025,21:40,P015,S,3,980,2940,700,Online,Takeaway,B002
106279,27/12/2025,16:05,P009,L,3,1260,3780,840,Cash,Dine-in,B002
106280,27/12/2025,22:59,P009,L,2,1260,2520,840,Cash,Dine-in,B002
106281,27/12/2025,20:54,P026,L,2,2320,4640,1450,Cash,Dine-in,B003
106282,27/12/2025,16:11,P006,XL,3,1620,4860,1080,Cash,Takeaway,B001
106283,28/12/2025,22:00,P011,XL,3,2100,6300,1500,Cash,Takeaway,B002
106284,28/12/2025,14:04,P025,M,3,1680,5040,1050,Online,Takeaway,B003
106285,28/12/2025,11:11,P010,S,3,690,2070,460,Cash,Delivery,B001
106286,28/12/2025,22:35,P016,M,3,780,2340,600,Cash,Dine-in,B002
106287,28/12/2025,12:49,P016,S,3,420,1260,300,Online,Takeaway,B002
106288,28/12/2025,13:10,P004,M,1,1050,1050,700,Card,Delivery,B001
106289,28/12/2025,16:12,P001,L,1,1200,1200,800,Cash,Takeaway,B002
106290,28/12/2025,20:54,P007,XL,2,1665,3330,1110,Card,Takeaway,B001
106291,28/12/2025,20:22,P023,M,2,1360,2720,850,Online,Takeaway,B002
106292,28/12/2025,13:36,P001,L,3,1200,3600,800,Online,Delivery,B003
106293,28/12/2025,18:41,P017,L,1,1288,1288,920,Cash,Dine-in,B002
106294,28/12/2025,11:15,P025,M,3,1680,5040,1050,Cash,Delivery,B001
106295,28/12/2025,22:09,P011,M,3,1260,3780,900,Cash,Delivery,B003
106296,28/12/2025,12:04,P017,M,2,868,1736,620,Online,Takeaway,B002
106297,28/12/2025,18:05,P017,M,2,868,1736,620,Card,Takeaway,B003
106298,28/12/2025,14:14,P001,M,3,900,2700,600,Cash,Dine-in,B001
106299,28/12/2025,18:59,P021,XL,3,2000,6000,1250,Online,Delivery,B001
106300,29/12/2025,21:01,P002,L,3,1275,3825,850,Cash,Dine-in,B002
106301,29/12/2025,22:37,P006,L,2,1320,2640,880,Cash,Dine-in,B002
106302,29/12/2025,21:34,P020,XL,2,1820,3640,1300,Card,Dine-in,B001
106303,29/12/2025,22:50,P009,S,3,660,1980,440,Card,Takeaway,B001
106304,29/12/2025,19:07,P005,L,2,1290,2580,860,Card,Delivery,B001
106305,29/12/2025,21:32,P018,XL,3,1750,5250,1250,Online,Dine-in,B001
106306,29/12/2025,18:10,P004,M,2,1050,2100,700,Cash,Dine-in,B003
106307,29/12/2025,15:34,P019,L,3,1372,4116,980,Cash,Takeaway,B001
106308,29/12/2025,16:33,P018,S,2,490,980,350,Cash,Dine-in,B001
106309,29/12/2025,17:21,P018,M,3,910,2730,650,Cash,Delivery,B001
106310,29/12/2025,19:34,P002,L,1,1275,1275,850,Card,Takeaway,B002
106311,29/12/2025,15:59,P014,S,3,952,2856,680,Cash,Takeaway,B003
106312,29/12/2025,18:06,P012,M,1,1330,1330,950,Cash,Dine-in,B001
106313,29/12/2025,11:00,P007,S,3,765,2295,510,Online,Dine-in,B002
106314,29/12/2025,12:40,P004,M,3,1050,3150,700,Cash,Delivery,B001
106315,29/12/2025,20:33,P010,M,1,990,990,660,Online,Dine-in,B001
106316,29/12/2025,16:12,P024,S,2,1040,2080,650,Cash,Takeaway,B002
106317,29/12/2025,16:42,P004,XL,3,1650,4950,1100,Online,Delivery,B002
106318,30/12/2025,18:50,P016,M,2,780,1560,600,Card,Takeaway,B003
106319,30/12/2025,16:44,P019,L,3,1372,4116,980,Cash,Takeaway,B001
106320,30/12/2025,13:10,P017,M,2,868,1736,620,Cash,Delivery,B001
106321,30/12/2025,12:10,P015,S,1,980,980,700,Card,Takeaway,B003
106322,30/12/2025,15:56,P004,M,3,1050,3150,700,Cash,Dine-in,B002
106323,30/12/2025,19:36,P013,XL,2,2142,4284,1530,Cash,Dine-in,B003
106324,30/12/2025,14:23,P011,L,3,1680,5040,1200,Cash,Takeaway,B001
106325,30/12/2025,19:33,P024,L,1,2000,2000,1250,Card,Delivery,B002
106326,30/12/2025,21:26,P016,M,3,780,2340,600,Online,Delivery,B001
106327,30/12/2025,20:32,P018,L,1,1330,1330,950,Cash,Delivery,B001
106328,30/12/2025,18:41,P002,L,1,1275,1275,850,Card,Takeaway,B002
106329,30/12/2025,20:02,P012,M,3,1330,3990,950,Card,Takeaway,B003
106330,30/12/2025,11:46,P015,S,2,980,1960,700,Cash,Takeaway,B001
106331,30/12/2025,13:53,P011,S,3,840,2520,600,Online,Takeaway,B001
106332,30/12/2025,17:57,P021,S,1,560,560,350,Card,Dine-in,B001
106333,30/12/2025,14:11,P024,L,2,2000,4000,1250,Cash,Dine-in,B002
106334,30/12/2025,20:35,P004,XL,2,1650,3300,1100,Online,Takeaway,B003
106335,31/12/2025,22:22,P022,S,1,720,720,450,Card,Takeaway,B001
106336,31/12/2025,16:20,P024,S,3,1040,3120,650,Online,Delivery,B002
106337,31/12/2025,20:04,P026,S,3,1360,4080,850,Online,Dine-in,B003
106338,31/12/2025,15:51,P023,M,1,1360,1360,850,Online,Takeaway,B003
106339,31/12/2025,12:01,P016,XL,1,1560,1560,1200,Card,Dine-in,B003
106340,31/12/2025,13:11,P022,XL,1,2160,2160,1350,Online,Dine-in,B001
106341,31/12/2025,15:02,P011,L,3,1680,5040,1200,Cash,Delivery,B003
106342,31/12/2025,14:19,P016,M,1,780,780,600,Card,Takeaway,B003
106343,31/12/2025,19:01,P015,S,3,980,2940,700,Online,Delivery,B002
106344,31/12/2025,21:24,P023,M,3,1360,4080,850,Cash,Takeaway,B002
106345,31/12/2025,12:09,P002,XL,1,1575,1575,1050,Cash,Takeaway,B002
106346,31/12/2025,15:15,P019,L,3,1372,4116,980,Cash,Dine-in,B003
106347,31/12/2025,22:28,P004,L,2,1350,2700,900,Cash,Dine-in,B002
106348,31/12/2025,17:42,P018,S,1,490,490,350,Cash,Delivery,B001
106349,31/12/2025,16:12,P008,XL,1,1530,1530,1020,Card,Dine-in,B002
106350,31/12/2025,13:33,P018,XL,1,1750,1750,1250,Online,Takeaway,B002
106351,31/12/2025,16:58,P020,L,3,1400,4200,1000,Cash,Delivery,B003
